match_id,game_id,map_name,picked_by_team,duration,score0,score1,performance_available,economy_available
101859,85117,Breeze,1,48:47,7,13,true,true
101859,85118,Ascent,0,47:20,7,13,true,true
101860,85120,Bind,1,45:25,13,6,true,true
101860,85121,Ascent,0,48:40,13,6,true,true
101861,85123,Fracture,0,38:38,13,5,true,true
101861,85124,Icebox,1,44:01,7,13,true,true
101861,85125,Ascent,,54:13,13,10,true,true
101862,85126,Breeze,1,42:54,13,5,true,true
101862,85127,Fracture,0,35:14,4,13,true,true
101862,85128,Ascent,,47:50,13,6,true,true
101863,85129,Breeze,1,56:03,13,11,true,true
101863,85130,Fracture,0,56:46,12,14,true,true
101863,85131,Haven,,52:45,11,13,true,true
101864,85132,Breeze,0,50:18,8,13,true,true
101864,85133,Ascent,1,48:17,6,13,true,true
101865,85135,Fracture,0,41:34,13,5,true,true
101865,85136,Icebox,1,50:23,6,13,true,true
101865,85137,Split,,53:20,13,8,true,true
101866,85138,Bind,0,36:27,3,13,true,true
101866,85139,Haven,1,50:55,13,10,true,true
101866,85140,Ascent,,41:32,13,4,true,true
101867,85141,Breeze,0,55:16,13,10,true,true
101867,85142,Ascent,1,36:21,13,4,true,true
101868,85144,Breeze,0,59:37,10,13,true,true
101868,85145,Split,1,53:06,10,13,true,true
101869,85147,Bind,1,48:49,6,13,true,true
101869,85148,Breeze,0,43:50,5,13,true,true
101870,85150,Haven,1,47:30,11,13,true,true
101870,85151,Fracture,0,33:31,6,13,true,true
101871,85153,Ascent,0,55:47,7,13,true,true
101871,85154,Bind,1,38:06,5,13,true,true
101872,85156,Breeze,1,39:33,2,13,true,true
101872,85157,Ascent,0,56:55,11,13,true,true
101873,85159,Bind,0,40:49,13,2,true,true
101873,85160,Breeze,1,48:34,9,13,true,true
101873,85161,Haven,,39:44,6,13,true,true
101874,85162,Split,0,55:01,9,13,true,true
101874,85163,Breeze,1,51:48,9,13,true,true
101875,85165,Fracture,,41:54,13,4,true,true
101875,85166,Haven,,35:57,13,2,true,true
101876,85168,Breeze,,38:50,13,2,true,true
101876,85169,Bind,,51:30,10,13,true,true
101876,85170,Fracture,,39:33,3,13,true,true
101877,85171,Haven,1,39:23,13,4,true,true
101877,85172,Ascent,0,39:30,13,4,true,true
101878,85174,Ascent,1,59:05,13,8,true,true
101878,85175,Icebox,0,53:39,11,13,true,true
101878,85176,Haven,,52:46,10,13,true,true
101879,85177,Bind,0,45:38,13,3,true,true
101879,85178,Breeze,1,40:20,13,4,true,true
101880,85180,Bind,1,54:35,9,13,true,true
101880,85181,Split,0,36:19,13,3,true,true
101880,85182,Ascent,,37:03,13,4,true,true
101881,85183,Split,1,1:00:25,13,11,true,true
101881,85184,Ascent,0,1:16:23,17,15,true,true
101882,85186,Fracture,0,51:12,13,9,true,true
101882,85187,Bind,1,48:55,9,13,true,true
101882,85188,Breeze,,46:13,13,10,true,true
101883,85189,Bind,1,45:43,13,10,true,true
101883,85190,Breeze,0,38:18,13,6,true,true
101884,85192,Bind,1,52:58,13,4,true,true
101884,85193,Split,0,45:10,8,13,true,true
101884,85194,Icebox,,29:17,3,13,true,true
101885,85195,Fracture,1,47:22,13,4,true,true
101885,85196,Haven,0,39:58,13,5,true,true
101886,85198,Fracture,0,35:36,3,13,true,true
101886,85199,Split,1,46:40,13,8,true,true
101886,85200,Ascent,,40:55,7,13,true,true
106159,87819,Haven,0,40:35,6,13,true,true
106159,87820,Split,1,47:17,13,8,true,true
106159,87821,Ascent,,53:22,13,10,true,true
106160,87822,Ascent,1,35:02,13,2,true,true
106160,87823,Bind,0,50:13,13,10,true,true
106161,87825,Split,1,37:04,13,6,true,true
106161,87826,Bind,0,1:00:54,16,14,true,true
106162,87828,Icebox,0,37:46,2,13,true,true
106162,87829,Breeze,1,40:03,7,13,true,true
106164,87831,Bind,0,50:48,13,11,true,true
106164,87832,Haven,1,37:09,3,13,true,true
106164,87833,Icebox,,1:01:55,12,14,true,true
106165,87834,Bind,0,48:35,13,10,true,true
106165,87835,Haven,1,41:36,13,8,true,true
106166,87837,Bind,1,40:43,13,7,true,true
106166,87838,Split,0,52:28,10,13,true,true
106166,87839,Haven,,52:47,13,10,true,true
106167,87840,Haven,1,44:25,13,10,true,true
106167,87841,Split,0,54:03,13,8,true,true
106168,87843,Bind,0,44:23,7,13,true,true
106168,87844,Haven,1,46:47,8,13,true,true
106169,87846,Ascent,0,55:17,13,10,true,true
106169,87847,Split,1,45:32,13,6,true,true
106170,87849,Ascent,1,55:23,9,13,true,true
106170,87850,Icebox,0,47:55,8,13,true,true
106171,87852,Fracture,1,40:57,7,13,true,true
106171,87853,Ascent,0,59:45,9,13,true,true
106172,87855,Breeze,1,44:42,13,6,true,true
106172,87856,Haven,0,44:22,13,9,true,true
106173,87858,Icebox,0,54:03,11,13,true,true
106173,87859,Haven,1,34:17,13,4,true,true
106173,87860,Fracture,0,40:57,4,13,true,true
106173,90133,Ascent,1,49:17,7,13,true,true
106421,88128,Ascent,0,45:31,6,13,true,true
106421,88129,Fracture,1,43:59,8,13,true,true
106422,88131,Bind,1,41:45,7,13,true,true
106422,88132,Breeze,0,44:59,13,9,true,true
106422,88133,Haven,,35:05,6,13,true,true
106423,88134,Haven,0,43:09,13,4,true,true
106423,88135,Icebox,1,29:30,13,2,true,true
106424,88137,Bind,,49:10,13,10,true,true
106424,88138,Haven,,47:05,13,10,true,true
106425,88140,Haven,,51:04,10,13,true,true
106425,88141,Bind,,34:49,5,13,true,true
106426,88143,Breeze,,33:15,13,2,true,true
106426,88144,Split,,36:36,13,4,true,true
106910,88546,Bind,1,46:57,13,10,true,true
106910,88547,Fracture,0,53:22,12,14,true,true
106910,88548,Icebox,,42:36,13,7,true,true
106911,88549,Ascent,0,49:11,13,9,true,true
106911,88550,Breeze,1,42:10,13,7,true,true
106912,88552,Ascent,0,52:11,13,9,true,true
106912,88553,Split,1,52:10,9,13,true,true
106912,88554,Icebox,,46:50,13,6,true,true
106913,88555,Haven,1,53:05,13,6,true,true
106913,88556,Breeze,0,36:52,4,13,true,true
106913,88557,Ascent,,56:40,9,13,true,true
106914,88558,Split,1,44:19,7,13,true,true
106914,88559,Fracture,0,32:58,13,4,true,true
106914,88560,Ascent,,46:44,13,9,true,true
106915,88561,Icebox,0,47:32,8,13,true,true
106915,88562,Breeze,1,44:25,8,13,true,true
106916,88564,Bind,0,53:29,13,11,true,true
106916,88565,Split,1,34:19,13,3,true,true
106917,88567,Icebox,1,53:34,13,2,true,true
106917,88568,Bind,0,49:59,7,13,true,true
106917,88569,Ascent,,35:53,1,13,true,true
106918,88570,Haven,0,46:10,13,8,true,true
106918,88571,Fracture,1,41:15,4,13,true,true
106918,88572,Ascent,,42:21,13,6,true,true
106919,88573,Haven,0,53:37,13,11,true,true
106919,88574,Fracture,1,41:16,5,13,true,true
106919,88575,Icebox,,1:01:40,12,14,true,true
106920,88576,Ascent,1,40:35,13,7,true,true
106920,88577,Bind,0,35:34,13,2,true,true
106921,88579,Breeze,0,55:20,8,13,true,true
106921,88580,Icebox,1,40:41,5,13,true,true
106922,88582,Haven,1,34:28,13,3,true,true
106922,88583,Ascent,0,52:44,10,13,true,true
106922,88584,Icebox,,56:02,8,13,true,true
106923,88585,Icebox,1,46:13,13,8,true,true
106923,88586,Fracture,0,35:08,13,4,true,true
106923,88587,Breeze,1,35:41,13,5,true,true
107023,88590,Bind,0,49:13,7,13,true,true
107023,88591,Breeze,1,1:04:35,14,16,true,true
107024,88593,Split,1,51:36,8,13,true,true
107024,88594,Icebox,0,51:42,13,8,true,true
107024,88595,Haven,,58:05,12,14,true,true
107025,88596,Breeze,1,46:46,13,6,true,true
107025,88597,Fracture,0,49:04,13,11,true,true
107026,88599,Icebox,0,44:07,13,6,true,true
107026,88600,Ascent,1,1:01:42,12,14,true,true
107026,88601,Fracture,,52:57,13,9,true,true
107065,88602,Breeze,1,50:16,8,13,true,true
107065,88603,Fracture,0,41:50,5,13,true,true
107065,88604,Icebox,1,52:56,10,13,true,true
107141,88609,Split,1,52:02,9,13,true,true
107141,88610,Fracture,0,37:57,13,5,true,true
107141,88611,Breeze,,57:22,14,12,true,true
107142,88612,Breeze,0,50:13,7,13,true,true
107142,88613,Icebox,1,1:02:49,12,14,true,true
107143,88615,Split,1,57:00,10,13,true,true
107143,88616,Fracture,0,41:47,13,7,true,true
107143,88617,Icebox,,53:34,11,13,true,true
107144,88618,Breeze,0,46:18,8,13,true,true
107144,88619,Icebox,1,46:53,9,13,true,true
107435,88723,Icebox,0,51:29,13,10,true,true
107435,88724,Ascent,1,38:22,13,4,true,true
107436,88726,Breeze,1,41:34,13,5,true,true
107436,88727,Haven,0,34:26,13,3,true,true
107525,88794,Split,1,1:07:09,15,13,true,true
107525,88795,Icebox,0,45:26,13,5,true,true
107525,88796,Haven,1,1:00:33,15,13,true,true
107526,88799,Fracture,1,40:25,4,13,true,true
107526,88800,Haven,0,54:59,11,13,true,true
107526,88801,Split,1,45:13,4,13,true,true
107527,88804,Haven,0,31:28,3,13,true,true
107527,88805,Icebox,1,55:28,13,11,true,true
107527,88806,Breeze,,35:00,13,3,true,true
107528,88807,Icebox,1,51:46,10,13,true,true
107528,88808,Fracture,0,42:09,13,7,true,true
107528,88809,Bind,,43:38,13,6,true,true
107529,88810,Bind,1,55:33,9,13,true,true
107529,88811,Haven,0,55:13,11,13,true,true
107530,88813,Ascent,0,58:11,13,11,true,true
107530,88814,Breeze,1,51:29,9,13,true,true
107530,88815,Fracture,,34:43,13,4,true,true
107737,88852,Haven,1,46:45,13,7,true,true
107737,88853,Icebox,0,55:34,11,13,true,true
107737,88854,Ascent,1,53:02,11,13,true,true
107737,88855,Breeze,0,42:26,6,13,true,true
107739,88857,Bind,0,35:52,13,3,true,true
107739,88858,Ascent,1,50:36,8,13,true,true
107739,88859,Split,,57:41,11,13,true,true
107740,88860,Split,0,55:39,14,12,true,true
107740,88861,Fracture,1,49:53,10,13,true,true
107740,88862,Breeze,,55:38,11,13,true,true
107741,88863,Icebox,0,1:05:39,11,13,true,true
107741,88864,Haven,1,48:36,13,8,true,true
107741,88865,Ascent,,49:29,8,13,true,true
107742,88866,Split,0,55:38,11,13,true,true
107742,88867,Breeze,1,53:34,13,10,true,true
107742,88868,Icebox,0,1:11:00,16,14,true,true
107742,88869,Ascent,1,51:15,13,4,true,true
107743,88871,Fracture,0,1:00:19,14,12,true,true
107743,88872,Haven,1,36:11,3,13,true,true
107743,88873,Bind,0,43:25,7,13,true,true
107743,88874,Ascent,1,56:22,11,13,true,true
108002,89121,Breeze,1,48:06,13,7,true,true
108002,89122,Bind,0,41:45,5,13,true,true
108002,89123,Ascent,,1:00:22,13,11,true,true
108003,89124,Bind,0,36:41,13,5,true,true
108003,89125,Icebox,1,59:57,13,10,true,true
108004,89127,Breeze,1,45:06,7,13,true,true
108004,89128,Icebox,0,54:09,10,13,true,true
108005,89130,Haven,1,57:19,10,13,true,true
108005,90216,Ascent,0,1:05:10,5,13,true,true
108005,90217,Split,,32:30,3,13,true,true
108006,89135,Bind,0,49:38,13,9,true,true
108006,89136,Icebox,1,54:20,13,9,true,true
108007,89138,Bind,1,55:29,13,11,true,true
108007,89139,Icebox,0,32:48,1,13,true,true
108007,89140,Split,1,46:49,6,13,true,true
108007,90135,Breeze,0,1:05:03,14,12,true,true
108007,90136,Ascent,,57:50,10,13,true,true
108010,89141,Bind,0,54:54,7,13,true,true
108010,89142,Haven,1,50:25,13,11,true,true
108010,89143,Fracture,,39:48,13,6,true,true
108011,89144,Breeze,1,58:33,13,11,true,true
108011,89145,Bind,0,51:30,13,11,true,true
108012,89147,Bind,1,53:05,13,7,true,true
108012,89148,Haven,0,36:01,13,3,true,true
108013,89150,Bind,0,41:21,13,3,true,true
108013,89151,Haven,1,49:48,11,13,true,true
108013,89152,Ascent,,39:10,3,13,true,true
108014,89153,Fracture,0,54:00,13,8,true,true
108014,89154,Split,1,48:44,13,10,true,true
108015,89156,Split,1,50:39,13,4,true,true
108015,89157,Haven,0,48:58,13,9,true,true
108015,89158,Ascent,1,35:54,13,3,true,true
108016,89161,Bind,0,1:17:29,11,13,true,true
108016,89162,Fracture,1,33:50,3,13,true,true
108017,89164,Split,1,1:02:48,14,12,true,true
108017,89165,Bind,0,49:54,10,13,true,true
108017,89166,Haven,,39:45,13,6,true,true
108018,89167,Breeze,0,49:16,13,7,true,true
108018,89168,Bind,1,43:41,13,7,true,true
108019,89170,Ascent,0,54:33,9,13,true,true
108019,89171,Haven,1,34:44,13,6,true,true
108019,89172,Split,0,36:11,3,13,true,true
108019,89173,Breeze,1,1:10:36,14,16,true,true
108234,89221,Haven,1,46:49,8,13,true,true
108234,89222,Fracture,0,44:47,13,9,true,true
108234,89223,Icebox,,53:33,10,13,true,true
108235,89224,Breeze,0,52:51,10,13,true,true
108235,89225,Icebox,1,1:06:44,13,10,true,true
108235,89226,Split,,46:13,7,13,true,true
108236,89227,Breeze,0,33:55,13,3,true,true
108236,89228,Split,1,50:50,13,9,true,true
108237,89230,Icebox,1,37:24,13,4,true,true
108237,89231,Ascent,0,35:17,13,5,true,true
108238,89233,Icebox,0,38:23,13,4,true,true
108238,89234,Haven,1,34:39,13,5,true,true
108238,89235,Breeze,0,36:35,13,6,true,true
108239,89238,Bind,0,47:50,13,8,true,true
108239,89239,Fracture,1,48:24,13,10,true,true
108239,89240,Icebox,0,39:26,13,6,true,true
108240,89243,Breeze,0,1:22:54,20,18,true,true
108240,89244,Fracture,1,47:29,13,10,true,true
108241,89246,Icebox,1,59:15,10,13,true,true
108241,89247,Haven,0,53:54,13,11,true,true
108241,89248,Ascent,,49:43,13,9,true,true
108242,89249,Bind,0,44:47,13,7,true,true
108242,89250,Icebox,1,36:18,13,5,true,true
108243,89252,Ascent,0,56:14,13,15,true,true
108243,89253,Breeze,1,51:13,11,13,true,true
108243,89254,Icebox,0,52:19,13,10,true,true
108243,89255,Haven,1,49:52,13,11,true,true
108243,89256,Split,,37:44,13,6,true,true
112282,90553,Icebox,1,1:09:30,11,13,true,true
112282,90554,Split,0,1:08:42,14,16,true,true
112283,90556,Fracture,0,1:04:41,13,10,true,true
112283,90557,Haven,1,50:09,9,13,true,true
112283,90558,Icebox,,53:51,10,13,true,true
112284,90559,Bind,1,1:02:13,12,14,true,true
112284,90560,Fracture,0,47:36,13,6,true,true
112284,90561,Icebox,,1:10:28,16,14,true,true
112285,90562,Ascent,1,53:58,8,13,true,true
112285,90563,Fracture,0,47:02,13,8,true,true
112285,90564,Split,,1:00:53,14,12,true,true
112286,90565,Split,1,51:22,7,13,true,true
112286,90566,Haven,0,37:28,6,13,true,true
112287,90568,Bind,1,1:11:49,14,12,true,true
112287,90569,Ascent,0,43:57,9,13,true,true
112287,90570,Haven,,48:26,13,10,true,true
112288,90571,Ascent,1,59:59,13,8,true,true
112288,90572,Bind,0,40:01,13,1,true,true
112289,90574,Haven,1,1:03:36,13,8,true,true
112289,90575,Fracture,0,41:51,6,13,true,true
112289,90576,Breeze,,42:00,6,13,true,true
112290,90577,Split,1,51:41,13,9,true,true
112290,90578,Haven,0,45:29,8,13,true,true
112290,90579,Bind,,1:04:54,13,15,true,true
112291,90580,Fracture,1,54:35,13,9,true,true
112291,90581,Ascent,0,52:02,13,9,true,true
112320,90637,Ascent,1,36:24,13,4,true,true
112320,90638,Fracture,0,53:38,14,12,true,true
112321,90640,Icebox,0,1:00:53,13,10,true,true
112321,90641,Haven,1,35:22,13,4,true,true
112322,90643,Ascent,0,57:04,13,6,true,true
112322,90644,Breeze,1,41:41,5,13,true,true
112322,90645,Haven,,54:24,11,13,true,true
112323,90646,Haven,0,55:03,7,13,true,true
112323,90647,Bind,1,46:42,6,13,true,true
112324,90649,Ascent,1,1:05:46,13,11,true,true
112324,90650,Bind,0,51:16,13,10,true,true
112325,90652,Fracture,1,42:12,13,4,true,true
112325,90653,Breeze,0,40:49,4,13,true,true
112325,90654,Bind,,56:04,11,13,true,true
112326,90655,Haven,1,55:12,13,3,true,true
112326,90656,Bind,0,46:23,9,13,true,true
112326,90657,Fracture,,35:49,13,5,true,true
112327,90658,Bind,0,1:02:22,3,13,true,true
112327,90659,Icebox,1,42:43,13,7,true,true
112327,90660,Fracture,0,40:04,7,13,true,true
112327,90661,Haven,1,45:40,13,7,true,true
112327,90662,Breeze,,52:26,9,13,true,true
112328,90663,Ascent,1,1:08:45,11,13,true,true
112328,91833,Breeze,0,36:12,13,3,true,true
112328,91834,Bind,,40:51,4,13,true,true
112329,90664,Split,1,1:08:35,9,13,true,true
112329,91835,Ascent,0,1:08:36,15,13,true,true
112329,91836,Haven,,1:04:41,16,14,true,true
112330,90665,Ascent,1,56:20,9,13,true,true
112330,90666,Fracture,0,41:18,5,13,true,true
112331,90668,Fracture,0,1:10:49,14,12,true,true
112331,90669,Ascent,1,1:02:24,10,13,true,true
112331,90670,Bind,,1:12:29,17,15,true,true
112332,90671,Split,0,1:19:37,13,15,true,true
112332,90672,Bind,1,50:11,13,7,true,true
112332,90673,Fracture,,41:27,13,5,true,true
112334,90674,Split,0,1:16:43,6,13,true,true
112334,90675,Icebox,1,51:58,8,13,true,true
112334,90676,Bind,0,52:01,13,6,true,true
112334,90677,Fracture,1,51:08,7,13,true,true
112600,90911,Haven,1,37:34,5,13,true,true
112600,90912,Ascent,0,45:48,6,13,true,true
112601,90914,Split,1,53:47,9,13,true,true
112601,90915,Breeze,0,50:14,13,10,true,true
112601,90916,Fracture,,38:26,13,6,true,true
112602,90917,Ascent,1,56:08,13,11,true,true
112602,90918,Icebox,0,29:54,13,1,true,true
112603,90920,Haven,1,1:00:01,11,13,true,true
112603,90921,Split,0,57:48,13,11,true,true
112603,90922,Icebox,,56:12,9,13,true,true
112604,90923,Bind,0,50:34,8,13,true,true
112604,90924,Icebox,1,1:05:17,15,13,true,true
112604,90925,Ascent,,40:25,8,13,true,true
112605,90926,Breeze,1,50:54,13,9,true,true
112605,90927,Fracture,0,54:18,13,11,true,true
112606,90929,Breeze,0,1:00:03,8,13,true,true
112606,90930,Bind,1,42:16,13,8,true,true
112606,90931,Icebox,,1:16:38,18,16,true,true
112607,90932,Bind,0,51:23,13,8,true,true
112607,90933,Icebox,1,1:00:03,11,13,true,true
112607,90934,Ascent,0,41:20,6,13,true,true
112607,90935,Breeze,1,58:39,8,13,true,true
112608,90937,Fracture,0,49:37,8,13,true,true
112608,90938,Haven,1,50:03,13,11,true,true
112608,90939,Bind,,40:50,13,5,true,true
112609,90940,Haven,0,38:55,3,13,true,true
112609,90941,Fracture,1,54:32,10,13,true,true
112610,90943,Bind,1,1:21:02,10,13,true,true
112610,90944,Haven,0,34:53,3,13,true,true
112611,90946,Breeze,1,1:27:42,19,17,true,true
112611,90947,Haven,0,54:20,13,10,true,true
112612,90949,Bind,0,47:43,13,8,true,true
112612,90950,Haven,1,50:36,13,11,true,true
112613,90952,Bind,1,55:46,10,13,true,true
112613,90953,Icebox,0,58:20,13,10,true,true
112613,90954,Haven,,47:07,13,8,true,true
123033,93268,Ascent,0,51:00,13,11,true,true
123033,93269,Fracture,1,37:32,13,6,true,true
123034,93271,Haven,0,44:44,10,13,true,true
123034,93272,Bind,1,39:46,7,13,true,true
123035,93274,Haven,0,41:08,6,13,true,true
123035,93275,Split,1,1:08:15,13,10,true,true
123035,93276,Fracture,,25:04,1,13,true,true
123036,93277,Haven,0,36:53,13,6,true,true
123036,93278,Ascent,1,38:27,6,13,true,true
123036,93279,Bind,,44:05,9,13,true,true
123037,93280,Breeze,1,38:01,13,6,true,true
123037,93281,Ascent,0,43:05,13,9,true,true
123038,93283,Bind,1,31:48,13,3,true,true
123038,93284,Haven,0,46:07,13,10,true,true
123039,93286,Haven,1,35:40,13,7,true,true
123039,93287,Breeze,0,46:36,11,13,true,true
123039,93288,Bind,,40:42,7,13,true,true
123040,93289,Icebox,0,58:19,10,13,true,true
123040,93290,Ascent,1,1:18:41,18,16,true,true
123040,93291,Fracture,,36:19,13,6,true,true
123041,93292,Breeze,0,52:51,10,13,true,true
123041,93293,Fracture,1,1:15:26,17,19,true,true
123042,93295,Icebox,1,37:40,13,6,true,true
123042,93296,Bind,0,43:28,13,5,true,true
123043,93298,Breeze,0,34:16,13,5,true,true
123043,93299,Ascent,1,27:59,13,2,true,true
123044,93301,Haven,1,1:00:29,16,14,true,true
123044,93302,Fracture,0,39:09,9,13,true,true
123044,93303,Bind,,53:56,12,14,true,true
123045,93304,Icebox,1,36:09,13,5,true,true
123045,93305,Ascent,0,36:24,5,13,true,true
123045,93306,Breeze,,50:24,13,11,true,true
123046,93307,Breeze,0,56:17,13,11,true,true
123046,93308,Icebox,1,54:40,13,11,true,true
123047,93310,Breeze,0,53:50,13,11,true,true
123047,93311,Bind,1,52:27,11,13,true,true
123047,93312,Haven,,39:19,13,7,true,true
123048,93313,Fracture,1,54:44,11,13,true,true
123048,93314,Haven,0,52:59,13,11,true,true
123048,93315,Breeze,,55:13,11,13,true,true
123049,93316,Ascent,1,50:13,13,10,true,true
123049,93317,Icebox,0,54:35,10,13,true,true
123049,93318,Haven,,56:00,12,14,true,true
123050,93319,Bind,0,48:23,13,10,true,true
123050,93320,Haven,1,52:08,14,12,true,true
123050,93321,Fracture,0,45:01,11,13,true,true
123050,93322,Icebox,1,56:55,13,11,true,true
123322,93470,Breeze,1,1:06:26,13,15,true,true
123322,93471,Ascent,0,55:17,13,10,true,true
123322,93472,Icebox,,1:06:23,15,13,true,true
123323,93473,Ascent,1,51:02,10,13,true,true
123323,93474,Fracture,0,1:07:55,15,17,true,true
123324,93476,Icebox,1,56:58,11,13,true,true
123324,93477,Breeze,0,1:01:27,15,13,true,true
123324,93478,Ascent,,1:25:41,19,17,true,true
123325,93479,Icebox,0,59:42,13,11,true,true
123325,93480,Bind,1,46:56,7,13,true,true
123325,93481,Ascent,,59:21,11,13,true,true
123326,93482,Fracture,1,50:01,13,9,true,true
123326,93483,Ascent,0,54:15,13,11,true,true
123327,93485,Haven,1,41:09,13,6,true,true
123327,93486,Breeze,0,45:13,8,13,true,true
123327,93487,Ascent,,48:16,13,9,true,true
123328,93488,Haven,,44:03,13,5,true,true
123328,93489,Icebox,0,46:41,13,7,true,true
123329,93491,Icebox,0,44:30,7,13,true,true
123329,93492,Fracture,1,42:48,6,13,true,true
123329,93493,Haven,0,50:38,9,13,true,true
123330,93496,Breeze,0,47:21,13,8,true,true
123330,93497,Fracture,1,1:05:49,17,15,true,true
123331,93499,Bind,0,44:00,6,13,true,true
123331,93500,Icebox,1,1:01:39,12,14,true,true
123332,93502,Fracture,1,1:05:20,15,17,true,true
123332,93503,Breeze,0,44:18,13,7,true,true
123332,93504,Haven,,50:06,13,11,true,true
123333,93505,Breeze,0,46:00,13,7,true,true
123333,93506,Icebox,1,48:49,13,8,true,true
123334,93508,Ascent,0,47:26,13,7,true,true
123334,93509,Fracture,1,51:29,13,10,true,true
123335,93511,Icebox,1,54:59,10,13,true,true
123335,93512,Breeze,0,40:01,6,13,true,true
123335,93513,Ascent,1,38:09,3,13,true,true
123859,93819,Haven,1,41:47,8,13,true,true
123859,93820,Ascent,0,36:24,13,4,true,true
123859,93821,Fracture,,56:24,12,14,true,true
123860,93822,Ascent,1,46:28,7,13,true,true
123860,93823,Fracture,0,42:21,7,13,true,true
123861,93825,Breeze,0,37:52,13,5,true,true
123861,93826,Haven,1,32:35,4,13,true,true
123861,93827,Ascent,,1:05:07,14,12,true,true
123862,93828,Bind,0,56:04,13,11,true,true
123862,93829,Fracture,1,41:35,13,6,true,true
123863,93831,Ascent,1,46:12,7,13,true,true
123863,93832,Bind,0,31:55,3,13,true,true
123864,93834,Breeze,0,52:36,13,10,true,true
123864,93835,Fracture,1,43:22,13,8,true,true
123865,93837,Breeze,1,50:58,9,13,true,true
123865,93838,Ascent,0,1:11:12,14,16,true,true
123865,93839,Icebox,1,41:42,6,13,true,true
123866,93842,Breeze,0,47:03,13,11,true,true
123866,93843,Icebox,1,34:56,13,5,true,true
123867,93845,Fracture,1,36:16,13,4,true,true
123867,93846,Haven,0,51:21,11,13,true,true
123867,93847,Bind,,1:12:39,18,16,true,true
123868,93848,Breeze,0,45:41,10,13,true,true
123868,93849,Ascent,1,1:03:20,16,14,true,true
123868,93850,Icebox,,32:32,13,2,true,true
123869,93851,Bind,0,50:04,7,13,true,true
123869,93852,Haven,1,57:44,12,14,true,true
123870,93854,Breeze,0,57:21,11,13,true,true
123870,93855,Bind,1,54:16,13,10,true,true
123870,93856,Fracture,,50:08,8,13,true,true
123871,93857,Ascent,0,1:02:52,13,11,true,true
123871,93858,Fracture,1,40:25,13,6,true,true
123871,93859,Breeze,0,50:10,13,10,true,true
124195,93917,Fracture,0,38:30,13,3,true,true
124195,93918,Icebox,1,54:09,13,7,true,true
124196,93920,Split,1,57:45,8,13,true,true
124196,93921,Icebox,0,48:58,9,13,true,true
124197,93923,Ascent,0,48:57,7,13,true,true
124197,93924,Bind,1,46:57,13,7,true,true
124197,93925,Split,,1:01:24,14,12,true,true
124198,93926,Haven,1,48:51,13,1,true,true
124198,93927,Split,0,48:36,13,7,true,true
124199,93929,Fracture,0,30:35,13,3,true,true
124199,93930,Bind,1,49:27,13,11,true,true
124200,93932,Breeze,0,1:06:00,13,15,true,true
124200,93933,Haven,1,51:06,13,10,true,true
124200,93934,Split,,44:04,5,13,true,true
124201,93935,Ascent,0,51:37,13,8,true,true
124201,93936,Bind,1,1:32:38,21,19,true,true
124202,93938,Fracture,0,41:06,13,4,true,true
124202,93939,Haven,1,54:25,13,11,true,true
124202,93940,Split,0,56:25,13,9,true,true
124203,93943,Fracture,1,50:18,13,11,true,true
124203,93944,Bind,0,49:59,13,9,true,true
124204,93946,Haven,1,57:37,10,13,true,true
124204,93947,Ascent,0,56:15,10,13,true,true
124205,93949,Icebox,0,43:36,5,13,true,true
124205,93950,Bind,1,47:22,5,13,true,true
124206,93952,Ascent,1,36:13,1,13,true,true
124206,93953,Split,0,40:17,4,13,true,true
124207,93955,Split,1,58:12,10,13,true,true
124207,93956,Bind,0,45:30,13,8,true,true
124207,93957,Haven,,48:38,13,8,true,true
124208,93958,Bind,1,53:17,9,13,true,true
124208,93959,Split,0,51:00,13,8,true,true
124208,93960,Ascent,,55:45,11,13,true,true
12550,22306,Haven,1,33:26,13,6,false,false
12550,22307,Icebox,0,33:10,5,13,false,false
12550,22308,Bind,,46:15,13,10,false,false
12551,22309,Haven,1,35:14,6,13,false,false
12551,22310,Bind,0,26:47,3,13,false,false
12552,22312,Ascent,1,38:33,13,8,false,false
12552,22313,Split,0,1:09:27,12,14,false,false
12552,22314,Icebox,,32:13,13,6,false,false
12553,22315,Ascent,1,56:33,13,15,false,false
12553,22316,Haven,0,38:44,8,13,false,false
12554,22318,Icebox,1,33:11,6,13,false,false
12554,22319,Bind,0,37:31,8,13,false,false
12555,22321,Ascent,1,29:26,13,2,false,false
12555,22322,Haven,0,59:04,16,14,false,false
12556,22324,Icebox,0,36:01,5,13,false,false
12556,22325,Haven,1,40:42,8,13,false,false
12557,22327,Ascent,0,50:54,13,11,false,false
12557,22328,Bind,1,40:31,13,7,false,false
12557,22329,Haven,0,31:59,13,4,false,false
12558,22332,Ascent,0,47:14,13,8,false,false
12558,22333,Haven,1,42:03,13,11,false,false
12559,22335,Split,0,45:36,11,13,false,false
12559,22336,Haven,1,39:30,13,9,false,false
12559,22337,Bind,,47:18,13,10,false,false
12560,22338,Ascent,1,40:17,6,13,false,false
12560,22339,Icebox,0,48:55,11,13,false,false
12561,22341,Haven,1,42:00,13,8,false,false
12561,22342,Ascent,0,48:35,13,10,false,false
12562,22344,Ascent,0,30:48,4,13,false,false
12562,22345,Haven,1,46:00,13,10,false,false
12562,22346,Bind,,37:26,13,8,false,false
12563,22347,Ascent,1,40:11,13,8,false,false
12563,22348,Bind,0,42:40,13,9,false,false
12661,22451,Bind,1,43:37,13,9,false,false
12661,22452,Ascent,,50:30,11,13,false,false
12661,22453,Haven,1,29:27,13,3,false,false
12662,22454,Haven,0,31:11,3,13,false,false
12662,22455,Bind,1,36:42,5,13,false,false
12663,22457,Ascent,,52:39,10,13,false,false
12663,22458,Icebox,1,44:32,13,10,false,false
12663,22459,Bind,1,35:48,13,6,false,false
12664,22460,Icebox,,45:16,13,11,false,false
12664,22461,Haven,,45:27,11,13,false,false
12664,22462,Ascent,,34:56,13,4,false,false
12665,22463,Ascent,1,30:30,13,1,false,false
12665,22464,Split,0,46:44,13,7,false,false
12666,22466,Haven,0,39:42,13,7,false,false
12666,22468,Bind,1,59:13,15,13,false,false
12667,22469,Ascent,0,34:41,13,6,false,false
12667,22470,Split,1,28:24,13,3,false,false
12668,22472,Haven,1,34:52,13,7,false,false
12668,22473,Bind,0,34:09,13,6,false,false
12669,22475,Icebox,0,41:50,8,13,false,false
12669,22476,Haven,1,35:41,7,13,false,false
12670,22478,Ascent,1,52:25,11,13,false,false
12670,22479,Split,0,26:29,13,2,false,false
12670,22480,Icebox,0,37:24,13,6,false,false
12671,22481,Haven,0,38:05,7,13,false,false
12671,22482,Icebox,1,35:55,6,13,false,false
12672,22484,Haven,0,46:38,11,13,false,false
12672,22485,Icebox,0,37:36,13,7,false,false
12672,22486,Bind,1,42:45,13,10,false,false
12673,22487,Haven,1,35:12,13,4,false,false
12673,22488,Bind,1,41:06,9,13,false,false
12673,22489,Icebox,0,35:38,13,7,false,false
12674,22490,Bind,0,40:29,8,13,false,false
12674,22491,Ascent,1,46:36,13,10,false,false
12674,22492,Split,0,31:43,13,4,false,false
12675,22493,Icebox,1,40:05,13,7,false,false
12675,22494,Bind,,50:50,13,11,false,false
12675,22495,Haven,1,36:38,6,13,false,false
12675,22496,Ascent,,46:14,10,13,false,false
12675,22497,Split,,39:57,13,4,false,false
12676,22498,Ascent,0,33:36,13,6,false,false
12676,22499,Bind,1,32:17,13,5,false,false
12677,22501,Bind,0,55:22,10,13,false,false
12677,22502,Ascent,1,44:09,9,13,false,false
12915,22817,Bind,0,46:03,10,13,false,false
12915,22818,Haven,1,47:34,12,14,false,false
12916,22820,Ascent,0,48:11,11,13,false,false
12916,22821,Haven,1,52:17,12,14,false,false
12917,22823,Split,1,34:39,13,5,false,false
12917,22824,Bind,0,52:25,11,13,false,false
12917,22825,Ascent,,41:35,13,6,false,false
12918,22826,Icebox,1,24:02,1,13,false,false
12918,22827,Bind,0,30:34,3,13,false,false
12919,22829,Bind,1,48:49,9,13,false,false
12919,22830,Icebox,0,34:33,4,13,false,false
12920,22832,Split,0,49:20,13,10,false,false
12920,22833,Ascent,1,35:19,4,13,false,false
12920,22834,Icebox,,34:21,2,13,false,false
12921,22835,Ascent,0,47:23,11,13,false,false
12921,22836,Split,1,32:18,4,13,false,false
12922,22838,Split,,50:36,13,11,false,false
12922,22839,Ascent,0,46:19,13,11,false,false
12923,22841,Haven,1,1:04:51,17,15,false,false
12923,22842,Split,0,55:01,12,14,false,false
12923,22843,Ascent,,44:10,13,10,false,false
12924,22844,Split,1,47:17,13,11,false,false
12924,22845,Ascent,,39:30,6,13,false,false
12924,22846,Haven,,44:37,11,13,false,false
12925,22847,Bind,1,40:11,13,7,false,false
12925,22848,Ascent,0,41:48,6,13,false,false
12925,22849,Icebox,,54:56,12,14,false,false
12926,22850,Haven,1,48:24,13,10,false,false
12926,22851,Ascent,0,44:35,13,7,false,false
12927,22853,Split,0,36:38,13,7,false,false
12927,22854,Bind,1,45:26,9,13,false,false
12927,22855,Haven,0,44:14,13,9,false,false
12927,22856,Icebox,1,48:57,12,14,false,false
12927,22857,Ascent,,45:02,11,13,false,false
12928,22858,Icebox,,38:30,13,8,false,false
12928,22859,Ascent,,36:57,13,4,false,false
12929,22861,Icebox,1,1:01:27,16,18,false,false
12929,22862,Ascent,0,35:46,13,5,false,false
12929,22863,Haven,1,35:32,13,5,false,false
12930,22864,Bind,1,26:27,13,2,false,false
12930,22865,Ascent,0,55:02,12,14,false,false
12930,22866,Split,1,39:25,8,13,false,false
12931,22867,Ascent,1,38:47,9,13,false,false
12931,22868,Icebox,0,37:03,7,13,false,false
12932,22870,Ascent,1,31:46,4,13,false,false
12932,22871,Bind,0,31:48,13,7,false,false
12932,22872,Split,,30:28,6,13,false,false
12933,22873,Bind,1,41:21,8,13,false,false
12933,22874,Ascent,0,31:25,13,6,false,false
12933,22875,Split,1,40:58,13,9,false,false
12934,22876,Split,0,45:39,13,10,false,false
12934,22877,Ascent,1,44:41,13,9,false,false
12935,22879,Haven,1,49:19,11,13,false,false
12935,22880,Icebox,0,38:18,7,13,false,false
12936,22882,Ascent,1,47:13,13,11,false,false
12936,22883,Haven,0,1:00:01,17,15,false,false
12937,22885,Icebox,1,48:57,13,11,false,false
12937,22886,Bind,0,38:58,13,6,false,false
12938,22888,Ascent,1,34:35,6,13,false,false
12938,22889,Icebox,0,51:15,10,13,false,false
12939,22891,Haven,1,36:45,13,7,false,false
12939,22892,Ascent,0,41:39,13,9,false,false
12940,22894,Bind,0,57:14,14,16,false,false
12940,22895,Split,1,46:59,8,13,false,false
12940,22896,Ascent,0,33:48,6,13,false,false
12941,22899,Bind,0,50:48,11,13,false,false
12941,22900,Icebox,1,33:56,5,13,false,false
12942,22902,Bind,0,44:39,13,9,false,false
12942,22903,Ascent,1,28:17,13,3,false,false
12943,22905,Bind,1,31:37,2,13,false,false
12943,22906,Haven,0,41:32,9,13,false,false
12944,22908,Ascent,1,37:07,13,6,false,false
12944,22909,Split,0,24:15,13,0,false,false
12945,22911,Bind,1,48:23,10,13,false,false
12945,22912,Split,0,1:00:05,14,12,false,false
12945,22913,Haven,,42:11,8,13,false,false
12946,22914,Split,0,48:05,12,14,false,false
12946,22915,Bind,1,45:00,9,13,false,false
12947,22917,Haven,0,43:55,13,11,false,false
12947,22918,Icebox,1,1:00:22,14,12,false,false
12948,22920,Ascent,1,34:03,5,13,false,false
12948,22921,Split,0,38:21,13,7,false,false
12948,22922,Haven,1,47:18,10,13,false,false
12949,22923,Bind,1,35:56,13,5,false,false
12949,22924,Icebox,0,31:14,13,5,false,false
12950,22926,Icebox,1,39:51,6,13,false,false
12950,22927,Haven,0,48:41,13,11,false,false
12950,22928,Split,,55:44,13,11,false,false
12951,22929,Bind,1,47:42,13,10,false,false
12951,22930,Icebox,0,44:59,13,10,false,false
12952,22933,Icebox,0,39:52,13,8,false,false
12952,22934,Bind,,54:51,14,12,false,false
12953,22935,Ascent,0,41:44,13,7,false,false
12953,22936,Bind,1,46:34,13,10,false,false
12953,22937,Split,0,45:04,13,10,false,false
12983,22975,Bind,1,39:27,13,6,false,false
12983,22976,Haven,0,37:51,13,7,false,false
12984,22978,Ascent,0,54:07,12,14,false,false
12984,22979,Split,1,31:06,13,5,false,false
12984,22980,Haven,,37:42,8,13,false,false
12985,22981,Ascent,1,46:58,11,13,false,false
12985,22982,Haven,0,45:52,13,10,false,false
12985,22983,Icebox,,50:30,12,14,false,false
12986,22984,Ascent,1,41:00,6,13,false,false
12986,22985,Bind,0,1:07:07,16,18,false,false
13021,23020,Ascent,1,40:57,13,7,false,false
13021,23021,Bind,0,41:53,13,9,false,false
13022,23023,Split,1,32:23,13,3,false,false
13022,23024,Haven,0,37:19,7,13,false,false
13022,23025,Ascent,,29:12,13,3,false,false
13023,23026,Bind,1,35:24,13,7,false,false
13023,23027,Haven,0,39:49,7,13,false,false
13023,23028,Split,,44:18,10,13,false,false
13024,23029,Haven,1,33:56,4,13,false,false
13024,23030,Ascent,0,38:20,13,4,false,false
13024,23031,Bind,,41:21,13,7,false,false
13025,23032,Split,1,1:06:21,16,18,false,false
13025,23033,Haven,0,44:18,13,10,false,false
13025,23034,Icebox,,36:46,13,7,false,false
13026,23035,Bind,0,44:21,9,13,false,false
13026,23036,Haven,1,23:48,1,13,false,false
13027,23038,Haven,0,41:22,9,13,false,false
13027,23039,Bind,1,42:38,9,13,false,false
13027,23040,Icebox,0,44:01,11,13,false,false
130617,95029,Pearl,1,1:16:34,13,11,true,true
130617,95030,Icebox,0,40:51,5,13,true,true
130617,95031,Haven,,45:32,13,8,true,true
130618,95032,Haven,1,1:04:37,13,10,true,true
130618,95033,Ascent,0,1:05:07,13,10,true,true
130619,95035,Haven,1,1:04:03,8,13,true,true
130619,95036,Bind,0,56:36,11,13,true,true
130620,95038,Bind,0,52:32,5,13,true,true
130620,95039,Breeze,1,56:20,12,14,true,true
130621,95041,Haven,1,1:20:45,13,15,true,true
130621,95042,Pearl,0,44:18,13,4,true,true
130621,95043,Ascent,,49:06,8,13,true,true
130622,95044,Breeze,1,1:46:49,16,18,true,true
130622,95045,Bind,0,38:28,13,5,true,true
130622,95046,Fracture,,33:35,13,3,true,true
130623,95047,Ascent,1,1:05:35,8,13,true,true
130623,95048,Fracture,0,51:21,9,13,true,true
130624,95050,Breeze,1,56:31,7,13,true,true
130624,95051,Fracture,0,54:16,13,10,true,true
130624,95052,Pearl,,39:48,13,3,true,true
130625,95053,Haven,0,1:16:08,13,11,true,true
130625,95054,Pearl,1,54:13,11,13,true,true
130625,95055,Fracture,,31:19,2,13,true,true
130626,95056,Bind,1,1:06:21,13,11,true,true
130626,95057,Ascent,0,40:20,13,5,true,true
130627,95059,Icebox,1,1:12:18,14,12,true,true
130627,95060,Bind,0,56:00,13,10,true,true
130628,95062,Fracture,0,1:15:18,13,11,true,true
130628,95063,Icebox,1,53:54,13,10,true,true
130629,95065,Pearl,1,1:00:59,7,13,true,true
130629,95066,Fracture,0,45:10,13,4,true,true
130629,95067,Breeze,,40:30,5,13,true,true
130630,95068,Icebox,0,53:48,13,4,true,true
130630,95069,Haven,1,44:29,7,13,true,true
130630,95070,Ascent,,47:08,13,6,true,true
130631,95071,Icebox,1,1:06:02,13,9,true,true
130631,95072,Ascent,0,39:37,13,4,true,true
130632,95074,Ascent,1,1:26:13,16,14,true,true
130632,95075,Haven,0,45:02,13,4,true,true
130633,95077,Pearl,0,1:12:37,10,13,true,true
130633,95078,Bind,1,45:59,13,7,true,true
130633,95079,Haven,,45:38,7,13,true,true
130634,95080,Breeze,1,1:28:41,18,16,true,true
130634,95081,Fracture,0,49:27,13,9,true,true
130635,95083,Icebox,1,1:09:44,13,9,true,true
130635,95084,Breeze,0,48:03,7,13,true,true
130635,95085,Haven,,58:19,11,13,true,true
130636,95086,Bind,1,1:02:00,5,13,true,true
130636,95087,Ascent,0,47:45,7,13,true,true
130678,95110,Ascent,1,1:36:54,19,17,true,true
130678,95111,Breeze,0,41:14,13,5,true,true
130679,95113,Icebox,1,1:27:06,12,14,true,true
130679,95114,Haven,0,45:27,6,13,true,true
130680,95116,Breeze,1,1:01:49,7,13,true,true
130680,95117,Bind,0,55:38,13,8,true,true
130680,95118,Ascent,,53:58,13,8,true,true
130681,95119,Pearl,0,1:03:19,13,8,true,true
130681,95120,Fracture,1,53:57,13,11,true,true
130682,95122,Breeze,1,1:11:32,11,13,true,true
130682,95123,Haven,0,39:36,6,13,true,true
130683,95125,Haven,1,1:06:58,13,9,true,true
130683,95126,Ascent,0,56:05,11,13,true,true
130683,95127,Pearl,,1:18:28,13,8,true,true
130684,95128,Bind,1,56:34,13,10,true,true
130684,95129,Ascent,0,38:19,13,3,true,true
130685,95131,Ascent,0,1:23:44,15,13,true,true
130685,95132,Bind,1,56:19,6,13,true,true
130685,95133,Breeze,0,1:10:53,16,14,true,true
130685,95134,Haven,1,41:16,13,5,true,true
130686,95136,Icebox,0,1:02:48,13,6,true,true
130686,95137,Ascent,1,1:00:21,13,11,true,true
130687,95139,Bind,1,1:00:21,6,13,true,true
130687,95140,Haven,0,47:03,7,13,true,true
130688,95142,Pearl,0,1:13:37,13,11,true,true
130688,95143,Bind,1,58:45,10,13,true,true
130688,95144,Ascent,,1:00:10,11,13,false,false
130689,95145,Icebox,1,1:03:26,7,13,true,true
130689,95146,Ascent,0,1:10:04,14,12,true,true
130689,95147,Fracture,,51:52,13,9,true,true
130690,95148,Icebox,0,1:10:16,11,13,true,true
130690,95149,Haven,1,50:53,9,13,true,true
130691,95151,Bind,0,1:04:58,13,8,true,true
130691,95152,Breeze,1,41:09,13,5,true,true
130691,95153,Fracture,0,48:14,8,13,true,true
130691,95154,Ascent,1,50:22,6,13,true,true
130691,95155,Haven,,51:53,13,10,true,true
13179,23275,Haven,1,50:42,10,13,false,false
13179,23276,Icebox,0,38:45,13,4,false,false
13179,23277,Ascent,,45:57,13,9,false,false
13180,23278,Icebox,1,39:29,7,13,false,false
13180,23279,Ascent,0,44:54,13,11,false,false
13180,23280,Bind,,44:32,9,13,false,false
13181,23281,Haven,0,42:26,13,11,false,false
13181,23282,Ascent,1,27:26,13,2,false,false
13182,23284,Bind,0,38:56,13,8,false,false
13182,23285,Ascent,1,42:14,13,10,false,false
13209,23320,Icebox,1,32:13,13,5,false,false
13209,23321,Ascent,0,39:15,13,7,false,false
13210,23323,Bind,0,46:10,9,13,false,false
13210,23324,Ascent,1,46:33,9,13,false,false
13211,23326,Ascent,1,43:42,8,13,false,false
13211,23327,Haven,0,48:37,10,13,false,false
13212,23329,Bind,0,49:11,11,13,false,false
13212,23330,Ascent,0,33:17,4,13,false,false
13212,23331,Haven,1,32:44,5,13,false,false
13213,23334,Ascent,1,43:45,8,13,false,false
13213,23335,Bind,0,45:38,13,11,false,false
13213,23336,Haven,,42:31,13,10,false,false
13214,23337,Ascent,0,41:12,13,7,false,false
13214,23338,Split,1,44:41,13,9,false,false
13215,23340,Haven,0,33:35,4,13,false,false
13215,23341,Bind,1,30:35,13,4,false,false
13215,23342,Ascent,,29:07,13,2,false,false
13216,23343,Haven,1,56:42,13,15,false,false
13216,23344,Ascent,0,47:14,13,11,false,false
13216,23345,Icebox,,34:07,6,13,false,false
13217,23346,Ascent,1,48:02,13,11,false,false
13217,23347,Bind,0,33:22,13,4,false,false
13218,23349,Ascent,0,40:26,13,8,false,false
13218,23350,Bind,1,39:31,9,13,false,false
13218,23351,Icebox,,43:12,13,9,false,false
13226,23355,Split,0,43:31,13,6,false,false
13226,23356,Haven,1,47:00,13,9,false,false
13227,23358,Split,1,56:56,14,12,false,false
13227,23359,Bind,0,54:22,10,13,false,false
13227,23360,Icebox,,44:48,13,11,false,false
13228,23361,Bind,0,35:08,13,5,false,false
13228,23362,Ascent,1,31:18,13,3,false,false
13229,23364,Ascent,1,53:48,15,13,false,false
13229,23365,Bind,0,55:31,14,12,false,false
13230,23367,Haven,0,1:03:50,11,13,false,false
13230,23368,Ascent,1,49:37,10,13,false,false
13231,23370,Bind,0,40:26,13,8,false,false
13231,23371,Icebox,1,46:35,10,13,false,false
13231,23372,Ascent,,31:29,13,3,false,false
13245,23409,Ascent,1,28:42,13,1,false,false
13245,23410,Split,0,47:05,13,9,false,false
13246,23412,Bind,1,45:13,7,13,false,false
13246,23413,Split,0,36:18,6,13,false,false
13247,23415,Bind,1,50:58,11,13,false,false
13247,23416,Icebox,0,30:40,13,2,false,false
13247,23417,Haven,1,43:16,13,6,false,false
13247,23773,Split,0,1:03:09,13,15,false,false
13247,23774,Ascent,,37:24,13,3,false,false
13328,23520,Haven,1,42:36,13,10,false,false
13328,23521,Bind,,51:55,13,15,false,false
13328,23522,Split,,43:35,11,13,false,false
13329,23523,Icebox,,29:36,13,4,false,false
13329,23524,Haven,,45:32,10,13,false,false
13329,23525,Split,,43:20,13,8,false,false
13330,23526,Bind,0,36:34,6,13,false,false
13330,23527,Haven,1,41:19,13,7,false,false
13330,23528,Icebox,,23:13,13,3,false,false
13331,23529,Haven,,49:04,11,13,false,false
13331,23530,Bind,,43:08,13,9,false,false
13331,23531,Split,,57:55,14,16,false,false
13332,23532,Ascent,0,48:52,9,13,false,false
13332,23533,Haven,1,46:32,11,13,false,false
13333,23535,Split,,59:56,12,14,false,false
13333,23536,Haven,,41:18,8,13,false,false
13334,23538,Bind,1,29:40,4,13,false,false
13334,23539,Ascent,0,29:16,3,13,false,false
13335,23541,Split,,56:53,12,14,false,false
13335,23542,Bind,,44:22,13,11,false,false
13335,23543,Ascent,,26:47,13,2,false,false
13336,23544,Ascent,0,30:27,13,5,false,false
13336,23545,Icebox,1,40:31,13,9,false,false
13336,23546,Bind,0,32:08,13,5,false,false
13481,23795,Icebox,1,34:32,6,13,false,false
13481,23796,Bind,0,50:21,12,14,false,false
13482,23798,Ascent,0,41:27,13,7,false,false
13482,23799,Split,1,41:32,13,10,false,false
13483,23801,Haven,,48:25,9,13,false,false
13483,23802,Ascent,,30:34,13,3,false,false
13483,23803,Bind,,31:10,3,13,false,false
13484,23804,Bind,1,1:11:16,14,16,false,false
13484,23805,Ascent,0,53:45,13,11,false,false
13484,23806,Haven,,39:27,6,13,false,false
13485,23807,Split,,32:35,13,5,false,false
13485,23808,Bind,,35:36,13,7,false,false
13486,23810,Ascent,,39:46,6,13,false,false
13486,23811,Bind,,49:03,13,10,false,false
13486,23812,Haven,,46:43,11,13,false,false
13487,23813,Icebox,,45:07,10,13,false,false
13487,23814,Bind,,40:14,13,6,false,false
13487,23815,Split,,41:11,8,13,false,false
13487,23816,Ascent,,46:28,13,10,false,false
13487,23817,Haven,,43:07,13,9,false,false
15766,29041,Ascent,0,48:31,13,10,true,true
15766,29042,Icebox,1,47:18,13,10,true,true
15767,29044,Split,0,41:39,9,13,true,true
15767,29045,Ascent,1,37:52,13,5,true,true
15767,29046,Haven,,47:46,11,13,true,true
15768,29047,Icebox,1,53:55,14,12,true,true
15768,29048,Bind,0,47:38,13,9,true,true
15769,29050,Icebox,0,50:18,10,13,true,true
15769,29051,Ascent,1,41:50,7,13,true,true
15770,29053,Split,1,52:01,11,13,true,true
15770,29054,Bind,0,41:48,13,10,true,true
15770,29055,Haven,,50:08,12,14,true,true
15771,29056,Ascent,1,50:34,13,9,true,true
15771,29057,Bind,0,40:00,13,7,true,true
15772,29060,Split,0,45:46,11,13,true,true
15772,29061,Ascent,1,45:30,11,13,true,true
15772,29062,Bind,1,54:26,10,13,true,true
167348,113040,Icebox,1,1:12:59,11,13,true,true
167348,113041,Haven,0,53:43,9,13,true,true
167349,113043,Haven,0,50:48,4,13,true,true
167349,113044,Icebox,1,51:43,7,13,true,true
167350,113046,Pearl,1,1:00:51,9,13,true,true
167350,113047,Fracture,0,1:00:57,12,14,true,true
167351,113049,Lotus,0,55:34,6,13,true,true
167351,113050,Haven,1,52:27,13,8,true,true
167351,113051,Pearl,,46:52,6,13,true,true
167352,113052,Pearl,1,55:04,3,13,true,true
167352,113053,Ascent,0,51:09,13,11,true,true
167352,113054,Haven,,42:03,7,13,true,true
167353,113055,Lotus,1,52:12,13,8,true,true
167353,113056,Pearl,0,39:51,13,4,true,true
167354,113058,Pearl,1,55:42,8,13,true,true
167354,113059,Ascent,0,48:09,8,13,true,true
167355,113061,Haven,0,55:30,8,13,true,true
167355,113062,Fracture,1,55:15,11,13,true,true
167356,113064,Lotus,0,1:12:23,12,14,true,true
167356,113065,Haven,1,36:08,13,1,true,true
167356,113066,Icebox,,46:24,13,7,true,true
167357,113067,Pearl,0,1:07:15,13,10,true,true
167357,113068,Split,1,49:40,13,8,true,true
167358,113070,Pearl,1,50:03,3,13,true,true
167358,113071,Haven,0,46:02,13,7,true,true
167358,113072,Icebox,,30:18,13,2,true,true
167359,113073,Haven,0,57:00,11,13,true,true
167359,113074,Split,1,51:55,10,13,true,true
167360,113076,Split,0,46:42,3,13,true,true
167360,113077,Pearl,1,1:05:45,15,13,true,true
167360,113078,Fracture,,1:10:59,16,18,true,true
167361,113079,Fracture,1,1:01:06,10,13,true,true
167361,113080,Ascent,0,41:46,13,6,true,true
167361,113081,Icebox,,51:20,13,10,true,true
167362,113082,Icebox,1,1:03:20,8,13,true,true
167362,113083,Fracture,0,42:43,7,13,true,true
167363,113085,Ascent,1,47:52,13,5,true,true
167363,113086,Lotus,0,49:57,13,10,true,true
167364,113088,Ascent,1,47:44,4,13,true,true
167364,113089,Pearl,0,58:25,11,13,true,true
167365,113091,Split,1,49:27,13,4,true,true
167365,113092,Pearl,0,47:56,9,13,true,true
167365,113093,Lotus,,41:05,13,6,true,true
167366,113094,Lotus,1,43:44,13,3,true,true
167366,113095,Pearl,0,55:17,13,11,true,true
167367,113097,Icebox,0,1:01:35,13,10,true,true
167367,113098,Lotus,1,53:09,9,13,true,true
167367,113099,Pearl,,1:09:03,14,12,true,true
167368,113100,Haven,1,50:12,6,13,true,true
167368,113101,Split,0,52:40,7,13,true,true
167369,113103,Pearl,0,54:20,7,13,true,true
167369,113104,Icebox,1,-,5,13,false,false
167370,113106,Icebox,0,1:07:49,8,13,true,true
167370,113107,Pearl,1,40:25,4,13,true,true
167371,113109,Haven,0,1:18:09,16,14,true,true
167371,113110,Pearl,1,37:21,13,3,true,true
167372,113112,Lotus,0,1:02:18,13,9,true,true
167372,113113,Haven,1,51:19,11,13,true,true
167372,113114,Icebox,,51:59,8,13,true,true
167373,113115,Haven,0,1:27:17,18,16,true,true
167373,113116,Ascent,1,1:00:24,13,9,true,true
167374,113118,Ascent,1,1:02:45,13,10,true,true
167374,113119,Fracture,0,36:48,13,2,true,true
167375,113121,Fracture,0,38:29,1,13,true,true
167375,113122,Icebox,1,53:46,10,13,true,true
167391,113124,Pearl,0,51:15,13,5,true,true
167391,113125,Icebox,1,44:32,13,8,true,true
167391,113126,Split,0,46:22,7,13,true,true
167391,113127,Fracture,1,43:40,7,13,true,true
167391,113128,Ascent,,47:59,13,8,true,true
167392,113129,Haven,1,1:05:49,11,13,true,true
167392,113130,Lotus,0,48:57,4,13,true,true
167392,113131,Fracture,1,1:02:26,11,13,true,true
167393,113134,Ascent,0,1:02:57,8,13,true,true
167393,113135,Fracture,1,47:15,7,13,true,true
167393,113136,Split,0,51:34,13,9,true,true
167393,113137,Lotus,1,52:04,13,8,true,true
167393,113138,Icebox,,1:02:23,12,14,true,true
16824,31207,Icebox,1,49:08,13,11,true,true
16824,31208,Split,0,45:59,13,9,true,true
16825,31210,Haven,1,40:30,13,7,true,true
16825,31211,Icebox,0,37:33,13,7,true,true
16826,31213,Haven,1,47:05,7,13,true,true
16826,31214,Bind,0,39:29,5,13,true,true
16827,31216,Ascent,1,29:17,13,3,true,true
16827,31217,Icebox,0,38:25,13,7,true,true
16828,31219,Icebox,1,48:40,10,13,true,true
16828,31220,Split,0,46:40,9,13,true,true
16829,31222,Haven,1,38:38,13,6,true,true
16829,31223,Ascent,0,39:39,8,13,true,true
16829,31224,Bind,,36:16,6,13,true,true
16830,31225,Haven,1,38:17,6,13,true,true
16830,31226,Ascent,0,48:43,9,13,true,true
16831,31228,Ascent,1,50:05,13,10,true,true
16831,31229,Bind,0,59:44,15,13,true,true
16832,31231,Split,1,42:08,13,8,true,true
16832,31232,Haven,0,46:09,13,10,true,true
16833,31234,Ascent,1,45:28,9,13,true,true
16833,31235,Split,0,40:13,13,7,true,true
16833,31236,Haven,,38:48,6,13,true,true
16834,31237,Haven,1,24:12,13,0,true,true
16834,31238,Ascent,0,30:11,13,3,true,true
16835,31240,Icebox,1,38:00,13,6,true,true
16835,31241,Bind,0,45:38,13,11,true,true
16836,31243,Haven,0,31:05,3,13,true,true
16836,31244,Icebox,1,38:32,13,7,true,true
16836,31245,Ascent,0,44:21,13,9,true,true
16836,31246,Bind,1,42:19,7,13,true,true
16836,31247,Split,,42:58,13,7,true,true
16998,31511,Ascent,1,38:21,13,9,true,true
16998,31512,Icebox,0,40:36,13,10,true,true
16999,31514,Ascent,0,35:56,13,4,true,true
16999,31515,Haven,1,40:02,6,13,true,true
16999,31516,Split,,31:04,3,13,true,true
17000,31517,Haven,1,39:22,7,13,true,true
17000,31518,Ascent,0,40:42,9,13,true,true
17001,31520,Ascent,1,55:55,13,15,true,true
17001,31521,Bind,0,36:38,6,13,true,true
173214,117161,Icebox,0,1:00:25,13,3,true,true
173214,117162,Split,1,55:06,13,11,true,true
173215,117164,Ascent,1,1:04:25,13,7,true,true
173215,117165,Lotus,0,1:27:57,20,18,true,true
173216,117167,Pearl,0,51:48,4,13,true,true
173216,117168,Lotus,1,51:01,9,13,true,true
173217,117170,Haven,1,1:00:16,6,13,true,true
173217,117171,Fracture,0,34:46,13,2,true,true
173217,117172,Lotus,,55:26,10,13,true,true
173218,117173,Icebox,0,1:35:35,15,17,true,true
173218,117174,Split,1,1:11:30,15,13,true,true
173218,117175,Pearl,,51:34,13,7,true,true
173219,117176,Icebox,1,1:44:51,19,17,true,true
173219,117177,Split,0,1:18:49,13,11,true,true
173220,117179,Lotus,1,1:10:35,10,13,true,true
173220,117180,Split,0,43:22,13,6,true,true
173220,117181,Ascent,,40:58,13,6,true,true
173221,117182,Split,1,1:17:31,9,13,true,true
173221,117183,Fracture,0,1:01:00,13,15,true,true
173222,117185,Ascent,1,55:17,6,13,true,true
173222,117186,Haven,0,54:02,13,9,true,true
173222,117187,Split,,1:05:41,13,11,true,true
173223,117188,Icebox,0,1:00:01,13,5,true,true
173223,117189,Split,1,38:12,13,2,true,true
17382,32016,Haven,1,43:32,11,13,true,true
17382,32017,Icebox,0,30:20,13,3,true,true
17382,32018,Bind,,33:57,4,13,true,true
17383,32019,Haven,0,36:23,13,6,true,true
17383,32020,Ascent,1,44:56,13,11,true,true
17384,32022,Haven,1,43:57,13,11,true,true
17384,32023,Split,0,24:43,1,13,true,true
17384,32024,Icebox,,34:18,13,6,true,true
17385,32025,Haven,0,30:47,4,13,true,true
17385,32026,Ascent,1,44:47,13,10,true,true
17385,32027,Split,,49:09,11,13,true,true
17386,32028,Bind,0,46:37,13,11,true,true
17386,32029,Ascent,1,47:00,10,13,true,true
17386,32030,Split,,47:26,13,11,true,true
17387,32031,Split,1,44:02,9,13,true,true
17387,32032,Ascent,0,39:20,6,13,true,true
17388,32034,Bind,1,48:47,11,13,true,true
17388,32035,Ascent,0,38:09,13,8,true,true
17388,32036,Haven,,41:18,11,13,true,true
17389,32037,Split,0,49:11,13,10,true,true
17389,32038,Haven,1,51:02,12,14,true,true
17389,32039,Ascent,,47:15,13,9,true,true
17390,32040,Haven,0,32:30,5,13,true,true
17390,32041,Ascent,1,36:51,13,5,true,true
17390,32042,Split,,39:53,7,13,true,true
17391,32043,Bind,0,37:42,13,8,true,true
17391,32044,Haven,0,40:49,13,9,true,true
17391,32045,Icebox,1,38:27,13,9,true,true
17421,32091,Haven,0,35:16,13,5,true,true
17421,32092,Bind,1,1:03:34,16,14,true,true
17425,32103,Ascent,1,50:51,13,11,true,true
17425,32104,Haven,0,44:05,8,13,true,true
17425,32105,Icebox,,43:37,13,10,true,true
17426,32106,Haven,0,40:18,7,13,true,true
17426,32107,Ascent,1,52:47,14,12,true,true
17426,32108,Bind,,57:10,13,15,true,true
17427,32109,Ascent,1,36:48,5,13,true,true
17427,32110,Haven,0,41:22,7,13,true,true
17428,32112,Icebox,1,36:06,6,13,true,true
17428,32113,Ascent,0,45:05,13,9,true,true
17428,32114,Bind,,35:36,4,13,true,true
17429,32115,Bind,1,56:02,14,12,true,true
17429,32116,Haven,0,41:43,13,8,true,true
17430,32118,Bind,1,37:09,5,13,true,true
17430,32119,Haven,0,51:58,11,13,true,true
17431,32121,Haven,1,56:00,12,14,true,true
17431,32122,Ascent,0,42:06,13,8,true,true
17431,32123,Bind,,38:22,7,13,true,true
17432,32124,Bind,0,34:47,13,4,true,true
17432,32125,Icebox,1,43:42,13,8,true,true
17433,32127,Bind,0,39:01,13,7,true,true
17433,32128,Ascent,1,37:49,5,13,true,true
17433,32129,Haven,,33:27,13,5,true,true
17434,32130,Ascent,0,35:07,13,3,true,true
17434,32131,Icebox,0,35:47,13,5,true,true
17434,32132,Bind,1,52:08,12,14,true,true
17434,32133,Haven,0,56:43,15,13,true,true
17437,32141,Icebox,0,40:22,7,13,true,true
17437,32142,Ascent,1,35:39,6,13,true,true
17438,32144,Haven,1,38:41,13,6,true,true
17438,32145,Icebox,0,29:44,2,13,true,true
17438,32146,Bind,,56:09,15,13,true,true
17439,32147,Ascent,1,47:21,6,13,true,true
17439,32148,Bind,0,45:43,8,13,true,true
17509,32250,Icebox,1,35:08,7,13,true,true
17509,32251,Bind,0,1:05:01,16,14,true,true
17509,32252,Ascent,,43:55,6,13,true,true
17511,32256,Icebox,0,45:09,13,10,true,true
17511,32257,Bind,1,36:50,13,5,true,true
17512,32259,Haven,0,50:46,13,11,true,true
17512,32260,Ascent,0,48:46,13,11,true,true
17513,32262,Haven,,36:55,6,13,true,true
17513,32263,Bind,,43:17,11,13,true,true
17514,32265,Icebox,0,42:18,7,13,true,true
17514,32266,Ascent,0,42:43,13,4,true,true
17514,32267,Split,1,44:19,6,13,true,true
17514,32268,Haven,1,42:22,8,13,true,true
17515,32270,Ascent,1,31:14,13,4,true,true
17515,32271,Bind,0,41:17,13,9,true,true
17521,32290,Haven,1,32:02,13,5,true,true
17521,32291,Ascent,0,29:10,13,3,true,true
17522,32293,Bind,1,32:49,13,4,true,true
17522,32295,Split,,52:29,14,12,true,true
17523,32296,Haven,1,39:30,13,8,true,true
17523,32297,Ascent,0,31:13,13,2,true,true
17524,32299,Bind,0,32:07,6,13,true,true
17524,32300,Ascent,1,32:27,6,13,true,true
17525,32302,Bind,1,45:59,13,11,true,true
17525,32303,Haven,0,59:06,16,14,true,true
17526,32305,Bind,0,42:23,13,9,true,true
17526,32306,Haven,0,45:09,10,13,true,true
17526,32307,Ascent,1,45:25,13,9,true,true
17526,32308,Split,1,32:29,13,4,true,true
17527,32310,Haven,0,49:21,13,9,true,true
17527,32311,Ascent,1,48:36,13,6,true,true
17527,32312,Bind,0,38:14,5,13,true,true
17527,32313,Split,1,28:56,13,1,true,true
17584,32424,Split,1,34:01,4,13,true,true
17584,32425,Haven,0,47:04,11,13,true,true
17585,32427,Bind,0,50:59,12,14,true,true
17585,32428,Icebox,1,33:38,6,13,true,true
17586,32430,Haven,0,26:58,13,3,true,true
17586,32431,Bind,1,29:21,13,3,true,true
17587,32433,Split,0,37:46,13,4,true,true
17587,32434,Ascent,1,55:18,12,14,true,true
17587,32435,Bind,1,28:25,1,13,true,true
17588,32436,Ascent,0,43:47,13,10,true,true
17588,32437,Bind,1,46:33,6,13,true,true
17588,32438,Split,1,44:40,13,11,true,true
17589,32439,Ascent,1,43:10,9,13,true,true
17589,32440,Bind,0,46:56,10,13,true,true
17590,32442,Icebox,0,32:32,13,4,true,true
17590,32443,Ascent,1,35:52,5,13,true,true
17590,32444,Bind,1,1:01:37,12,14,true,true
17591,32445,Ascent,1,34:34,7,13,true,true
17591,32446,Icebox,0,28:31,13,1,true,true
17591,32447,Haven,1,32:29,5,13,true,true
17592,32448,Bind,0,41:57,13,9,true,true
17593,32449,Bind,1,33:41,13,5,true,true
17594,32450,Ascent,0,28:46,1,13,true,true
17595,32451,Bind,1,37:09,13,6,true,true
17596,32452,Icebox,1,47:40,11,13,true,true
17597,32453,Haven,1,40:49,7,13,true,true
17598,32454,Bind,0,43:25,9,13,true,true
17598,32455,Ascent,1,53:11,11,13,true,true
17599,32457,Split,0,37:17,13,6,true,true
17599,32458,Ascent,1,36:18,6,13,true,true
17599,32459,Bind,1,52:05,11,13,true,true
17600,32460,Ascent,1,35:49,13,6,true,true
17600,32461,Icebox,0,39:37,13,10,true,true
17600,32462,Bind,1,57:19,13,15,true,true
17600,32463,Haven,0,42:13,13,9,true,true
17602,32465,Icebox,0,33:00,5,13,true,true
17602,32466,Split,1,48:56,13,11,true,true
17602,32467,Ascent,0,57:39,13,15,true,true
17615,32469,Icebox,1,37:53,13,9,true,true
17615,32470,Haven,0,42:00,13,9,true,true
17616,32472,Icebox,1,31:56,3,13,true,true
17616,32473,Ascent,0,31:53,13,4,true,true
17616,32474,Haven,,1:07:05,13,11,true,true
17617,32475,Ascent,1,34:46,13,4,true,true
17617,32476,Bind,0,43:17,13,7,true,true
17618,32478,Bind,1,51:07,13,9,true,true
17618,32479,Ascent,0,31:04,13,3,true,true
17746,32529,Icebox,0,45:42,13,10,true,true
17746,32530,Haven,1,52:46,14,12,true,true
17747,32532,Split,0,56:27,14,12,true,true
17747,32533,Haven,1,44:33,7,13,true,true
17747,32534,Bind,,37:51,5,13,true,true
17748,32535,Haven,1,36:06,6,13,true,true
17748,32536,Icebox,0,42:50,13,11,true,true
17748,32537,Ascent,,43:40,10,13,true,true
17749,32538,Bind,1,42:16,7,13,true,true
17749,32539,Ascent,0,28:00,2,13,true,true
17750,32541,Ascent,0,38:03,4,13,true,true
17750,32542,Bind,1,50:05,11,13,true,true
17751,32544,Icebox,1,42:41,9,13,true,true
17751,32545,Haven,0,38:40,8,13,true,true
17752,32547,Bind,1,47:34,13,9,true,true
17752,32548,Ascent,0,30:39,13,3,true,true
17753,32550,Icebox,0,39:39,7,13,true,true
17753,32551,Ascent,1,30:39,4,13,true,true
17754,32553,Bind,0,35:53,5,13,true,true
17754,32554,Ascent,1,29:55,13,3,true,true
17754,32555,Icebox,,41:34,13,10,true,true
17755,32556,Ascent,0,47:13,10,13,true,true
17755,32557,Haven,1,28:43,13,2,true,true
17755,32558,Bind,0,52:04,13,11,true,true
17755,32559,Icebox,1,41:44,13,9,true,true
183774,118923,Fracture,0,1:07:36,13,11,true,true
183774,118924,Split,1,1:04:26,12,14,true,true
183774,118925,Ascent,,1:04:22,14,12,true,true
183775,118926,Split,0,1:14:47,11,13,true,true
183775,118927,Ascent,1,45:50,5,13,true,true
183776,118929,Split,0,54:28,13,5,true,true
183776,118930,Lotus,1,56:44,11,13,true,true
183776,118931,Haven,,54:42,13,11,true,true
183777,118932,Pearl,0,1:25:06,11,13,true,true
183777,118933,Fracture,1,49:34,9,13,true,true
183778,118935,Pearl,0,1:08:04,13,11,true,true
183778,118936,Lotus,1,39:08,13,4,true,true
183779,118938,Split,0,1:03:31,13,7,true,true
183779,118939,Ascent,1,55:14,8,13,true,true
183779,118940,Pearl,,44:49,7,13,true,true
183780,118941,Pearl,0,1:08:28,13,11,true,true
183780,118942,Icebox,1,47:44,5,13,true,true
183780,118943,Ascent,,55:08,10,13,true,true
183781,118944,Lotus,1,1:14:23,13,10,true,true
183781,118945,Icebox,0,39:16,13,2,true,true
183782,118947,Ascent,1,1:07:33,9,13,true,true
183782,118948,Lotus,0,1:04:15,13,11,true,true
183782,118949,Pearl,,1:05:47,14,12,true,true
183783,118950,Haven,0,1:00:31,9,13,true,true
183783,118951,Icebox,1,44:48,5,13,true,true
183785,118953,Lotus,0,1:14:34,13,7,true,true
183785,118954,Ascent,1,58:32,14,12,true,true
183786,118956,Icebox,0,1:05:01,10,13,true,true
183786,118957,Pearl,1,1:25:52,16,14,true,true
183786,118958,Split,,1:15:14,14,16,true,true
183787,118959,Split,1,1:20:27,14,12,true,true
183787,118960,Ascent,0,59:35,11,13,true,true
183787,118961,Pearl,,41:18,13,4,true,true
183788,118962,Pearl,0,1:09:27,13,11,true,true
183788,118963,Ascent,1,59:10,11,13,true,true
183788,118964,Fracture,,49:24,13,7,true,true
183789,118965,Split,0,1:05:41,13,9,true,true
183789,118966,Icebox,1,38:59,13,4,true,true
183791,118968,Pearl,0,1:00:48,6,13,true,true
183791,118969,Haven,1,1:27:26,13,11,true,true
183791,118970,Ascent,,48:47,13,8,true,true
183792,118971,Pearl,0,52:41,13,4,true,true
183792,118972,Icebox,1,39:39,13,3,true,true
183793,118974,Ascent,0,51:39,13,4,true,true
183793,118975,Split,1,58:58,11,13,true,true
183793,118976,Fracture,,41:31,5,13,true,true
183794,118977,Ascent,1,1:17:24,13,15,true,true
183794,118978,Fracture,0,45:30,13,7,true,true
183794,118979,Haven,,51:47,10,13,true,true
183795,118980,Haven,1,-,13,8,false,false
183795,118981,Pearl,0,56:40,9,13,true,true
183795,118982,Ascent,,45:09,7,13,true,true
183796,118983,Pearl,1,58:45,5,13,true,true
183796,118984,Fracture,0,48:56,6,13,true,true
183797,118986,Icebox,1,1:15:24,15,13,true,true
183797,118987,Haven,0,51:20,11,13,true,true
183797,118988,Lotus,,1:01:09,11,13,true,true
183798,118989,Split,1,49:09,13,3,true,true
183798,118990,Haven,0,52:19,10,13,true,true
183798,118991,Pearl,,31:46,0,13,true,true
183799,118992,Ascent,1,1:02:00,13,8,true,true
183799,118993,Fracture,0,54:37,13,9,true,true
183800,118995,Haven,0,1:06:02,13,10,true,true
183800,118996,Ascent,1,41:10,13,4,true,true
183801,118998,Bind,0,1:02:41,13,7,true,true
183801,118999,Fracture,1,37:05,13,3,true,true
183802,119001,Pearl,1,1:12:43,11,13,true,true
183802,119002,Split,0,49:37,7,13,true,true
183803,119004,Lotus,1,54:05,13,4,true,true
183803,119005,Fracture,0,44:26,13,6,true,true
183804,119007,Split,1,1:10:35,10,13,true,true
183804,119008,Pearl,0,54:42,13,10,true,true
183804,119009,Ascent,,50:12,10,13,true,true
183805,119010,Pearl,0,1:04:57,10,13,true,true
183805,119011,Ascent,1,54:16,13,11,true,true
183805,119012,Split,,51:01,13,10,true,true
183807,119013,Fracture,0,52:51,13,6,true,true
183807,119014,Pearl,1,44:50,13,5,true,true
183808,119016,Split,0,56:29,13,5,true,true
183808,119017,Lotus,1,39:36,13,4,true,true
183809,119019,Ascent,0,50:21,13,5,true,true
183809,119020,Split,1,1:06:55,15,13,true,true
183810,119022,Haven,0,48:53,13,4,true,true
183810,119023,Split,1,38:10,13,4,true,true
183811,119025,Bind,0,1:10:28,13,11,true,true
183811,119026,Haven,1,55:49,11,13,true,true
183811,119027,Pearl,,45:22,13,6,true,true
183812,119028,Pearl,0,1:12:14,13,10,true,true
183812,119029,Fracture,1,48:04,7,13,true,true
183812,119030,Haven,,52:58,11,13,true,true
183813,119031,Lotus,1,42:30,13,2,true,true
183813,119032,Fracture,0,43:19,13,5,true,true
183814,119034,Lotus,1,1:17:09,12,14,true,true
183814,119035,Bind,0,53:29,10,13,true,true
183815,119037,Split,1,53:54,13,5,true,true
183815,119038,Pearl,0,54:37,13,9,true,true
183816,119040,Lotus,1,57:53,7,13,true,true
183816,119041,Haven,0,40:08,4,13,true,true
183944,119187,Lotus,1,40:02,4,13,true,true
183944,119188,Haven,0,54:36,10,13,true,true
183945,119190,Ascent,1,1:16:27,13,10,true,true
183945,119191,Fracture,0,50:08,13,8,true,true
183946,119193,Icebox,0,53:35,13,3,true,true
183946,119194,Ascent,1,51:04,13,6,true,true
183947,119196,Ascent,0,1:04:01,13,5,true,true
183947,119197,Split,1,39:09,13,2,true,true
183948,119199,Lotus,1,55:50,1,13,true,true
183948,119200,Ascent,0,1:01:17,11,13,true,true
183949,119202,Pearl,0,37:40,13,3,true,true
183949,119203,Lotus,1,57:43,9,13,true,true
183949,119204,Ascent,,36:45,13,2,true,true
183950,119206,Ascent,0,50:32,9,13,true,true
183950,126175,Icebox,1,-,6,13,false,false
183951,119208,Lotus,0,1:12:16,6,13,true,true
183951,119209,Haven,1,48:46,6,13,true,true
183952,119211,Icebox,1,1:09:41,13,10,true,true
183952,119212,Split,0,37:20,13,3,true,true
183953,119214,Ascent,1,47:34,13,2,true,true
183953,119215,Split,0,45:45,13,6,true,true
184032,119231,Split,0,1:03:53,13,7,true,true
184032,119232,Haven,1,43:10,5,13,true,true
184032,119233,Bind,,1:21:26,19,17,true,true
184033,119234,Bind,0,1:01:05,13,9,true,true
184033,119235,Split,1,55:38,13,7,true,true
184034,119237,Lotus,0,1:16:07,15,13,true,true
184034,119238,Ascent,1,41:18,6,13,true,true
184034,119239,Split,,52:02,13,9,true,true
184035,119240,Haven,0,1:37:16,7,13,true,true
184035,119241,Ascent,1,36:03,5,13,true,true
184036,119243,Fracture,1,52:42,13,6,true,true
184036,119244,Pearl,0,1:02:41,12,14,true,true
184036,119245,Lotus,,46:45,13,7,true,true
184037,119246,Split,1,1:07:55,8,13,true,true
184037,119247,Fracture,0,1:15:41,15,17,true,true
184038,119249,Lotus,1,1:21:01,4,13,true,true
184038,119250,Ascent,0,53:53,9,13,true,true
184039,119252,Icebox,0,54:31,5,13,true,true
184039,119253,Split,1,1:00:00,11,13,true,true
184040,119255,Ascent,1,1:14:46,11,13,true,true
184040,119256,Lotus,0,57:11,7,13,true,true
184041,119258,Ascent,0,55:29,13,8,true,true
184041,119259,Haven,1,50:02,13,9,true,true
184042,119261,Ascent,1,1:12:48,13,11,true,true
184042,119262,Icebox,0,59:52,11,13,true,true
184042,119263,Lotus,,56:03,10,13,true,true
184043,119264,Haven,0,1:33:12,14,12,true,true
184043,119265,Lotus,1,1:10:45,10,13,true,true
184043,119266,Icebox,,37:39,13,2,true,true
184044,119267,Lotus,1,1:10:00,6,13,true,true
184044,119268,Ascent,0,1:00:42,13,8,true,true
184044,119269,Haven,,59:34,11,13,true,true
184045,119270,Icebox,1,57:48,5,13,true,true
184045,119271,Lotus,0,43:45,5,13,true,true
184046,119273,Split,0,1:06:52,10,13,true,true
184046,119274,Fracture,1,56:06,10,13,true,true
184047,119276,Haven,1,1:09:14,12,14,true,true
184047,119277,Bind,0,50:32,8,13,true,true
184048,119279,Haven,0,57:35,13,8,true,true
184048,119280,Ascent,1,48:38,13,5,true,true
184049,119282,Pearl,0,1:06:02,13,3,true,true
184049,119283,Ascent,1,42:03,4,13,true,true
184049,119284,Bind,,44:02,5,13,true,true
184050,119285,Fracture,0,1:07:23,13,11,true,true
184050,119286,Bind,1,1:02:47,13,11,true,true
184051,119288,Pearl,0,1:15:24,9,13,true,true
184051,119289,Lotus,1,1:13:28,14,16,true,true
184052,119291,Lotus,0,55:49,13,6,true,true
184052,119292,Split,1,55:01,10,13,true,true
184052,119293,Ascent,,55:17,13,10,true,true
184053,119294,Lotus,0,1:07:26,9,13,true,true
184053,119295,Pearl,1,-,11,13,false,false
184054,119297,Haven,1,44:51,2,13,true,true
184054,119298,Lotus,0,1:05:30,10,13,true,true
184055,119300,Split,1,-,11,13,false,false
184055,119301,Ascent,0,46:27,13,7,true,true
184055,119302,Bind,,42:14,7,13,true,true
184056,119303,Fracture,0,1:09:57,13,7,true,true
184056,119304,Lotus,1,58:31,9,13,true,true
184056,119305,Ascent,,1:06:43,13,11,true,true
184057,119306,Lotus,0,1:30:41,13,9,true,true
184057,119307,Split,1,49:41,13,8,true,true
184058,119309,Haven,1,1:13:56,10,13,true,true
184058,119310,Lotus,0,1:09:11,13,15,true,true
184059,119312,Lotus,0,1:29:12,14,16,true,true
184059,119313,Ascent,1,41:33,5,13,true,true
184060,119315,Fracture,1,1:03:59,7,13,true,true
184060,119316,Split,0,58:09,13,11,true,true
184060,119317,Lotus,,44:41,8,13,true,true
184061,119318,Pearl,1,1:03:12,5,13,true,true
184061,119319,Haven,0,46:04,7,13,true,true
184456,119512,Ascent,1,1:09:35,5,13,true,true
184456,119513,Pearl,0,47:41,5,13,true,true
184457,119515,Pearl,1,1:20:17,13,8,true,true
184457,119516,Haven,0,40:44,4,13,true,true
184457,119517,Lotus,,47:04,13,7,true,true
184458,119518,Pearl,0,1:02:23,13,5,true,true
184458,119519,Lotus,1,56:00,13,11,true,true
184459,119521,Ascent,1,56:11,13,5,true,true
184459,119522,Icebox,0,46:47,8,13,true,true
184459,119523,Fracture,,35:52,13,3,true,true
184460,119524,Fracture,1,1:12:25,9,13,true,true
184460,119525,Lotus,0,39:05,6,13,true,true
184461,119527,Haven,0,1:06:39,10,13,true,true
184461,119528,Ascent,1,58:14,13,10,true,true
184461,119529,Lotus,,43:45,13,5,true,true
184462,119530,Ascent,1,57:56,8,13,true,true
184462,119531,Haven,0,41:33,6,13,true,true
184463,119533,Haven,0,1:01:36,11,13,true,true
184463,119534,Fracture,1,57:55,13,11,true,true
184463,119535,Split,,55:12,13,10,true,true
184465,119536,Lotus,1,57:19,13,8,true,true
184465,119537,Fracture,0,45:21,4,13,true,true
184465,119538,Pearl,,51:23,13,8,true,true
184466,119539,Haven,1,1:11:31,11,13,true,true
184466,119540,Split,0,1:23:20,15,17,true,true
184467,119542,Haven,0,49:43,13,4,true,true
184467,119543,Pearl,1,49:25,13,7,true,true
184468,119545,Pearl,0,45:21,3,13,true,true
184468,119546,Fracture,1,42:34,6,13,true,true
184469,119548,Pearl,1,1:09:53,9,13,true,true
184469,119549,Ascent,0,1:03:28,14,12,true,true
184469,119550,Haven,,48:00,13,8,true,true
184470,119551,Split,0,38:57,3,13,true,true
184470,119552,Pearl,1,49:19,10,13,true,true
184471,119554,Haven,1,1:03:34,8,13,true,true
184471,119555,Fracture,0,54:53,11,13,true,true
184472,119557,Ascent,1,51:25,5,13,true,true
184472,119558,Split,0,57:07,10,13,true,true
184473,119560,Icebox,0,56:54,10,13,true,true
184473,119561,Split,1,47:01,7,13,true,true
184474,119563,Ascent,0,57:31,5,13,true,true
184474,119564,Haven,1,43:59,5,13,true,true
184475,119566,Ascent,0,1:00:56,13,9,true,true
184475,119567,Haven,1,43:17,13,5,true,true
184476,119569,Split,1,58:56,6,13,true,true
184476,119570,Icebox,0,56:37,11,13,true,true
184477,119572,Icebox,0,57:55,7,13,true,true
184477,119573,Split,1,45:19,13,6,true,true
184477,119574,Pearl,,45:51,13,7,true,true
184478,119575,Haven,0,52:09,7,13,true,true
184478,119576,Fracture,1,52:23,13,10,true,true
184478,119577,Pearl,,43:48,4,13,true,true
184479,119578,Haven,1,1:09:19,13,9,true,true
184479,119579,Fracture,0,35:39,13,4,true,true
184480,119581,Ascent,1,55:23,13,11,true,true
184480,119582,Haven,0,50:02,13,8,true,true
184481,119584,Haven,1,1:00:46,8,13,true,true
184481,119585,Ascent,0,1:14:59,14,16,true,true
184482,119587,Lotus,0,1:09:01,13,9,true,true
184482,119588,Split,1,57:49,9,13,true,true
184482,119589,Fracture,,56:48,13,10,true,true
184483,119590,Split,0,1:05:11,13,9,true,true
184483,119591,Lotus,1,1:00:01,10,13,true,true
184483,119592,Fracture,,50:13,13,9,true,true
184484,119593,Pearl,0,56:36,13,8,true,true
184484,119594,Lotus,1,47:49,13,8,true,true
184485,119596,Haven,1,53:34,13,8,true,true
184485,119597,Split,0,54:47,10,13,true,true
184485,119598,Pearl,,38:45,2,13,true,true
184486,119599,Pearl,0,1:16:07,13,11,true,true
184486,119600,Split,1,37:31,4,13,true,true
184486,119601,Fracture,,51:11,10,13,true,true
184488,119602,Fracture,1,1:04:44,13,8,true,true
184488,119603,Lotus,0,49:09,13,7,true,true
184489,119605,Split,1,51:20,6,13,true,true
184489,119606,Ascent,0,52:40,10,13,true,true
184490,119608,Fracture,0,1:08:34,13,10,true,true
184490,119609,Pearl,1,56:52,13,11,true,true
184491,119611,Lotus,0,46:21,4,13,true,true
184491,119612,Bind,1,51:51,8,13,true,true
184492,119614,Fracture,1,1:03:37,13,8,true,true
184492,119615,Ascent,0,42:29,13,4,true,true
184493,119617,Split,0,48:45,13,7,true,true
184493,119618,Ascent,1,32:58,13,2,true,true
184494,119620,Fracture,0,57:43,11,13,true,true
184494,119621,Lotus,1,59:57,13,10,true,true
184494,119622,Bind,,40:43,3,13,true,true
184495,119623,Haven,0,1:01:37,13,8,true,true
184495,119624,Ascent,1,57:29,13,11,true,true
184496,119626,Lotus,1,55:32,13,7,true,true
184496,119627,Pearl,0,51:41,13,6,true,true
184497,119629,Split,1,52:25,13,3,true,true
184497,119630,Ascent,0,40:34,4,13,true,true
184497,119631,Haven,,44:36,7,13,true,true
184498,119632,Haven,1,54:29,13,8,true,true
184498,119633,Ascent,0,40:31,4,13,true,true
184498,119634,Fracture,,42:29,13,4,true,true
184499,119635,Bind,0,1:19:56,10,13,true,true
184499,119636,Pearl,1,58:06,9,13,true,true
184500,119638,Haven,0,1:00:21,13,9,true,true
184500,119639,Lotus,1,54:56,13,10,true,true
184501,119641,Lotus,0,1:10:57,13,11,true,true
184501,119642,Bind,1,40:33,13,4,true,true
184502,119644,Bind,0,59:51,9,13,true,true
184502,119645,Pearl,1,57:23,11,13,true,true
184513,119677,Haven,1,-,13,15,false,false
184513,119678,Ascent,0,-,12,14,false,false
184514,119680,Fracture,0,53:00,13,8,true,true
184514,119681,Ascent,1,54:32,11,13,true,true
184514,119682,Lotus,,47:54,13,7,true,true
184515,119683,Haven,1,1:06:10,9,13,true,true
184515,119684,Split,0,43:48,13,5,true,true
184515,119685,Bind,,40:04,13,4,true,true
184516,119686,Lotus,1,1:09:31,13,10,true,true
184516,119687,Fracture,0,48:03,13,10,true,true
184517,119689,Haven,1,56:05,13,10,true,true
184517,119690,Bind,0,59:50,12,14,true,true
184517,119691,Fracture,,55:10,13,10,true,true
184518,119692,Ascent,1,1:05:01,13,8,true,true
184518,119693,Haven,0,50:17,8,13,true,true
184518,119694,Split,,1:02:21,12,14,true,true
184519,119695,Fracture,1,51:35,5,13,true,true
184519,119696,Bind,0,46:32,6,13,true,true
184520,119698,Fracture,0,59:32,13,10,true,true
184520,119699,Ascent,1,56:07,13,10,true,true
184521,119701,Ascent,0,1:18:05,11,13,true,true
184521,119702,Fracture,1,54:44,13,11,true,true
184521,119703,Haven,0,56:27,13,11,true,true
184521,119704,Bind,1,49:13,6,13,true,true
184521,119705,Pearl,,56:41,13,9,true,true
184522,119706,Fracture,0,1:03:44,6,13,true,true
184522,119708,Ascent,1,1:09:21,14,16,true,true
184522,119712,Pearl,1,51:33,13,8,true,true
184522,119714,Bind,,41:04,13,6,true,true
184522,131784,Lotus,0,36:49,13,3,true,true
189050,123159,Ascent,1,52:59,5,13,true,true
189050,123160,Pearl,0,1:27:50,20,18,true,true
189050,123161,Bind,,43:30,6,13,true,true
189051,123162,Haven,0,1:13:56,13,11,true,true
189051,123163,Split,1,1:07:07,13,15,true,true
189051,123164,Ascent,,46:59,7,13,true,true
189052,123165,Haven,1,51:50,13,4,true,true
189052,123166,Ascent,0,43:18,13,5,true,true
189053,123168,Fracture,1,51:55,5,13,true,true
189053,123169,Bind,0,32:25,2,13,true,true
189054,123171,Fracture,1,1:01:55,13,9,true,true
189054,123172,Ascent,0,57:17,11,13,true,true
189054,123173,Bind,,39:53,13,3,true,true
189055,123174,Ascent,0,1:02:29,13,9,true,true
189055,123175,Bind,1,1:00:51,13,11,true,true
189055,123176,Fracture,0,56:14,13,11,true,true
189056,123179,Haven,1,57:03,13,8,true,true
189056,123180,Lotus,0,57:19,10,13,true,true
189056,123181,Ascent,,41:06,13,4,true,true
189057,123182,Bind,1,1:06:40,9,13,true,true
189057,123183,Haven,0,54:52,10,13,true,true
189058,123185,Pearl,1,1:03:19,13,10,true,true
189058,123186,Lotus,0,54:24,9,13,true,true
189058,123187,Haven,,57:07,12,14,true,true
189059,123188,Haven,1,1:15:50,13,11,true,true
189059,123189,Ascent,0,55:07,8,13,true,true
189059,123190,Lotus,1,58:37,10,13,true,true
189059,123191,Split,0,41:53,4,13,true,true
19071,34248,Haven,1,43:54,13,5,true,true
19071,34249,Icebox,0,36:09,13,4,true,true
19072,34251,Ascent,1,58:39,13,11,true,true
19072,34252,Icebox,0,1:26:22,13,10,true,true
19073,34254,Icebox,1,53:48,13,11,true,true
19073,34255,Haven,0,46:13,13,10,true,true
19074,34258,Ascent,0,59:30,14,12,true,true
19074,34971,Icebox,1,-,13,11,false,false
19075,34260,Haven,0,47:49,13,5,true,true
19075,34261,Bind,1,32:37,5,13,true,true
19075,34262,Ascent,,35:27,5,13,true,true
19076,34263,Split,1,1:07:23,16,14,true,true
19076,34264,Ascent,0,55:39,11,13,true,true
19076,34265,Haven,,40:43,4,13,true,true
19078,34266,Icebox,1,41:54,13,7,true,true
19078,34267,Haven,0,39:00,13,6,true,true
19079,34269,Haven,0,35:25,13,3,true,true
19079,34270,Ascent,1,1:00:34,13,15,true,true
19079,34271,Split,,1:01:07,12,14,true,true
19080,34272,Bind,1,42:14,13,5,true,true
19080,34273,Haven,0,33:18,13,4,true,true
19081,34275,Haven,0,51:00,13,9,true,true
19081,34276,Icebox,1,37:36,13,5,true,true
19082,34278,Icebox,1,55:40,5,13,true,true
19082,34279,Bind,0,40:21,6,13,true,true
19083,34281,Icebox,0,35:06,13,4,true,true
19083,34282,Haven,1,54:45,13,9,true,true
19084,34284,Split,1,31:04,13,2,true,true
19084,34285,Ascent,0,52:24,13,9,true,true
19085,34287,Icebox,1,1:03:52,12,14,true,true
19085,34288,Ascent,0,37:41,6,13,true,true
19086,34290,Ascent,0,46:47,8,13,true,true
19086,34291,Haven,1,41:03,5,13,true,true
19087,34293,Bind,0,56:00,13,10,true,true
19087,34294,Ascent,1,56:25,13,10,true,true
19088,34296,Bind,1,42:53,8,13,true,true
19088,34297,Ascent,0,43:56,13,8,true,true
19088,34298,Haven,,44:03,8,13,true,true
19089,34299,Split,0,1:17:24,14,12,true,true
19089,34300,Bind,1,1:05:59,16,14,true,true
19089,34301,Haven,0,43:10,13,11,true,true
213193,130941,Haven,1,1:01:20,5,13,true,true
213193,130942,Ascent,0,55:47,12,14,true,true
213194,130944,Lotus,1,56:09,6,13,true,true
213194,130945,Bind,0,55:21,13,11,true,true
213194,130946,Ascent,,58:02,13,11,true,true
213195,130947,Bind,0,1:14:00,9,13,true,true
213195,130948,Split,1,34:29,13,2,true,true
213195,130949,Lotus,,36:28,13,1,true,true
213196,130950,Bind,1,56:35,11,13,true,true
213196,130951,Split,0,1:07:49,10,13,true,true
213197,130953,Lotus,0,1:22:02,14,12,true,true
213197,130954,Bind,1,47:12,13,6,true,true
213198,130956,Lotus,0,1:29:11,13,11,true,true
213198,130957,Ascent,1,1:02:10,12,14,true,true
213198,130958,Haven,0,48:00,6,13,true,true
213198,131673,Fracture,1,53:41,11,13,true,true
213199,130959,Pearl,0,53:41,13,9,true,true
213199,130960,Ascent,1,56:26,13,9,true,true
213200,130962,Split,1,58:26,13,9,true,true
213200,130963,Haven,0,48:32,9,13,true,true
213200,130964,Lotus,,45:22,13,6,true,true
213201,130965,Lotus,1,1:05:44,8,13,true,true
213201,130966,Fracture,0,46:27,7,13,true,true
213202,130968,Ascent,0,1:00:04,13,5,true,true
213202,130969,Lotus,1,1:19:16,17,15,true,true
213202,130970,Split,0,41:10,13,5,true,true
219594,131826,Ascent,1,42:54,6,13,true,true
219594,131827,Lotus,0,53:54,13,10,true,true
219594,131828,Bind,,49:56,11,13,true,true
219595,131829,Haven,0,1:00:30,13,15,true,true
219595,131830,Split,1,54:30,11,13,true,true
219596,131832,Lotus,,32:15,4,13,true,true
219596,131833,Split,,56:26,12,14,true,true
219597,131835,Split,,39:10,5,13,true,true
219597,131836,Fracture,,34:00,4,13,true,true
219598,131838,Bind,,59:17,15,13,true,true
219598,131839,Pearl,,58:31,13,15,true,true
219598,131840,Split,,45:37,11,13,true,true
219599,131841,Lotus,0,1:05:42,16,14,true,true
219599,131842,Ascent,1,47:59,8,13,true,true
219599,131843,Split,,51:45,13,11,true,true
219600,131844,Haven,1,39:16,13,7,true,true
219600,131845,Lotus,0,57:33,12,14,true,true
219600,131846,Ascent,,53:50,13,11,true,true
219601,131847,Fracture,,28:30,13,3,true,true
219601,131848,Lotus,,24:52,13,1,true,true
220290,132539,Ascent,1,1:03:04,13,8,true,true
220290,132540,Lotus,0,1:02:13,12,14,true,true
220290,132541,Split,,47:19,13,6,true,true
220292,132542,Fracture,1,59:59,10,13,true,true
220292,132543,Haven,0,41:39,13,7,true,true
220292,132544,Pearl,,59:54,12,14,true,true
220293,132545,Lotus,1,1:10:03,11,13,true,true
220293,132546,Bind,0,49:20,13,7,true,true
220293,132547,Pearl,,55:41,13,11,true,true
220294,132548,Pearl,0,1:32:42,15,17,true,true
220294,132549,Bind,1,1:01:27,12,14,true,true
220295,132551,Fracture,0,48:53,4,13,true,true
220295,132552,Haven,1,44:24,6,13,true,true
220296,132554,Fracture,1,59:50,13,10,true,true
220296,132555,Pearl,0,48:18,13,7,true,true
220297,132557,Split,1,57:00,5,13,true,true
220297,132558,Lotus,0,1:00:24,12,14,true,true
220298,132560,Fracture,1,51:43,5,13,true,true
220298,132561,Ascent,0,55:18,9,13,true,true
220299,132563,Haven,1,56:12,13,8,true,true
220299,132564,Ascent,0,39:12,5,13,true,true
220299,132565,Lotus,,42:27,6,13,true,true
220300,132566,Bind,1,1:03:49,9,13,true,true
220300,132567,Fracture,0,49:00,13,8,true,true
220300,132568,Haven,,36:15,13,4,true,true
220441,132692,Split,1,1:02:11,13,10,true,true
220441,132693,Bind,0,49:51,13,10,true,true
220442,132695,Fracture,0,1:04:59,13,9,true,true
220442,132696,Bind,1,44:22,13,4,true,true
220443,132698,Haven,1,1:01:45,13,9,true,true
220443,132699,Split,0,51:48,8,13,true,true
220443,132700,Lotus,,58:09,13,11,true,true
220444,132701,Fracture,1,52:43,7,13,true,true
220444,132702,Ascent,0,48:02,5,13,true,true
220445,132704,Lotus,1,51:14,5,13,true,true
220445,132705,Bind,0,42:58,7,13,true,true
220446,132707,Fracture,1,42:10,2,13,true,true
220446,132708,Haven,0,48:18,9,13,true,true
220447,132710,Lotus,0,50:58,13,3,true,true
220447,132711,Fracture,1,50:13,9,13,true,true
220447,132712,Split,,57:58,13,11,true,true
220448,132713,Lotus,0,1:09:53,13,8,true,true
220448,132714,Split,1,1:00:36,13,11,true,true
220448,132715,Bind,0,1:03:02,14,12,true,true
220449,132718,Pearl,0,1:08:18,11,13,true,true
220449,132719,Haven,1,42:25,5,13,true,true
220450,132721,Lotus,1,57:50,13,6,true,true
220450,132722,Fracture,0,51:24,13,10,true,true
220451,132724,Haven,1,1:11:07,12,14,true,true
220451,132725,Ascent,0,55:51,13,8,true,true
220451,132726,Split,,44:01,5,13,true,true
220452,132727,Fracture,1,1:03:40,14,12,true,true
220452,132728,Split,0,49:36,9,13,true,true
220452,132729,Lotus,,48:13,13,8,true,true
220453,132730,Pearl,0,1:14:29,13,15,true,true
220453,132731,Lotus,1,43:29,13,6,true,true
220453,132732,Bind,,50:46,11,13,true,true
220454,132733,Fracture,0,58:08,13,7,true,true
220454,132734,Lotus,1,56:36,12,14,true,true
220454,132735,Split,0,48:09,10,13,true,true
220454,132736,Pearl,1,48:09,13,6,true,true
220454,132737,Ascent,,46:54,13,8,true,true
221176,133125,Lotus,1,41:25,13,4,true,true
221176,133126,Ascent,0,1:26:06,21,19,true,true
221177,133128,Split,,1:00:19,13,11,true,true
221177,133129,Haven,,41:13,13,8,true,true
221178,133131,Split,0,44:27,7,13,true,true
221178,133132,Bind,1,38:26,5,13,true,true
221179,133134,Haven,,45:11,10,13,true,true
221179,133135,Ascent,,31:32,5,13,true,true
221180,133137,Lotus,0,1:11:07,16,14,true,true
221180,133138,Split,1,33:42,13,4,true,true
221181,133140,Lotus,,37:17,13,7,true,true
221181,133141,Fracture,,49:20,14,12,true,true
221182,133143,Lotus,0,59:41,14,12,true,true
221182,133144,Ascent,1,43:56,8,13,true,true
221182,133145,Bind,,53:17,11,13,true,true
221183,133146,Bind,,53:39,11,13,true,true
221183,133147,Haven,,34:57,13,4,true,true
221183,133148,Split,,43:54,13,7,true,true
221837,133520,Fracture,1,50:07,13,10,true,true
221837,133521,Haven,0,51:04,13,11,true,true
221838,133523,Ascent,,53:06,11,13,true,true
221838,133524,Bind,,35:37,13,4,true,true
221838,133525,Split,,50:22,13,11,true,true
221839,133526,Split,0,55:11,13,11,true,true
221839,133527,Bind,1,1:00:13,14,12,true,true
221840,133529,Pearl,,1:00:00,15,13,true,true
221840,133530,Lotus,,43:12,10,13,true,true
221840,133531,Bind,,57:38,13,15,true,true
221841,133532,Ascent,1,32:59,13,4,true,true
221841,133533,Pearl,0,48:24,13,10,true,true
221842,133535,Lotus,,35:56,4,13,true,true
221842,133536,Pearl,,36:56,4,13,true,true
221843,133538,Bind,1,43:23,7,13,true,true
221843,133539,Ascent,0,44:26,9,13,true,true
221844,133541,Lotus,,54:07,13,11,true,true
221844,133542,Bind,,27:47,13,2,true,true
222364,133694,Haven,0,35:46,13,5,true,true
222364,133695,Lotus,1,43:34,13,9,true,true
222365,133697,Bind,1,56:22,12,14,true,true
222365,133698,Split,0,52:32,11,13,true,true
222366,133700,Ascent,1,47:09,8,13,true,true
222366,133701,Pearl,0,39:47,13,7,true,true
222366,133702,Split,,51:56,9,13,true,true
222367,133703,Pearl,,36:59,13,5,true,true
222367,133704,Bind,,42:24,9,13,true,true
222367,133705,Lotus,,30:14,13,2,true,true
222368,133706,Ascent,,33:18,13,2,true,true
222368,133707,Bind,,52:32,11,13,true,true
222368,133708,Lotus,,51:28,9,13,true,true
222369,133709,Lotus,,42:22,13,7,true,true
222369,133710,Split,,33:24,13,10,true,true
222530,133712,Split,0,46:44,8,13,true,true
222530,133713,Haven,1,39:32,13,9,true,true
222530,133714,Ascent,,58:28,13,15,true,true
222531,133715,Bind,1,50:28,13,11,true,true
222531,133716,Haven,0,30:21,1,13,true,true
222531,133717,Ascent,1,1:08:07,16,18,true,true
222532,133718,Haven,1,47:37,13,11,true,true
222532,133719,Lotus,0,33:12,13,5,true,true
232729,134548,Bind,1,1:02:20,7,13,true,true
232729,134549,Lotus,0,54:27,8,13,true,true
232730,134551,Pearl,1,1:10:41,12,14,true,true
232730,134552,Split,0,48:52,13,7,true,true
232730,134553,Bind,,51:59,13,7,true,true
232731,134554,Split,1,1:20:36,14,12,true,true
232731,134555,Ascent,0,39:27,4,13,true,true
232731,134556,Bind,,1:02:00,11,13,true,true
232732,134557,Pearl,1,1:03:43,13,8,true,true
232732,134558,Fracture,0,38:40,5,13,true,true
232732,134559,Split,,49:49,13,8,true,true
232733,134560,Split,1,54:06,5,13,true,true
232733,134561,Lotus,0,51:32,7,13,true,true
232734,134563,Ascent,1,52:21,13,4,true,true
232734,134564,Pearl,0,41:06,4,13,true,true
232734,134565,Haven,,42:06,6,13,true,true
232735,134566,Split,0,58:41,13,5,true,true
232735,134567,Pearl,1,51:25,8,13,true,true
232735,134568,Ascent,0,47:32,13,6,true,true
232735,134569,Lotus,1,55:42,13,10,true,true
232736,134571,Fracture,1,1:06:47,8,13,true,true
232736,134572,Split,0,39:41,4,13,true,true
232737,134574,Lotus,0,59:44,13,7,true,true
232737,134575,Pearl,1,53:50,13,9,true,true
232737,134576,Split,0,54:59,11,13,true,true
232737,134577,Haven,1,51:32,10,13,true,true
232737,134578,Bind,,45:35,7,13,true,true
235363,135070,Fracture,1,1:00:23,8,13,true,true
235363,135071,Pearl,0,59:07,13,10,true,true
235363,135072,Haven,,52:34,6,13,true,true
235364,135073,Haven,0,1:08:26,14,12,true,true
235364,135074,Lotus,1,51:09,9,13,true,true
235364,135075,Bind,,59:34,12,14,true,true
235365,135076,Split,1,1:11:12,6,13,true,true
235365,135077,Lotus,0,39:23,3,13,true,true
235366,135079,Pearl,1,1:17:35,13,11,true,true
235366,135080,Split,0,47:05,13,5,true,true
235367,135082,Haven,0,1:19:18,12,14,true,true
235367,135083,Pearl,1,45:15,5,13,true,true
235368,135085,Bind,0,1:19:21,13,11,true,true
235368,135086,Lotus,1,46:38,13,7,true,true
235368,135087,Haven,0,48:12,13,9,true,true
235371,135096,Lotus,1,1:01:11,13,6,true,true
235371,135097,Ascent,0,50:13,7,13,true,true
235371,135098,Pearl,,54:23,13,7,true,true
235372,135099,Split,0,1:19:13,12,14,true,true
235372,135100,Pearl,1,1:10:35,10,13,true,true
235372,135101,Fracture,0,55:02,9,13,true,true
235552,135273,Lotus,0,-,13,10,false,false
235552,135274,Split,1,-,5,13,false,false
235552,135275,Bind,,-,11,13,false,false
235553,135276,Lotus,0,-,13,10,false,false
235553,135277,Haven,1,-,13,7,false,false
235554,135279,Fracture,0,-,9,13,false,false
235554,135280,Bind,1,-,10,13,false,false
235555,135282,Fracture,1,-,13,6,false,false
235555,135283,Bind,0,-,13,7,false,false
235556,135285,Haven,1,-,10,13,false,false
235556,135286,Lotus,0,-,5,13,false,false
235556,135287,Split,1,-,2,13,false,false
235557,135288,Split,0,-,6,13,false,false
235557,135289,Haven,1,-,2,13,false,false
235557,135290,Bind,0,-,2,13,false,false
235558,135291,Pearl,0,-,3,13,false,false
235558,135292,Bind,1,-,10,13,false,false
235558,135293,Split,0,-,4,13,false,false
235559,135296,Split,1,-,13,6,false,false
235559,135297,Fracture,0,-,13,4,false,false
235559,135298,Bind,1,-,12,14,false,false
235559,135299,Haven,0,-,14,12,false,false
235560,135301,Fracture,0,-,13,5,false,false
235560,135302,Split,1,-,13,5,false,false
235561,135304,Lotus,0,-,13,5,false,false
235561,135305,Ascent,1,-,13,9,false,false
235562,135307,Lotus,1,-,9,13,false,false
235562,135308,Split,0,-,13,6,false,false
235562,135309,Ascent,,-,8,13,false,false
235563,135310,Split,0,-,3,13,false,false
235563,135311,Fracture,1,-,13,10,false,false
235563,135312,Ascent,,-,14,12,false,false
235564,135313,Pearl,1,-,8,13,false,false
235564,135314,Bind,0,-,13,7,false,false
235564,135315,Ascent,1,-,11,13,false,false
235564,135316,Fracture,0,-,10,13,false,false
235565,135318,Lotus,1,-,11,13,false,false
235565,135319,Bind,0,-,13,9,false,false
235565,135320,Pearl,1,-,9,13,false,false
235565,135321,Split,0,-,13,6,false,false
235565,135322,Ascent,,-,13,5,false,false
235566,135323,Haven,1,-,13,9,false,false
235566,135324,Lotus,0,-,18,16,false,false
235567,135326,Bind,1,-,13,11,false,false
235567,135327,Haven,0,-,6,13,false,false
235567,135328,Split,,-,13,2,false,false
235568,135329,Pearl,0,-,13,4,false,false
235568,135330,Lotus,1,-,13,9,false,false
235569,135332,Haven,0,-,10,13,false,false
235569,135333,Bind,1,-,13,9,false,false
235569,135334,Split,,-,13,5,false,false
237266,135648,Fracture,1,1:00:08,13,7,true,true
237266,135649,Ascent,0,53:31,13,8,true,true
237267,135651,Split,1,1:07:50,13,10,true,true
237267,135652,Ascent,0,1:30:15,13,10,true,true
237268,135654,Pearl,1,1:02:57,11,13,true,true
237268,135655,Split,0,57:09,13,10,true,true
237268,135656,Haven,,1:08:29,15,13,true,true
237269,135657,Haven,1,46:32,2,13,true,true
237269,135658,Split,0,49:56,13,8,true,true
237269,135659,Ascent,,1:37:29,21,19,true,true
237270,135660,Haven,0,43:38,13,6,true,true
237270,135661,Ascent,1,50:53,13,8,true,true
237271,135663,Lotus,1,1:05:02,13,9,true,true
237271,135664,Fracture,0,41:14,13,7,true,true
237272,135666,Haven,0,48:24,6,13,true,true
237272,135667,Lotus,1,35:32,13,2,true,true
237272,135668,Ascent,,47:47,7,13,true,true
237273,135669,Haven,0,1:02:01,10,13,true,true
237273,135670,Pearl,1,57:22,13,11,true,true
237273,135671,Ascent,0,35:26,13,2,true,true
237273,135672,Lotus,1,51:55,13,6,true,true
237274,135674,Fracture,0,1:15:11,14,12,true,true
237274,135675,Ascent,1,53:28,9,13,true,true
237274,135676,Split,0,49:56,13,7,true,true
237274,135677,Lotus,1,49:02,13,6,true,true
247075,137350,Split,1,58:16,13,7,true,true
247075,137351,Pearl,0,48:43,13,8,true,true
247076,137353,Split,1,1:19:18,13,15,true,true
247076,137354,Bind,0,55:05,13,11,true,true
247076,137355,Ascent,,47:40,13,8,true,true
247077,137356,Fracture,1,48:45,13,7,true,true
247077,137357,Pearl,0,1:04:11,16,14,true,true
247078,137359,Lotus,0,1:07:37,10,13,true,true
247078,137360,Pearl,1,1:07:48,12,14,true,true
247079,137362,Split,1,59:38,13,6,true,true
247079,137363,Fracture,0,47:05,13,7,true,true
247086,137365,Ascent,0,55:48,13,8,true,true
247086,137366,Pearl,1,47:22,13,8,true,true
247087,137368,Pearl,1,50:32,13,4,true,true
247087,137369,Haven,0,41:49,13,7,true,true
247088,137371,Pearl,0,1:13:09,15,13,true,true
247088,137372,Bind,1,50:36,13,9,true,true
247089,137374,Lotus,0,1:03:03,10,13,true,true
247089,137375,Bind,1,49:05,7,13,true,true
247090,137377,Bind,1,51:48,13,10,true,true
247090,137378,Pearl,0,1:01:07,14,12,true,true
247093,137380,Fracture,1,50:09,13,5,true,true
247093,137381,Haven,0,45:05,13,6,true,true
247094,137383,Lotus,1,1:01:04,12,14,true,true
247094,137384,Split,0,46:45,8,13,true,true
247095,137386,Haven,1,43:06,13,2,true,true
247095,137387,Lotus,0,52:39,13,8,true,true
247096,137389,Bind,0,-,13,15,false,false
247096,137390,Haven,1,34:49,1,13,true,true
247098,137392,Bind,1,1:04:04,13,10,true,true
247098,137393,Ascent,0,40:36,13,5,true,true
247100,137395,Fracture,1,1:18:55,11,13,true,true
247100,137396,Bind,0,1:22:57,15,17,true,true
247101,137398,Lotus,1,1:17:19,13,15,true,true
247101,137399,Split,0,47:47,13,6,true,true
247101,137400,Ascent,,52:46,13,8,true,true
247102,137401,Bind,0,1:17:30,13,15,true,true
247102,137402,Split,1,51:50,13,9,true,true
247102,137403,Lotus,,1:03:37,12,14,true,true
247103,137404,Haven,1,54:59,2,13,true,true
247103,137405,Split,0,1:01:40,8,13,true,true
247104,137407,Pearl,0,1:16:45,13,11,true,true
247104,137408,Ascent,1,58:56,11,13,true,true
247104,137409,Bind,,59:34,11,13,true,true
248270,137618,Ascent,1,1:09:19,11,13,true,true
248270,137619,Lotus,0,44:40,6,13,true,true
248271,137621,Ascent,1,54:58,13,10,true,true
248271,137622,Pearl,0,38:42,13,4,true,true
248272,137624,Lotus,1,1:04:41,13,10,true,true
248272,137625,Haven,0,48:59,13,9,true,true
248273,137627,Split,1,1:13:52,12,14,true,true
248273,137628,Ascent,0,42:56,13,5,true,true
248273,137629,Pearl,,41:13,13,5,true,true
248274,137630,Lotus,0,1:17:41,13,15,true,true
248274,137631,Split,1,33:43,13,2,true,true
248274,137632,Pearl,,54:17,10,13,true,true
248275,137633,Fracture,1,1:02:57,9,13,true,true
248275,137634,Lotus,0,36:28,4,13,true,true
248276,137636,Ascent,1,1:11:31,10,13,true,true
248276,137637,Bind,0,48:25,13,9,true,true
248276,137638,Pearl,,1:06:45,15,13,true,true
248277,137639,Split,0,54:56,10,13,true,true
248277,137640,Ascent,1,56:54,13,11,true,true
248277,137641,Bind,0,41:55,5,13,true,true
248277,137642,Lotus,1,52:22,10,13,true,true
248278,137644,Split,0,55:48,13,5,true,true
248278,137645,Haven,1,47:46,13,9,true,true
248279,137647,Bind,0,46:24,4,13,true,true
248279,137648,Split,1,1:03:07,15,13,true,true
248279,137649,Haven,,48:16,10,13,true,true
248280,137650,Bind,1,43:48,13,1,true,true
248280,137651,Haven,0,52:41,9,13,true,true
248280,137652,Split,,45:26,6,13,true,true
248281,137653,Bind,1,1:13:21,11,13,true,true
248281,137654,Ascent,0,40:33,13,5,true,true
248281,137655,Haven,,49:54,13,11,true,true
248282,137656,Split,0,1:13:00,4,13,true,true
248282,137657,Ascent,1,57:42,13,9,true,true
248282,137658,Haven,,48:59,7,13,true,true
248283,137659,Ascent,0,1:24:07,14,12,true,true
248283,137660,Lotus,1,44:07,13,4,true,true
248283,137661,Pearl,0,51:03,8,13,true,true
248283,137662,Split,1,49:19,7,13,true,true
248283,137663,Bind,,49:42,13,8,true,true
29391,46671,Breeze,0,33:16,13,3,true,true
29391,46672,Ascent,1,42:18,7,13,true,true
29391,46673,Bind,0,33:12,13,4,true,true
29392,46674,Haven,0,41:31,13,7,true,true
29392,46675,Breeze,1,50:20,11,13,true,true
29392,46676,Ascent,0,46:18,13,8,true,true
29393,46677,Haven,0,41:40,13,6,true,true
29393,46678,Breeze,1,44:27,13,9,true,true
29394,46680,Haven,0,42:10,13,6,true,true
29394,46681,Split,1,42:41,13,5,true,true
29395,46683,Icebox,0,48:43,13,11,true,true
29395,46684,Haven,1,44:20,13,11,true,true
29396,46686,Haven,1,49:12,13,11,true,true
29396,46687,Ascent,0,45:59,13,11,true,true
29397,46689,Split,0,37:58,13,2,true,true
29397,46690,Haven,1,41:31,13,8,true,true
29398,46692,Bind,1,46:41,13,11,true,true
29398,46693,Breeze,0,47:10,11,13,true,true
29398,46694,Haven,1,36:05,13,6,true,true
29398,46695,Split,0,37:20,13,5,true,true
29399,46697,Split,1,52:55,10,13,true,true
29399,46698,Haven,0,42:02,13,6,true,true
29399,46699,Breeze,1,41:07,13,5,true,true
29400,46700,Ascent,0,42:25,8,13,true,true
29400,46701,Split,1,38:09,13,6,true,true
29400,46702,Bind,0,42:46,13,9,true,true
29401,46703,Haven,0,39:55,7,13,true,true
29401,46704,Split,1,49:46,13,10,true,true
29401,46705,Ascent,0,52:16,13,7,true,true
29402,46706,Haven,0,53:09,12,14,true,true
29402,46707,Bind,1,47:50,13,10,true,true
29402,46708,Ascent,0,43:52,13,8,true,true
29403,46709,Ascent,0,49:23,11,13,true,true
29403,46710,Haven,1,40:33,7,13,true,true
29404,46712,Haven,1,35:01,5,13,true,true
29404,46713,Breeze,0,43:54,13,10,true,true
29404,46714,Ascent,1,44:15,13,10,true,true
29404,48136,Icebox,0,44:36,8,13,true,true
29404,48137,Split,,35:04,13,5,true,true
295605,153722,Breeze,1,55:08,13,10,true,true
295605,153723,Ascent,0,48:14,13,8,true,true
295606,153725,Bind,0,1:06:54,13,11,true,true
295606,153726,Split,1,47:29,8,13,true,true
295606,153727,Lotus,,57:07,13,10,true,true
295607,153728,Sunset,1,1:00:41,13,7,true,true
295607,153729,Ascent,0,58:34,14,12,true,true
295608,153731,Split,1,1:14:12,9,13,true,true
295608,153732,Breeze,0,56:26,11,13,true,true
295609,153734,Bind,0,1:16:03,12,14,true,true
295609,153735,Ascent,1,56:21,9,13,true,true
295610,153737,Split,1,1:12:09,13,11,true,true
295610,153738,Ascent,0,51:45,13,9,true,true
295611,153740,Bind,1,1:03:18,13,9,true,true
295611,153741,Split,0,36:37,3,13,true,true
295611,153742,Icebox,,53:07,13,11,true,true
295612,153743,Bind,1,1:11:38,11,13,true,true
295612,153744,Split,0,58:10,13,10,true,true
295612,153745,Ascent,,50:10,13,7,true,true
295613,153746,Lotus,1,49:56,13,5,true,true
295613,153747,Bind,0,44:57,6,13,true,true
295613,153748,Split,,45:29,13,8,true,true
295614,153749,Split,1,50:11,3,13,true,true
295614,153750,Breeze,0,45:00,13,6,true,true
295614,153751,Bind,,52:54,9,13,true,true
295615,153752,Icebox,1,1:06:10,13,9,true,true
295615,153753,Sunset,0,53:13,9,13,true,true
295615,153754,Ascent,,56:40,11,13,true,true
295617,153758,Sunset,0,1:18:54,13,15,true,true
295617,153759,Icebox,1,1:01:40,11,13,true,true
295619,153764,Split,1,58:24,13,8,true,true
295619,153765,Sunset,0,45:29,13,8,true,true
29664,47104,Icebox,1,41:01,13,6,true,true
29664,47105,Bind,0,28:59,13,1,true,true
29665,47107,Split,1,46:26,10,13,true,true
29665,47108,Ascent,0,42:14,7,13,true,true
29666,47110,Haven,0,39:48,7,13,true,true
29666,47111,Bind,1,48:04,10,13,true,true
29667,49062,Ascent,0,44:52,6,13,true,true
29667,49063,Split,1,32:06,3,13,true,true
29668,47116,Bind,0,36:08,5,13,true,true
29668,47117,Haven,1,35:44,13,5,true,true
29668,47118,Ascent,1,1:01:18,14,16,true,true
29669,47119,Icebox,1,28:23,2,13,true,true
29669,47120,Ascent,0,42:40,8,13,true,true
29670,47122,Split,0,52:00,10,13,true,true
29670,47123,Breeze,1,50:36,11,13,true,true
29671,47125,Haven,1,44:38,8,13,true,true
29671,47126,Split,0,39:38,7,13,true,true
29671,47127,Breeze,1,43:17,13,7,true,true
29671,47128,Icebox,0,40:50,13,7,true,true
29671,47129,Ascent,,38:06,8,13,true,true
29672,47131,Icebox,0,48:14,13,11,true,true
29672,47132,Ascent,0,45:01,13,11,true,true
29672,49105,Bind,1,55:18,12,14,true,true
29673,47133,Ascent,1,31:39,2,13,true,true
29673,47134,Haven,,48:00,11,13,true,true
296730,155114,Bind,1,52:23,13,10,true,true
296730,155115,Icebox,0,43:16,13,7,true,true
296731,155117,Breeze,1,53:43,8,13,true,true
296731,155118,Ascent,0,30:27,3,13,true,true
296732,155120,Split,0,1:00:25,13,10,true,true
296732,155121,Ascent,1,46:12,13,8,true,true
296733,155123,Lotus,0,57:15,7,13,true,true
296733,155124,Breeze,1,52:48,11,13,true,true
296734,155126,Breeze,1,53:46,8,13,true,true
296734,155127,Ascent,0,44:44,7,13,true,true
296735,155129,Breeze,1,3:22:31,18,16,true,true
296735,155130,Lotus,0,47:45,13,6,true,true
296736,155132,Lotus,1,1:01:21,13,8,true,true
296736,155133,Breeze,0,44:13,13,8,true,true
296737,155135,Ascent,1,1:06:46,11,13,true,true
296737,155136,Lotus,0,42:44,13,4,true,true
296737,155137,Sunset,,44:57,13,7,true,true
296738,155138,Sunset,1,58:19,9,13,true,true
296738,155139,Icebox,0,53:56,13,10,true,true
296738,155140,Split,,55:06,11,13,true,true
296739,155141,Bind,1,55:38,13,8,true,true
296739,155142,Lotus,0,36:39,13,3,true,true
29674,47136,Bind,0,38:34,13,6,true,true
29674,47137,Icebox,1,33:19,13,6,true,true
296745,155159,Icebox,1,50:50,13,11,true,true
296745,155160,Split,0,48:33,11,13,true,true
296745,155161,Sunset,,45:26,13,8,true,true
296747,155165,Breeze,0,1:02:09,13,10,true,true
296747,155166,Lotus,1,49:07,10,13,true,true
296747,155167,Sunset,,40:11,7,13,true,true
296749,155171,Lotus,1,1:06:04,13,7,true,true
296749,155172,Breeze,0,53:06,10,13,true,true
296749,155173,Icebox,,50:20,13,11,true,true
29675,47139,Ascent,1,48:00,13,11,true,true
29675,47140,Haven,0,25:30,13,2,true,true
29676,47142,Bind,0,46:35,11,13,true,true
29676,47143,Haven,1,54:04,12,14,true,true
29677,47145,Bind,0,39:59,6,13,true,true
29677,47146,Ascent,1,48:28,11,13,true,true
297253,155759,Icebox,1,36:23,1,13,true,true
297253,155760,Ascent,0,46:02,8,13,true,true
297254,155762,Breeze,0,52:39,13,5,true,true
297254,155763,Lotus,1,53:25,9,13,true,true
297254,155764,Icebox,,1:00:12,13,15,true,true
297255,155765,Icebox,0,54:35,13,6,true,true
297255,155766,Ascent,1,39:03,13,4,true,true
297256,155768,Split,1,1:18:27,14,16,true,true
297256,155769,Ascent,0,41:48,6,13,true,true
297257,155771,Bind,0,1:15:25,12,14,true,true
297257,155772,Lotus,1,45:52,8,13,true,true
297258,155774,Ascent,1,57:17,5,13,true,true
297258,155775,Split,0,35:10,13,4,true,true
297258,155776,Lotus,1,49:09,11,13,true,true
297258,155777,Bind,0,31:31,4,13,true,true
297401,156072,Lotus,1,59:29,11,13,true,true
297401,156073,Bind,0,50:07,10,13,true,true
297402,156075,Split,1,1:01:38,11,13,true,true
297402,156076,Sunset,0,48:18,13,10,true,true
297402,156077,Lotus,,41:04,4,13,true,true
297403,156078,Split,1,47:37,13,4,true,true
297403,156079,Lotus,0,42:55,13,4,true,true
297404,156081,Split,1,43:40,13,6,true,true
297404,156082,Icebox,0,46:54,8,13,true,true
297404,156083,Sunset,,42:03,13,7,true,true
297405,156084,Lotus,1,1:29:33,20,18,true,true
297405,156085,Bind,0,39:33,4,13,true,true
297405,156086,Sunset,,45:00,13,7,true,true
297406,156087,Bind,0,49:25,8,13,true,true
297406,156088,Ascent,1,40:33,13,6,true,true
297406,156089,Breeze,,38:05,13,6,true,true
297407,156090,Icebox,0,55:23,13,10,true,true
297407,156091,Bind,1,50:40,13,11,true,true
297408,156093,Split,1,45:54,13,7,true,true
297408,156094,Breeze,0,41:49,13,7,true,true
297409,156096,Bind,0,48:18,5,13,true,true
297409,156097,Split,1,50:52,10,13,true,true
297410,156099,Sunset,1,1:01:22,11,13,true,true
297410,156100,Icebox,0,1:00:48,14,12,true,true
297410,156101,Split,,51:34,10,13,true,true
297412,156102,Sunset,0,1:02:19,13,10,true,true
297412,156103,Lotus,1,45:09,13,7,true,true
297414,156108,Lotus,1,1:00:13,12,14,true,true
297414,156109,Ascent,0,41:27,5,13,true,true
297416,156114,Breeze,1,59:21,4,13,true,true
297416,156115,Lotus,0,1:05:02,15,13,true,true
297416,156116,Sunset,,43:26,13,3,true,true
298687,157884,Ascent,1,-,13,4,false,false
298687,157885,Sunset,0,-,13,3,false,false
298688,157888,Lotus,0,-,13,5,false,false
298688,161387,Sunset,1,-,13,10,false,false
298689,157890,Sunset,1,-,11,13,false,false
298689,157891,Bind,0,-,13,11,false,false
298689,157892,Lotus,,-,10,13,false,false
298690,157893,Ascent,0,-,11,13,false,false
298690,157894,Split,1,-,11,13,false,false
298691,157896,Split,1,-,13,5,false,false
298691,157897,Lotus,0,-,13,4,false,false
298692,157899,Lotus,0,-,8,13,false,false
298692,157900,Bind,1,-,14,16,false,false
298693,157902,Sunset,1,-,13,11,false,false
298693,157903,Ascent,0,-,13,4,false,false
298694,157905,Icebox,1,-,11,13,false,false
298694,157906,Split,0,-,13,8,false,false
298694,157907,Bind,,-,10,13,false,false
298695,157908,Icebox,1,-,13,11,false,false
298695,157909,Sunset,0,-,13,8,false,false
298696,157911,Bind,1,-,5,13,false,false
298696,157912,Icebox,0,-,14,12,false,false
298696,157913,Lotus,,-,13,10,false,false
298697,157914,Ascent,0,-,9,13,false,false
298697,157915,Icebox,1,-,7,13,false,false
298698,157917,Bind,1,-,10,13,false,false
298698,157918,Ascent,0,-,13,10,false,false
298698,157919,Breeze,,-,11,13,false,false
298699,157920,Sunset,1,-,9,13,false,false
298699,157921,Icebox,0,-,10,13,false,false
298830,157946,Breeze,1,-,16,18,false,false
298830,157947,Lotus,0,-,13,6,false,false
298830,157948,Split,,-,13,8,false,false
298831,157949,Lotus,1,-,13,3,false,false
298831,157950,Ascent,0,-,13,8,false,false
298832,157952,Lotus,1,-,13,11,false,false
298832,157953,Sunset,0,-,13,15,false,false
298832,157954,Bind,,-,12,14,false,false
298833,157955,Ascent,1,-,13,10,false,false
298833,157956,Breeze,0,-,13,6,false,false
298834,157958,Sunset,1,-,14,12,false,false
298834,157959,Bind,0,-,13,6,false,false
298835,157961,Breeze,0,-,12,14,false,false
298835,157962,Split,1,-,6,13,false,false
298835,157963,Icebox,0,-,13,8,false,false
298835,157964,Ascent,1,-,14,16,false,false
303086,160715,Sunset,0,1:11:51,9,13,true,true
303086,160716,Split,1,41:08,3,13,true,true
303086,160717,Icebox,0,53:28,13,11,true,true
303086,160724,Bind,1,51:03,13,8,true,true
303086,160725,Lotus,,44:02,4,13,true,true
303087,160718,Ascent,1,58:24,13,7,true,true
303087,160719,Icebox,0,47:45,7,13,true,true
303087,160720,Sunset,,40:45,5,13,true,true
303088,160721,Sunset,1,1:17:21,14,16,true,true
303088,160722,Ascent,0,53:29,13,8,true,true
303088,160723,Split,,40:57,3,13,true,true
303093,160735,Sunset,0,1:24:32,16,14,true,true
303093,160736,Breeze,1,38:41,13,4,true,true
303094,160738,Lotus,0,1:04:42,10,13,true,true
303094,160739,Split,1,47:04,8,13,true,true
303095,160741,Sunset,1,1:07:06,13,9,true,true
303095,160742,Lotus,0,43:40,7,13,true,true
303095,160743,Icebox,1,42:55,7,13,true,true
303095,160744,Split,0,38:24,5,13,true,true
30597,47761,Bind,0,39:16,13,4,true,true
30597,47762,Breeze,1,35:18,13,4,true,true
30598,47764,Ascent,0,42:04,13,2,true,true
30598,47765,Haven,1,43:39,13,7,true,true
30599,47767,Split,0,39:11,13,4,true,true
30599,47768,Bind,1,31:18,13,4,true,true
30600,47770,Haven,0,56:36,11,13,true,true
30600,47771,Split,1,51:00,13,11,true,true
30600,47772,Breeze,0,59:40,13,15,true,true
30601,47773,Bind,0,42:43,13,5,true,true
30601,47774,Ascent,1,46:38,13,7,true,true
30602,47776,Split,0,1:01:32,12,14,true,true
30602,47777,Bind,1,57:54,14,12,true,true
30602,47778,Haven,0,47:15,13,9,true,true
30603,47779,Icebox,0,36:29,13,1,true,true
30603,47780,Split,1,49:01,9,13,true,true
30603,47781,Bind,0,37:21,13,5,true,true
30603,47782,Ascent,1,43:46,13,5,true,true
30752,47875,Breeze,0,42:24,13,7,true,true
30752,47876,Icebox,1,1:08:47,17,15,true,true
30753,47878,Ascent,0,41:06,13,8,true,true
30753,47879,Icebox,1,1:20:38,19,17,true,true
30754,47881,Ascent,0,38:04,13,6,true,true
30755,47884,Icebox,0,27:02,13,2,true,true
30756,47887,Bind,0,40:16,13,7,true,true
30756,47888,Ascent,1,48:43,10,13,true,true
30756,47889,Icebox,,35:35,13,5,true,true
307564,161388,Sunset,0,51:03,13,4,true,true
307564,161389,Bind,1,44:57,13,7,true,true
307565,161391,Sunset,0,56:59,9,13,true,true
307565,161392,Breeze,1,42:05,6,13,true,true
307567,161394,Sunset,0,1:08:42,13,8,true,true
307567,161395,Ascent,1,1:14:01,15,13,true,true
30757,47890,Bind,1,35:37,13,4,true,true
30757,47891,Ascent,0,34:00,13,5,true,true
307572,161397,Split,1,1:01:27,7,13,true,true
307572,161398,Ascent,0,45:03,6,13,true,true
307573,161400,Sunset,0,1:00:34,9,13,true,true
307573,161401,Split,1,1:08:34,15,13,true,true
307573,161402,Breeze,,59:07,10,13,true,true
307574,161403,Sunset,0,54:28,13,8,true,true
307574,161404,Breeze,1,47:08,9,13,true,true
307574,161405,Split,,52:50,9,13,true,true
30758,47893,Bind,0,38:55,13,6,true,true
30758,47894,Split,1,34:24,5,13,true,true
30758,47895,Haven,,47:52,10,13,true,true
30759,47896,Ascent,1,32:50,13,1,true,true
30759,47897,Split,0,51:47,11,13,true,true
30759,47898,Bind,1,38:48,5,13,true,true
30759,47899,Haven,0,27:39,3,13,true,true
30760,47901,Haven,1,24:18,1,13,true,true
30760,47902,Breeze,0,28:15,3,13,true,true
30761,47904,Icebox,0,30:29,13,4,true,true
30761,47905,Bind,1,1:42:41,22,24,true,true
30761,47906,Split,,51:02,8,13,true,true
30762,47907,Split,0,42:32,13,6,true,true
30762,47908,Ascent,1,25:36,13,0,true,true
30763,47910,Ascent,0,1:00:41,12,14,true,true
30763,47911,Breeze,1,45:11,13,7,true,true
30763,47912,Split,,47:12,8,13,true,true
30764,47913,Bind,1,42:34,13,7,true,true
30764,47914,Breeze,0,47:10,13,10,true,true
30765,47916,Split,0,48:06,10,13,true,true
30765,47917,Bind,1,1:17:52,17,15,true,true
30765,47918,Ascent,,1:01:43,13,15,true,true
30766,47919,Split,0,56:22,11,13,true,true
30766,47920,Bind,1,36:40,13,3,true,true
30766,47921,Icebox,,1:07:07,16,14,true,true
30767,47922,Icebox,0,56:38,8,13,true,true
30767,47924,Ascent,,33:34,13,4,true,true
30767,49623,Bind,1,32:59,13,3,true,true
30768,47925,Ascent,0,31:13,13,3,true,true
30768,47926,Icebox,1,43:46,7,13,true,true
30768,47927,Bind,,1:03:09,14,12,true,true
30769,47928,Ascent,1,1:13:26,16,18,true,true
30769,47929,Bind,0,35:21,4,13,true,true
30769,47930,Breeze,1,43:20,13,9,true,true
30769,47931,Haven,0,38:26,7,13,true,true
30770,47933,Icebox,0,50:01,13,10,true,true
30770,47934,Bind,1,40:53,7,13,true,true
30770,47935,Split,,53:43,13,11,true,true
30771,47936,Icebox,,32:11,13,4,true,true
30771,47937,Haven,,54:45,14,12,true,true
30772,47939,Ascent,1,1:04:15,15,13,true,true
30772,47940,Bind,0,42:57,13,7,true,true
30773,47942,Ascent,0,48:04,13,11,true,true
30773,47943,Split,1,26:13,2,13,true,true
30773,47944,Breeze,,44:25,13,9,true,true
30888,48101,Haven,1,42:19,9,13,true,true
30888,48102,Split,0,25:40,13,2,true,true
30888,48103,Bind,0,43:30,13,11,true,true
30889,48104,Haven,,27:25,13,2,true,true
30889,48105,Breeze,,40:16,13,9,true,true
30890,48107,Icebox,,36:49,13,7,true,true
30890,48108,Bind,,56:29,14,12,true,true
30891,48110,Haven,,31:53,13,5,true,true
30891,48111,Ascent,,28:37,13,0,true,true
30892,48113,Bind,,37:49,13,6,true,true
30892,48114,Split,,33:43,13,5,true,true
30893,48116,Icebox,,39:12,9,13,true,true
30893,48117,Split,,1:01:11,13,15,true,true
30894,48119,Icebox,,41:36,13,10,true,true
30894,48120,Haven,,49:18,11,13,true,true
30894,48121,Breeze,,46:00,13,11,true,true
30895,48122,Icebox,,38:02,6,13,true,true
30895,48123,Split,,41:21,7,13,true,true
30896,48125,Icebox,,51:28,13,6,true,true
30896,48126,Bind,,34:03,13,5,true,true
30897,48128,Haven,,42:02,9,13,true,true
30897,48129,Bind,,29:58,3,13,true,true
312765,162326,Icebox,1,59:51,13,8,true,true
312765,162327,Lotus,0,52:09,13,10,true,true
312766,162329,Icebox,1,1:02:44,13,11,true,true
312766,162330,Breeze,0,56:26,8,13,true,true
312766,162331,Ascent,,38:16,13,5,true,true
312767,162332,Sunset,1,1:00:56,8,13,true,true
312767,162333,Bind,0,49:11,13,9,true,true
312767,162334,Split,,43:49,13,9,true,true
312768,162335,Lotus,0,1:00:37,13,9,true,true
312768,162336,Sunset,1,44:43,5,13,true,true
312768,162337,Bind,,55:14,13,11,true,true
312776,162338,Split,0,48:34,13,4,true,true
312776,162339,Icebox,1,59:35,12,14,true,true
312776,162340,Sunset,,1:02:35,14,12,true,true
312777,162341,Split,1,55:37,13,8,true,true
312777,162342,Lotus,0,42:42,13,9,true,true
312778,162344,Split,1,53:39,13,5,true,true
312778,162345,Lotus,0,48:49,7,13,true,true
312778,162346,Breeze,,34:04,13,3,true,true
312779,162347,Breeze,0,1:03:12,13,8,true,true
312779,162348,Bind,1,1:04:16,12,14,true,true
312779,162349,Ascent,0,46:25,13,8,true,true
312779,162350,Split,1,49:51,10,13,true,true
312779,162351,Icebox,,42:05,6,13,true,true
312780,162352,Ascent,1,1:00:58,13,11,true,true
312780,163448,Sunset,0,46:09,13,8,true,true
312781,162353,Lotus,0,1:12:27,14,12,true,true
312781,162354,Ascent,1,41:11,13,6,true,true
312781,162355,Split,0,38:13,5,13,true,true
312781,162356,Sunset,1,33:56,13,3,true,true
312797,162358,Icebox,1,55:41,13,8,true,true
312797,162359,Split,0,39:50,5,13,true,true
312797,162360,Breeze,,45:16,6,13,true,true
312798,162361,Split,0,57:04,13,8,true,true
312798,162362,Lotus,1,56:49,13,11,true,true
312799,162364,Sunset,1,59:31,10,13,true,true
312799,162365,Lotus,0,46:56,13,10,true,true
312799,162366,Split,,39:37,7,13,true,true
312800,162367,Sunset,1,42:32,5,13,true,true
312800,162368,Breeze,0,53:05,11,13,true,true
312802,162370,Bind,1,59:49,10,13,true,true
312802,162371,Lotus,0,42:56,13,6,true,true
312802,162372,Ascent,,53:41,12,14,true,true
312803,162373,Icebox,1,43:42,13,2,true,true
312803,162374,Sunset,0,35:21,13,3,true,true
31291,48347,Bind,0,42:15,13,6,true,true
31291,48348,Breeze,0,52:33,13,7,true,true
31292,48350,Split,1,59:02,10,13,true,true
31292,48351,Ascent,0,29:50,1,13,true,true
31349,48356,Haven,0,38:59,13,5,true,true
31349,48357,Icebox,1,45:41,13,9,true,true
31350,48359,Bind,0,45:05,13,5,true,true
31350,48360,Haven,1,47:59,9,13,true,true
31350,48361,Breeze,0,34:54,2,13,true,true
31351,48362,Haven,,1:11:58,16,14,true,true
31351,48363,Bind,,47:58,8,13,true,true
31351,48364,Ascent,,33:51,13,3,true,true
31352,48365,Bind,1,49:07,9,13,true,true
31352,48366,Icebox,0,45:47,7,13,true,true
314301,163149,Sunset,1,50:44,1,13,true,true
314301,163150,Icebox,0,49:39,13,10,true,true
314301,163151,Ascent,,50:21,8,13,true,true
314302,163152,Sunset,0,55:38,8,13,true,true
314302,163153,Lotus,1,43:04,8,13,true,true
314303,163155,Lotus,1,1:07:26,13,9,true,true
314303,163156,Bind,0,46:40,7,13,true,true
314303,163157,Icebox,,44:25,6,13,true,true
314304,163158,Lotus,0,1:14:34,10,13,true,true
314304,163159,Bind,1,53:12,12,14,true,true
314305,163161,Breeze,0,1:02:28,10,13,true,true
314305,163162,Split,1,43:42,13,6,true,true
314305,163163,Icebox,,1:01:08,12,14,true,true
314306,163164,Ascent,0,54:18,8,13,true,true
314306,163165,Lotus,1,46:52,6,13,true,true
314307,163167,Lotus,0,54:49,13,9,true,true
314307,163168,Ascent,1,45:05,13,8,true,true
314308,163170,Ascent,1,1:01:35,10,13,true,true
314308,163171,Lotus,0,43:30,13,5,true,true
314308,163172,Sunset,,51:41,11,13,true,true
314309,163173,Lotus,0,1:05:26,13,11,true,true
314309,163174,Icebox,1,46:40,11,13,true,true
314309,163175,Bind,,41:46,6,13,true,true
314310,163176,Breeze,0,53:18,13,9,true,true
314310,163177,Split,1,39:20,5,13,true,true
314310,163178,Bind,,42:03,6,13,true,true
314311,163179,Icebox,0,59:07,13,8,true,true
314311,163180,Lotus,1,41:51,6,13,true,true
314311,163181,Sunset,,48:17,13,7,true,true
314312,163182,Lotus,0,43:49,2,13,true,true
314312,163183,Icebox,1,42:36,5,13,true,true
314313,163185,Split,1,1:00:31,13,8,true,true
314313,163186,Lotus,0,47:19,13,7,true,true
314314,163188,Icebox,1,45:38,13,4,true,true
314314,163189,Breeze,0,1:01:14,12,14,true,true
314314,163190,Lotus,,43:39,6,13,true,true
314315,163191,Ascent,1,47:31,13,6,true,true
314315,163192,Lotus,0,45:15,13,8,true,true
314316,163194,Sunset,0,56:30,9,13,true,true
314316,163195,Ascent,1,49:21,13,9,true,true
314316,163196,Lotus,,47:40,8,13,true,true
314317,163197,Bind,1,1:08:39,10,13,true,true
314317,163198,Ascent,0,49:14,13,9,true,true
314317,163199,Split,,44:30,7,13,true,true
314318,163200,Lotus,0,58:48,9,13,true,true
314318,163201,Split,1,44:56,13,7,true,true
314318,163202,Ascent,,42:47,13,4,true,true
314319,163203,Lotus,1,1:03:36,13,10,true,true
314319,163204,Icebox,0,39:20,13,4,true,true
314320,163206,Icebox,0,52:40,13,9,true,true
314320,163207,Sunset,1,46:10,13,8,true,true
314321,163209,Lotus,0,1:04:52,11,13,true,true
314321,163210,Bind,1,43:46,10,13,true,true
314322,163212,Split,1,54:17,13,8,true,true
314322,163213,Ascent,0,1:02:50,14,12,true,true
314323,163215,Lotus,1,49:53,13,4,true,true
314323,163216,Breeze,0,51:52,9,13,true,true
314323,163217,Sunset,,37:16,13,2,true,true
314324,163218,Sunset,1,41:53,4,13,true,true
314324,163219,Icebox,0,41:50,7,13,true,true
314325,163221,Ascent,0,48:05,5,13,true,true
314325,163222,Bind,1,42:29,6,13,true,true
314326,163224,Split,0,1:00:46,10,13,true,true
314326,163225,Lotus,1,40:38,13,5,true,true
314326,163226,Ascent,,58:33,13,11,true,true
314327,163227,Bind,1,1:02:00,11,13,true,true
314327,163228,Lotus,0,43:54,13,9,true,true
314327,163229,Sunset,,49:36,13,10,true,true
314328,163230,Sunset,0,1:00:53,13,11,true,true
314328,163231,Lotus,1,56:09,11,13,true,true
314328,163232,Breeze,,52:49,10,13,true,true
314329,163233,Bind,1,1:02:13,9,13,true,true
314329,163234,Breeze,0,40:37,4,13,true,true
314330,163236,Breeze,1,42:51,13,3,true,true
314330,163237,Ascent,0,58:52,11,13,true,true
314330,163238,Split,,59:20,10,13,true,true
314340,163239,Icebox,1,43:42,0,13,true,true
314340,163240,Sunset,0,47:24,13,11,true,true
314340,163241,Breeze,,38:12,4,13,true,true
314341,163242,Ascent,1,51:45,10,13,true,true
314341,163243,Sunset,0,47:55,13,8,true,true
314341,163244,Split,,49:09,13,8,true,true
314342,163245,Split,0,1:20:50,13,15,true,true
314342,163246,Lotus,1,42:45,13,5,true,true
314342,163247,Sunset,,50:16,9,13,true,true
314343,163248,Icebox,1,37:53,13,4,true,true
314343,163249,Sunset,0,40:01,13,7,true,true
314344,163251,Icebox,0,1:14:54,15,13,true,true
314344,163252,Ascent,1,48:36,13,9,true,true
314345,163254,Sunset,0,47:01,13,8,true,true
314345,163255,Ascent,1,52:24,13,10,true,true
314346,163257,Lotus,0,1:12:41,15,13,true,true
314346,163258,Ascent,1,52:04,10,13,true,true
314346,163259,Icebox,,1:11:32,13,10,true,true
314347,163260,Split,0,35:36,13,4,true,true
314347,163261,Haven,1,44:46,8,13,true,true
314347,163262,Icebox,,39:41,13,5,true,true
314348,163263,Lotus,0,55:15,13,6,true,true
314348,163264,Sunset,1,48:33,13,6,true,true
314349,163266,Haven,0,52:42,7,13,true,true
314349,163267,Sunset,1,54:06,13,9,true,true
314349,163268,Ascent,,52:01,13,10,true,true
314350,163269,Split,0,1:03:18,12,14,true,true
314350,163270,Sunset,1,52:09,12,14,true,true
314351,163272,Haven,0,52:44,10,13,true,true
314351,163273,Split,1,43:21,13,6,true,true
314351,163274,Icebox,,54:42,14,12,true,true
314352,163275,Lotus,0,52:08,13,7,true,true
314352,163276,Sunset,1,54:33,13,10,true,true
314353,163278,Split,1,50:13,8,13,true,true
314353,163279,Sunset,0,52:35,10,13,true,true
314354,163281,Icebox,0,57:42,13,10,true,true
314354,163282,Lotus,1,49:04,8,13,true,true
314354,163283,Ascent,,50:19,8,13,true,true
314355,163284,Ascent,0,46:33,6,13,true,true
314355,163285,Sunset,1,48:31,13,10,true,true
314355,163286,Icebox,,49:46,11,13,true,true
314356,163287,Icebox,1,49:25,13,4,true,true
314356,163288,Sunset,0,46:29,13,8,true,true
314357,163290,Ascent,0,58:10,11,13,true,true
314357,163291,Haven,1,50:21,13,10,true,true
314357,163292,Icebox,,37:18,13,5,true,true
314358,163293,Lotus,0,52:37,13,7,true,true
314358,163294,Ascent,1,42:11,7,13,true,true
314358,163295,Sunset,,47:50,13,10,true,true
314359,163296,Lotus,1,36:36,13,1,true,true
314359,163297,Ascent,0,46:43,13,6,true,true
314360,163299,Icebox,0,56:31,13,7,true,true
314360,163300,Ascent,1,38:39,6,13,true,true
314360,178343,Haven,,34:27,13,2,true,true
314361,163302,Ascent,0,42:44,13,6,true,true
314361,163303,Lotus,1,50:44,8,13,true,true
314361,163304,Haven,,45:22,13,8,true,true
314362,163305,Sunset,1,47:26,6,13,true,true
314362,163306,Lotus,0,42:55,13,7,true,true
314362,163307,Split,,1:00:59,12,14,true,true
314363,163308,Ascent,1,50:16,9,13,true,true
314363,163309,Lotus,0,45:25,13,8,true,true
314363,163310,Sunset,,37:00,13,4,true,true
314364,163311,Bind,1,1:01:29,13,11,true,true
314364,163312,Lotus,0,50:20,9,13,true,true
314364,163313,Ascent,,46:07,13,8,true,true
314622,163351,Icebox,0,1:10:08,7,13,true,true
314622,163352,Sunset,1,46:48,13,7,true,true
314622,163353,Ascent,,1:24:47,18,16,true,true
314623,163354,Breeze,0,1:00:38,13,10,true,true
314623,163355,Sunset,1,34:00,13,2,true,true
314624,163357,Lotus,0,1:07:29,13,8,true,true
314624,163358,Icebox,1,35:03,13,3,true,true
314625,163360,Icebox,1,58:12,13,10,true,true
314625,163361,Split,0,42:13,13,6,true,true
314626,163363,Lotus,1,1:04:32,13,7,true,true
314626,163364,Icebox,0,57:28,11,13,true,true
314626,163365,Breeze,,46:56,13,7,true,true
314628,163366,Bind,1,1:05:47,9,13,true,true
314628,163367,Split,0,51:54,8,13,true,true
314629,163369,Lotus,0,1:34:28,17,19,true,true
314629,163370,Icebox,1,57:07,11,13,true,true
314630,163372,Icebox,0,57:37,13,6,true,true
314630,163373,Sunset,1,50:56,13,8,true,true
314631,163375,Split,1,39:25,13,2,true,true
314631,163376,Breeze,0,49:22,13,8,true,true
314632,163378,Lotus,0,1:05:20,9,13,true,true
314632,163379,Sunset,1,47:01,13,8,true,true
314632,163380,Split,,43:01,13,4,true,true
314634,163381,Lotus,0,1:12:29,13,3,true,true
314634,163382,Bind,1,47:40,13,7,true,true
314635,163384,Bind,0,1:07:22,11,13,true,true
314635,163385,Icebox,1,42:07,13,4,true,true
314635,163386,Lotus,,53:49,13,9,true,true
314636,163387,Lotus,1,59:35,13,5,true,true
314636,163388,Breeze,0,47:45,13,9,true,true
314637,163390,Sunset,0,45:35,4,13,true,true
314637,163391,Bind,1,38:35,4,13,true,true
314638,163393,Lotus,1,47:55,13,3,true,true
314638,163394,Icebox,0,38:36,13,3,true,true
314639,163396,Bind,1,54:12,7,13,true,true
314639,163397,Ascent,0,41:26,6,13,true,true
314640,163399,Lotus,0,1:11:33,13,10,true,true
314640,163400,Bind,1,59:51,11,13,true,true
314640,163401,Sunset,,49:10,10,13,true,true
314641,163402,Split,1,1:06:27,13,9,true,true
314641,163403,Breeze,0,41:47,13,3,true,true
314642,163405,Breeze,1,56:54,6,13,true,true
314642,163406,Icebox,0,48:29,13,8,true,true
314642,163407,Lotus,,50:09,9,13,true,true
314643,163408,Split,0,59:49,13,8,true,true
314643,163409,Ascent,1,48:36,13,8,true,true
314644,163411,Icebox,0,1:05:19,13,9,true,true
314644,163412,Bind,1,36:16,13,3,true,true
314645,163414,Lotus,0,58:18,7,13,true,true
314645,163415,Icebox,1,50:43,8,13,true,true
314646,163417,Ascent,1,55:52,2,13,true,true
314646,163418,Lotus,0,39:13,13,3,true,true
314646,163419,Bind,,47:52,13,8,true,true
314647,163420,Ascent,0,49:29,6,13,true,true
314647,163421,Lotus,1,1:10:07,16,14,true,true
314647,163422,Sunset,,52:42,11,13,true,true
314648,163423,Sunset,1,1:01:22,13,7,true,true
314648,163424,Breeze,0,52:17,11,13,true,true
314648,163425,Split,,46:27,13,8,true,true
314650,163426,Split,0,55:35,13,5,true,true
314650,163427,Icebox,1,49:45,13,9,true,true
314651,163429,Split,0,1:07:23,8,13,true,true
314651,163430,Bind,1,41:28,7,13,true,true
314652,163432,Ascent,0,49:35,4,13,true,true
314652,163433,Breeze,1,57:36,14,12,true,true
314652,163434,Lotus,,52:38,10,13,true,true
314653,163435,Icebox,0,1:14:20,14,12,true,true
314653,163436,Sunset,1,50:41,13,9,true,true
314654,163438,Bind,0,1:03:19,11,13,true,true
314654,163439,Icebox,1,37:34,4,13,true,true
31469,48546,Breeze,0,44:06,13,5,true,true
31469,48547,Bind,1,1:01:36,12,14,true,true
31469,48548,Haven,0,52:37,13,9,true,true
31470,48549,Bind,0,1:00:32,12,14,true,true
31470,48550,Ascent,1,44:06,13,7,true,true
31470,48551,Split,0,39:29,4,13,true,true
31471,48552,Haven,0,48:52,8,13,true,true
31471,48553,Ascent,1,32:32,2,13,true,true
31472,48555,Haven,0,35:04,4,13,true,true
31472,48556,Bind,1,1:19:39,16,18,true,true
31473,48558,Bind,1,49:55,7,13,true,true
31473,48559,Haven,0,49:39,10,13,true,true
31473,48560,Ascent,1,54:33,11,13,true,true
31474,48563,Breeze,1,40:59,5,13,true,true
31474,48564,Bind,0,41:25,13,6,true,true
31474,48565,Icebox,1,26:52,1,13,true,true
31475,48566,Ascent,,1:04:10,13,15,true,true
31475,48567,Bind,,45:41,7,13,true,true
31476,48569,Icebox,0,48:34,13,6,true,true
31476,48570,Haven,1,39:08,6,13,true,true
31476,48571,Split,0,1:17:14,17,15,true,true
31477,48572,Ascent,0,56:59,10,13,true,true
31477,48573,Breeze,1,45:50,10,13,true,true
31478,48575,Split,1,56:44,11,13,true,true
31478,48576,Bind,0,1:10:46,14,16,true,true
31478,48577,Icebox,1,1:03:08,12,14,true,true
31830,49050,Bind,,48:08,13,8,true,true
31830,49051,Split,,39:20,5,13,true,true
31830,49052,Breeze,,55:56,10,13,true,true
31831,49053,Breeze,,45:39,10,13,true,true
31831,49054,Icebox,,57:02,13,10,true,true
31831,49055,Bind,,40:50,13,7,true,true
31832,49056,Haven,,38:35,13,5,true,true
31832,49057,Icebox,,28:00,13,2,true,true
31833,49059,Haven,,48:23,11,13,true,true
31833,49060,Ascent,1,33:33,4,13,true,true
31833,49061,Bind,1,56:59,10,13,true,true
318911,164091,Breeze,1,53:54,13,4,true,true
318911,164092,Sunset,0,48:14,13,9,true,true
318913,164094,Split,0,1:06:03,9,13,true,true
318913,164095,Ascent,1,44:37,7,13,true,true
318914,164097,Bind,1,1:09:47,9,13,true,true
318914,164098,Lotus,0,39:45,4,13,true,true
318915,164100,Icebox,0,46:51,4,13,true,true
318915,164101,Lotus,1,1:17:17,15,17,true,true
318916,164103,Split,1,56:13,5,13,true,true
318916,164104,Icebox,0,44:02,8,13,true,true
318917,164106,Ascent,0,55:02,7,13,true,true
318917,164107,Sunset,1,53:00,11,13,true,true
318918,164109,Bind,1,1:12:38,13,11,true,true
318918,164110,Lotus,0,46:07,8,13,true,true
318918,164111,Breeze,,40:35,7,13,true,true
318919,164112,Breeze,0,58:15,13,9,true,true
318919,164113,Sunset,1,55:12,11,13,true,true
318919,164114,Icebox,,52:30,13,9,true,true
318920,164115,Lotus,0,1:09:44,13,10,true,true
318920,164116,Split,1,57:30,11,13,true,true
318920,164117,Ascent,,40:55,5,13,true,true
318921,164118,Breeze,1,44:37,13,4,true,true
318921,164119,Icebox,0,38:35,13,3,true,true
318922,164121,Bind,1,56:59,13,5,true,true
318922,164122,Breeze,0,37:46,5,13,true,true
318922,164123,Split,,45:01,13,7,true,true
318923,164124,Split,0,57:05,13,6,true,true
318923,164125,Icebox,1,45:16,13,6,true,true
318924,164127,Breeze,0,1:00:37,6,13,true,true
318924,164128,Lotus,1,38:13,4,13,true,true
318925,164130,Bind,1,50:43,13,7,true,true
318925,164131,Sunset,0,42:26,7,13,true,true
318925,164132,Split,,42:25,6,13,true,true
318926,164133,Split,0,1:01:43,13,7,true,true
318926,164134,Sunset,1,47:17,13,10,true,true
318927,164136,Ascent,1,52:22,7,13,true,true
318927,164137,Icebox,0,49:12,13,9,true,true
318927,164138,Sunset,,45:47,13,9,true,true
318928,164139,Lotus,1,1:17:41,14,16,true,true
318928,164140,Icebox,0,42:13,13,7,true,true
318928,164141,Ascent,,53:10,13,11,true,true
318929,164142,Bind,0,1:08:29,13,11,true,true
318929,164143,Icebox,1,41:48,13,4,true,true
318930,164145,Sunset,1,50:30,2,13,true,true
318930,164146,Bind,0,46:33,7,13,true,true
318931,164148,Icebox,0,44:26,5,13,true,true
318931,164149,Sunset,1,39:39,5,13,true,true
318932,164151,Split,1,1:01:59,7,13,true,true
318932,164152,Lotus,0,1:11:16,13,15,true,true
318933,164154,Ascent,1,56:13,8,13,true,true
318933,164155,Sunset,0,51:26,13,8,true,true
318933,164156,Split,,53:01,13,9,true,true
318934,164157,Lotus,1,1:24:40,14,16,true,true
318934,164158,Breeze,0,44:41,13,7,true,true
318934,164159,Sunset,,40:37,13,6,true,true
318935,164160,Sunset,1,53:03,13,7,true,true
318935,164161,Icebox,0,45:41,7,13,true,true
318935,164162,Bind,,59:59,15,13,true,true
318936,164163,Bind,1,58:01,6,13,true,true
318936,164164,Sunset,0,45:57,11,13,true,true
318937,164166,Icebox,0,1:10:36,12,14,true,true
318937,164167,Lotus,1,36:06,13,5,true,true
318937,164168,Bind,,53:58,9,13,true,true
318938,164169,Split,1,49:57,5,13,true,true
318938,164170,Breeze,0,44:39,13,7,true,true
318938,164171,Icebox,,37:33,4,13,true,true
318939,164172,Breeze,1,49:46,6,13,true,true
318939,164173,Ascent,0,48:42,13,8,true,true
318939,164174,Bind,,40:23,13,3,true,true
318940,164175,Lotus,0,56:37,13,4,true,true
318940,164176,Icebox,1,31:54,13,2,true,true
318941,164178,Bind,1,1:02:29,9,13,true,true
318941,164179,Icebox,0,39:42,6,13,true,true
319765,164237,Bind,1,-,3,13,false,false
319765,164238,Icebox,0,-,13,6,false,false
319765,164239,Lotus,,-,13,6,false,false
319766,164240,Split,1,-,13,5,false,false
319766,164241,Bind,0,-,12,14,false,false
319766,164242,Lotus,,-,10,13,false,false
319767,164243,Icebox,1,-,13,11,false,false
319767,164244,Sunset,0,-,11,13,false,false
319767,164245,Breeze,,-,8,13,false,false
319768,164246,Ascent,1,-,13,5,false,false
319768,164247,Bind,0,-,9,13,false,false
319768,164248,Split,,-,13,11,false,false
319769,164249,Lotus,1,-,5,13,false,false
319769,164250,Ascent,0,-,9,13,false,false
319770,164252,Ascent,1,-,13,8,false,false
319770,164253,Lotus,0,-,13,7,false,false
319771,164255,Sunset,1,-,13,8,false,false
319771,164256,Bind,0,-,9,13,false,false
319771,164257,Ascent,,-,4,13,false,false
319772,164258,Breeze,0,-,13,11,false,false
319772,164259,Icebox,1,-,9,13,false,false
319772,164260,Sunset,,-,13,3,false,false
319773,164261,Breeze,0,-,9,13,false,false
319773,164262,Icebox,1,-,12,14,false,false
319774,164264,Split,0,-,11,13,false,false
319774,164265,Breeze,1,-,13,7,false,false
319774,164266,Bind,,-,13,7,false,false
319775,164267,Breeze,1,-,4,13,false,false
319775,164268,Split,0,-,13,7,false,false
319775,164269,Icebox,,-,13,5,false,false
319776,164270,Sunset,1,-,5,13,false,false
319776,164271,Bind,0,-,10,13,false,false
319777,164273,Ascent,0,-,9,13,false,false
319777,164274,Lotus,1,-,9,13,false,false
319778,164276,Ascent,0,-,6,13,false,false
319778,164277,Lotus,1,-,4,13,false,false
319779,164279,Lotus,0,-,11,13,false,false
319779,164280,Bind,1,-,7,13,false,false
319780,164282,Breeze,1,-,13,7,false,false
319780,164283,Icebox,0,-,5,13,false,false
319780,164284,Bind,,-,14,12,false,false
319781,164285,Icebox,0,-,10,13,false,false
319781,164286,Ascent,1,-,14,12,false,false
319781,164287,Split,,-,13,9,false,false
319782,164288,Ascent,0,-,13,5,false,false
319782,164289,Sunset,1,-,13,5,false,false
319783,164291,Sunset,1,-,13,11,false,false
319783,164292,Bind,0,-,8,13,false,false
319783,164293,Icebox,,-,13,6,false,false
319784,164294,Breeze,1,-,7,13,false,false
319784,164295,Sunset,0,-,10,13,false,false
319785,164297,Sunset,1,-,11,13,false,false
319785,164298,Split,0,-,13,7,false,false
319785,164299,Ascent,,-,10,13,false,false
319786,164300,Breeze,0,-,4,13,false,false
319786,164301,Bind,1,-,13,11,false,false
319786,164302,Ascent,,-,13,4,false,false
319787,164303,Lotus,0,-,16,14,false,false
319787,164304,Bind,1,-,10,13,false,false
319787,164305,Split,,-,13,7,false,false
319788,164306,Icebox,1,-,13,8,false,false
319788,164307,Lotus,0,-,13,10,false,false
319789,164309,Sunset,1,-,13,6,false,false
319789,164310,Icebox,0,-,13,5,false,false
319790,164312,Lotus,1,-,8,13,false,false
319790,164313,Ascent,0,-,1,13,false,false
319791,164315,Bind,1,-,10,13,false,false
319791,164316,Breeze,0,-,8,13,false,false
319792,164318,Icebox,0,-,2,13,false,false
319792,164319,Lotus,1,-,6,13,false,false
319793,164321,Split,0,-,13,6,false,false
319793,164322,Lotus,1,-,13,6,false,false
319794,164324,Sunset,0,-,13,15,false,false
319794,164325,Breeze,1,-,12,14,false,false
329907,167267,Lotus,1,51:57,7,13,true,true
329907,167268,Sunset,0,48:52,11,13,true,true
329908,167270,Lotus,1,32:57,13,0,true,true
329908,167272,Sunset,,48:57,13,9,true,true
329908,169325,Bind,,43:47,7,13,true,true
329909,167273,Ascent,0,1:02:04,9,13,true,true
329909,167274,Sunset,1,42:54,13,8,true,true
329909,167275,Breeze,,45:28,7,13,true,true
329910,167276,Lotus,1,41:45,6,13,true,true
329910,167277,Ascent,0,48:53,13,10,true,true
329910,167278,Bind,,39:44,6,13,true,true
329911,167279,Bind,1,55:20,8,13,true,true
329911,167280,Sunset,0,53:23,13,11,true,true
329911,167281,Ascent,,53:16,13,8,true,true
329912,167282,Lotus,0,58:46,3,13,true,true
329912,167283,Sunset,1,35:05,5,13,true,true
329913,167285,Lotus,0,42:10,2,13,true,true
329913,167286,Icebox,1,45:46,11,13,true,true
329913,167287,Bind,0,48:26,9,13,true,true
329914,167290,Lotus,0,1:03:03,9,13,true,true
329914,167291,Sunset,1,45:51,13,9,true,true
329914,167292,Icebox,0,52:44,13,11,true,true
329914,167293,Bind,1,45:57,9,13,true,true
329914,167294,Split,,45:13,13,8,true,true
33100,49359,Split,0,37:35,5,13,true,true
33100,49360,Haven,1,46:11,13,9,true,true
33100,49361,Bind,0,38:14,13,6,true,true
33101,49362,Ascent,1,48:20,13,10,true,true
33101,49363,Haven,0,34:18,13,6,true,true
33102,49365,Bind,1,47:42,13,10,true,true
33102,49366,Split,0,49:29,11,13,true,true
33102,49367,Haven,1,40:35,8,13,true,true
33103,49368,Icebox,0,33:29,13,3,true,true
33103,49369,Split,1,52:57,13,11,true,true
33479,49538,Haven,1,1:03:32,14,16,true,true
33479,49539,Ascent,0,1:09:50,15,17,true,true
33480,49541,Bind,0,42:49,8,13,true,true
33480,49542,Icebox,1,44:49,11,13,true,true
33481,49544,Breeze,0,32:48,13,5,true,true
33481,49545,Bind,1,43:55,13,7,true,true
33482,49547,Split,1,50:30,13,10,true,true
33482,49548,Ascent,0,54:31,12,14,true,true
33482,49549,Haven,,37:11,13,7,true,true
33483,49550,Ascent,1,51:30,13,10,true,true
33483,49551,Haven,0,38:32,8,13,true,true
33483,49552,Bind,,32:42,4,13,true,true
33484,49553,Ascent,0,40:15,8,13,true,true
33484,49554,Split,1,29:20,4,13,true,true
33485,49556,Icebox,0,46:57,11,13,true,true
33485,49557,Breeze,1,38:50,13,8,true,true
33485,49558,Ascent,,26:57,1,13,true,true
33486,49559,Ascent,1,51:55,10,13,true,true
33486,49560,Breeze,0,31:41,13,4,true,true
33486,49561,Icebox,,47:42,11,13,true,true
33487,49562,Haven,0,40:56,13,8,true,true
33487,49563,Ascent,1,44:11,13,6,true,true
33488,49565,Bind,1,1:09:36,14,16,true,true
33488,49566,Split,0,56:32,12,14,true,true
33488,49567,Icebox,1,36:18,6,13,true,true
337407,168972,Lotus,0,1:00:00,6,13,true,true
337407,168973,Ascent,1,1:02:00,13,15,true,true
337408,168975,Bind,0,49:02,13,6,true,true
337408,168976,Icebox,1,39:43,13,4,true,true
337409,168978,Icebox,0,53:51,5,13,true,true
337409,168979,Ascent,1,44:12,8,13,true,true
337410,168981,Bind,1,46:58,3,13,true,true
337410,168982,Sunset,0,55:17,14,12,true,true
337410,168983,Icebox,,49:19,10,13,true,true
337411,168984,Ascent,0,51:44,5,13,true,true
337411,168985,Bind,1,43:17,13,8,true,true
337411,168986,Split,,51:20,11,13,true,true
337412,168987,Bind,0,1:04:29,13,9,true,true
337412,168988,Breeze,1,47:17,13,7,true,true
337412,168989,Sunset,0,42:51,13,8,true,true
337413,168992,Lotus,1,50:24,13,6,true,true
337413,168993,Icebox,0,51:16,11,13,true,true
337413,168994,Sunset,,52:15,8,13,true,true
337414,168995,Bind,0,1:13:17,12,14,true,true
337414,168996,Breeze,1,1:17:44,13,7,true,true
337414,168997,Icebox,0,1:00:56,12,14,true,true
337414,168998,Lotus,1,54:40,13,10,true,true
337414,168999,Ascent,,54:43,13,11,true,true
341816,169368,Ascent,1,1:06:41,13,11,true,true
341816,169376,Icebox,0,1:02:03,12,14,true,true
341816,169377,Lotus,,38:37,13,5,true,true
341817,169369,Lotus,1,1:00:07,11,13,true,true
341817,169378,Split,0,54:02,9,13,true,true
341818,169370,Breeze,1,1:16:00,11,13,true,true
341818,169380,Bind,0,58:27,9,13,true,true
341819,169371,Lotus,1,1:05:40,10,13,true,true
341819,169382,Split,0,1:06:59,13,15,true,true
341820,169372,Lotus,1,1:32:38,13,15,true,true
341820,169384,Breeze,0,38:50,4,13,true,true
341821,169373,Sunset,0,1:04:00,13,7,true,true
341821,169386,Bind,1,1:06:09,15,13,true,true
341821,169387,Lotus,0,1:17:58,8,13,true,true
341821,169388,Split,1,55:57,5,13,true,true
341821,169389,Breeze,,47:39,8,13,true,true
341822,169374,Icebox,0,52:06,3,13,true,true
341822,169390,Sunset,1,50:11,10,13,true,true
341823,169375,Icebox,0,1:15:01,11,13,true,true
341823,169392,Bind,1,39:56,13,6,true,true
341823,169393,Breeze,0,59:08,13,11,true,true
341823,169394,Split,1,59:32,14,12,true,true
342356,169568,Sunset,0,-,13,9,false,false
342356,169569,Breeze,1,-,13,7,false,false
342357,169571,Bind,1,-,13,8,false,false
342357,169572,Ascent,0,-,13,7,false,false
342358,169574,Bind,1,-,13,10,false,false
342358,169575,Lotus,0,-,13,8,false,false
342359,169577,Ascent,1,-,13,3,false,false
342359,169578,Split,0,-,13,9,false,false
342360,169580,Icebox,0,-,13,10,false,false
342360,169581,Breeze,1,-,14,12,false,false
342361,169583,Sunset,0,-,13,6,false,false
342361,169584,Split,1,-,8,13,false,false
342361,169585,Bind,,-,7,13,false,false
342362,169586,Breeze,0,-,13,10,false,false
342362,169587,Split,1,-,13,3,false,false
342362,169588,Ascent,0,-,2,13,false,false
342362,169592,Bind,1,-,13,6,false,false
342363,169589,Lotus,0,-,13,6,false,false
342363,169590,Bind,1,-,9,13,false,false
342363,169591,Icebox,0,-,12,14,false,false
342363,169594,Breeze,1,-,8,13,false,false
348059,170630,Icebox,1,-,13,5,false,false
348059,170631,Sunset,0,-,13,5,false,false
348061,170633,Sunset,1,-,13,7,false,false
348061,170634,Lotus,0,-,12,14,false,false
348061,170635,Icebox,,-,13,10,false,false
348063,170636,Breeze,1,-,13,8,false,false
348063,170637,Icebox,0,-,1,13,false,false
348063,170638,Lotus,,-,14,12,false,false
348064,170639,Icebox,1,-,7,13,false,false
348064,170640,Lotus,0,-,13,5,false,false
348064,170641,Breeze,,-,13,7,false,false
348457,170765,Lotus,1,-,9,13,false,false
348457,170766,Bind,0,-,13,6,false,false
348457,170767,Split,,-,13,8,false,false
348458,170768,Lotus,1,-,16,14,false,false
348458,170769,Sunset,0,-,7,13,false,false
348458,170770,Ascent,,-,11,13,false,false
348459,170771,Breeze,1,-,13,9,false,false
348459,170772,Sunset,0,-,13,7,false,false
348460,170774,Bind,1,-,10,13,false,false
348460,170775,Ascent,0,-,12,14,false,false
348461,170777,Sunset,1,-,13,1,false,false
348461,170778,Lotus,0,-,11,13,false,false
348461,170779,Bind,,-,13,11,false,false
348462,170780,Sunset,1,-,4,13,false,false
348462,170781,Lotus,0,-,13,6,false,false
348462,170782,Icebox,,-,15,17,false,false
348463,170783,Split,1,-,13,7,false,false
348463,170784,Lotus,0,-,10,13,false,false
348463,170785,Bind,,-,5,13,false,false
348464,170786,Sunset,1,-,6,13,false,false
348464,170787,Split,0,-,3,13,false,false
348465,170789,Icebox,1,-,13,2,false,false
348465,170790,Bind,0,-,13,5,false,false
348466,170792,Lotus,1,-,13,10,false,false
348466,170793,Bind,0,-,10,13,false,false
348466,170794,Breeze,,-,11,13,false,false
348467,170795,Bind,1,-,13,11,false,false
348467,170796,Sunset,0,-,13,6,false,false
348468,170798,Split,0,-,5,13,false,false
348468,170799,Lotus,1,-,13,8,false,false
348468,170800,Ascent,,-,13,3,false,false
348469,170801,Icebox,1,-,7,13,false,false
348469,170802,Ascent,0,-,13,11,false,false
348469,170803,Lotus,,-,13,4,false,false
348470,170804,Icebox,0,-,10,13,false,false
348470,170805,Ascent,1,-,10,13,false,false
348471,170807,Breeze,0,-,13,5,false,false
348471,170808,Sunset,1,-,10,13,false,false
348471,170809,Icebox,,-,14,12,false,false
348472,170810,Bind,1,-,13,7,false,false
348472,170811,Sunset,0,-,13,4,false,false
348473,170813,Lotus,0,-,8,13,false,false
348473,170814,Ascent,1,-,10,13,false,false
348474,170816,Bind,0,-,13,15,false,false
348474,170817,Sunset,1,-,1,13,false,false
348475,170819,Bind,0,-,2,13,false,false
348475,170820,Icebox,1,-,6,13,false,false
348475,170821,Lotus,0,-,8,13,false,false
348476,170824,Breeze,0,-,13,6,false,false
348476,170825,Icebox,1,-,9,13,false,false
348476,170826,Ascent,0,-,9,13,false,false
348476,170827,Lotus,1,-,13,4,false,false
348476,170828,Split,,-,13,3,false,false
34947,50199,Haven,0,54:54,13,9,true,true
34947,50200,Icebox,1,53:10,13,11,true,true
34948,50203,Ascent,0,49:58,9,13,true,true
34948,50204,Bind,1,50:32,5,13,true,true
34949,50205,Icebox,0,1:01:21,13,15,true,true
34949,50206,Bind,1,50:22,9,13,true,true
34950,50208,Ascent,0,42:42,13,8,true,true
34950,50209,Split,1,43:40,5,13,true,true
34950,50210,Bind,0,48:36,13,7,true,true
34951,50211,Bind,0,42:34,13,1,true,true
34951,50212,Icebox,1,38:12,13,1,true,true
34952,50214,Ascent,0,57:35,13,3,true,true
34952,50215,Icebox,1,46:17,13,6,true,true
34958,50223,Haven,0,54:25,13,7,true,true
34958,50224,Icebox,1,45:09,13,9,true,true
34959,50226,Haven,1,1:00:20,14,12,true,true
34959,50227,Breeze,0,37:59,2,13,true,true
34959,50228,Split,1,54:36,10,13,true,true
34960,50229,Ascent,1,52:25,6,13,true,true
34960,50230,Bind,0,41:49,13,7,true,true
34960,50231,Split,1,48:14,13,10,true,true
34961,50232,Icebox,1,49:51,13,9,true,true
34961,50233,Ascent,0,34:49,13,2,true,true
34962,50235,Breeze,0,39:30,13,3,true,true
34962,50236,Split,1,38:26,13,4,true,true
34963,50238,Split,1,1:03:07,13,11,true,true
34963,50239,Haven,0,53:29,13,11,true,true
34964,50241,Ascent,0,44:07,13,5,true,true
34964,50242,Icebox,1,59:42,11,13,true,true
34964,50243,Split,0,53:44,10,13,true,true
34965,50244,Haven,1,52:56,13,9,true,true
34965,50245,Split,0,51:17,13,8,true,true
34966,50248,Icebox,1,59:01,14,12,true,true
34966,50249,Ascent,0,1:03:25,13,8,true,true
34973,50259,Ascent,0,48:19,9,13,true,true
34973,50260,Haven,1,44:00,13,8,true,true
34973,50261,Breeze,0,56:31,14,12,true,true
34974,50262,Haven,0,1:00:47,15,13,true,true
34974,50263,Split,1,46:13,13,7,true,true
34975,50265,Bind,0,36:18,2,13,true,true
34975,50266,Split,1,50:23,13,7,true,true
34975,50267,Icebox,0,54:53,8,13,true,true
34976,50269,Haven,1,48:05,13,7,true,true
34976,50270,Icebox,0,50:44,13,9,true,true
34977,50271,Breeze,0,52:30,13,10,true,true
34977,50272,Icebox,1,33:52,13,0,true,true
34978,50274,Haven,1,40:23,5,13,true,true
34978,50275,Ascent,0,46:47,8,13,true,true
34979,50277,Bind,1,1:03:04,13,15,true,true
34979,50278,Haven,0,44:32,11,13,true,true
34979,50279,Split,1,43:24,9,13,true,true
353153,173346,Split,1,59:15,13,7,true,true
353153,173347,Lotus,0,45:44,7,13,true,true
353153,173348,Sunset,,38:52,13,6,true,true
353154,173349,Ascent,0,1:05:35,9,13,true,true
353154,173350,Bind,1,52:40,13,11,true,true
353154,173351,Lotus,,53:32,11,13,true,true
353155,173352,Sunset,0,43:52,13,3,true,true
353155,173353,Bind,1,37:19,13,5,true,true
353156,173355,Lotus,1,1:02:01,13,10,true,true
353156,173356,Icebox,0,1:16:19,17,15,true,true
353157,173358,Split,1,47:57,1,13,true,true
353157,173359,Sunset,0,50:46,13,11,true,true
353157,173360,Breeze,,54:54,13,11,true,true
353158,173361,Ascent,0,59:30,11,13,true,true
353158,173362,Lotus,1,46:10,5,13,true,true
353159,173364,Lotus,1,56:28,6,13,true,true
353159,173365,Sunset,0,34:14,5,13,true,true
353160,173367,Haven,0,53:19,13,6,true,true
353160,173368,Icebox,1,47:10,6,13,true,true
353160,173369,Lotus,,43:36,13,7,true,true
353161,173370,Sunset,0,1:11:15,13,10,true,true
353161,173371,Split,1,40:15,13,6,true,true
353162,173373,Lotus,1,56:05,13,6,true,true
353162,173374,Ascent,0,40:15,13,5,true,true
353163,173376,Lotus,1,51:38,9,13,true,true
353163,173377,Ascent,0,45:00,8,13,true,true
353164,173379,Sunset,0,1:12:25,11,13,true,true
353164,173380,Split,1,54:45,11,13,true,true
353165,173382,Haven,0,40:18,13,3,true,true
353165,173383,Lotus,1,50:32,13,8,true,true
353166,173385,Bind,0,1:05:37,13,9,true,true
353166,173386,Split,1,1:02:58,13,15,true,true
353166,173387,Haven,,51:28,13,9,true,true
353167,173388,Sunset,0,54:31,13,8,true,true
353167,173389,Split,1,37:22,13,4,true,true
353168,173391,Split,1,1:11:35,13,10,true,true
353168,173392,Icebox,0,37:10,13,6,true,true
353169,173394,Bind,1,1:04:44,13,11,true,true
353169,173395,Sunset,0,31:02,13,2,true,true
353170,173397,Ascent,0,1:05:23,7,13,true,true
353170,173398,Sunset,1,41:22,13,6,true,true
353170,173399,Lotus,,46:20,11,13,true,true
353171,173400,Sunset,0,52:52,13,7,true,true
353171,173401,Icebox,1,53:26,10,13,true,true
353171,173402,Lotus,,40:49,13,5,true,true
353172,173403,Split,1,52:35,13,4,true,true
353172,173404,Lotus,0,43:18,13,6,true,true
353173,173406,Icebox,1,1:12:55,11,13,true,true
353173,173407,Bind,0,47:23,13,9,true,true
353173,173408,Haven,,51:28,13,10,true,true
353174,173409,Icebox,1,40:09,13,2,true,true
353174,173410,Haven,0,47:48,13,9,true,true
353175,173412,Sunset,1,51:48,13,7,true,true
353175,173413,Ascent,0,47:15,8,13,true,true
353175,173414,Split,,52:17,13,11,true,true
353177,173415,Ascent,0,1:05:24,9,13,true,true
353177,173416,Icebox,1,45:04,7,13,true,true
353178,173418,Lotus,1,59:21,13,8,true,true
353178,173419,Sunset,0,1:00:54,14,12,true,true
353179,173421,Icebox,0,1:12:51,14,12,true,true
353179,173422,Haven,1,1:00:50,16,14,true,true
353180,173424,Lotus,0,52:39,13,7,true,true
353180,173425,Sunset,1,40:31,6,13,true,true
353180,173426,Icebox,,55:13,11,13,true,true
353181,173427,Ascent,0,1:05:05,13,11,true,true
353181,173428,Icebox,1,40:43,5,13,true,true
353181,173429,Lotus,,48:18,13,8,true,true
353182,173430,Bind,1,58:58,13,5,true,true
353182,173431,Lotus,0,35:13,13,4,true,true
353183,173433,Lotus,1,1:06:41,13,11,true,true
353183,173434,Split,0,55:13,13,10,true,true
353184,173436,Ascent,1,59:21,13,7,true,true
353184,173437,Lotus,0,52:28,11,13,true,true
353184,173438,Sunset,,52:18,13,9,true,true
353185,173439,Bind,1,59:38,13,10,true,true
353185,173440,Haven,0,36:19,13,4,true,true
353186,173442,Haven,0,1:02:34,7,13,true,true
353186,173443,Bind,1,50:39,8,13,true,true
353187,173445,Haven,1,48:41,13,5,true,true
353187,173446,Split,0,49:09,13,8,true,true
353188,173448,Icebox,1,53:43,5,13,true,true
353188,173449,Sunset,0,52:28,10,13,true,true
353189,173451,Haven,0,1:00:10,13,11,true,true
353189,173452,Icebox,1,53:14,10,13,true,true
353189,173453,Bind,,48:17,9,13,true,true
353190,173454,Icebox,1,48:49,5,13,true,true
353190,173455,Split,0,42:19,6,13,true,true
353191,173457,Split,1,1:02:24,8,13,true,true
353191,173458,Ascent,0,44:41,13,8,true,true
353191,173459,Sunset,,46:52,13,7,true,true
353192,173460,Lotus,1,54:52,4,13,true,true
353192,173461,Ascent,0,1:11:55,16,14,true,true
353192,173462,Split,,45:04,13,5,true,true
353193,173463,Lotus,0,59:52,11,13,true,true
353193,173464,Icebox,1,44:17,6,13,true,true
353194,173466,Sunset,0,1:02:30,10,13,true,true
353194,173467,Icebox,1,43:02,7,13,true,true
353195,173469,Ascent,0,43:47,13,3,true,true
353195,173470,Icebox,1,49:20,10,13,true,true
353195,173471,Sunset,,59:18,12,14,true,true
353196,173472,Lotus,0,1:06:50,10,13,true,true
353196,173473,Bind,1,55:39,13,10,true,true
353196,173474,Ascent,,46:01,7,13,true,true
353197,173475,Icebox,0,56:41,7,13,true,true
353197,173476,Split,1,56:12,10,13,true,true
353198,173478,Bind,0,1:06:32,9,13,true,true
353198,173479,Lotus,1,35:45,2,13,true,true
353199,173481,Sunset,0,49:59,13,6,true,true
353199,173482,Icebox,1,46:19,13,6,true,true
353200,173484,Ascent,0,41:31,1,13,true,true
353200,173485,Bind,1,43:12,13,8,true,true
353200,173486,Lotus,,52:22,13,10,true,true
353201,173487,Bind,1,1:31:34,6,13,true,true
353201,173488,Lotus,0,57:39,9,13,true,true
353202,173490,Sunset,1,1:00:15,13,5,true,true
353202,173491,Icebox,0,1:05:58,14,12,true,true
353203,173493,Icebox,0,41:24,13,4,true,true
353203,173494,Lotus,1,46:47,9,13,true,true
353203,173495,Sunset,,56:51,14,12,true,true
35938,51040,Ascent,0,47:05,13,5,true,true
35938,51041,Bind,1,50:39,9,13,true,true
35938,51042,Haven,0,49:37,13,8,true,true
35939,51043,Split,0,44:52,13,6,true,true
35939,51044,Icebox,1,47:44,8,13,true,true
35939,51045,Haven,0,42:21,13,8,true,true
35940,51046,Split,0,56:40,9,13,true,true
35940,51047,Breeze,1,37:32,4,13,true,true
35941,51049,Bind,0,45:23,3,13,true,true
35941,51050,Ascent,1,43:41,6,13,true,true
35942,51052,Icebox,0,37:39,13,3,true,true
35942,51053,Split,1,55:38,13,11,true,true
35943,51055,Breeze,0,32:27,13,3,true,true
35943,51056,Split,1,50:47,9,13,true,true
35943,51057,Haven,0,34:03,13,4,true,true
359603,174900,Icebox,1,-,12,14,false,false
359603,174901,Lotus,0,-,11,13,false,false
359604,174903,Sunset,0,-,13,10,false,false
359604,174904,Icebox,1,-,13,4,false,false
359605,174906,Sunset,1,-,13,5,false,false
359605,174907,Bind,0,-,13,7,false,false
359606,174909,Ascent,0,-,13,7,false,false
359606,174910,Lotus,1,-,12,14,false,false
359606,174911,Sunset,,-,5,13,false,false
359607,174912,Haven,1,-,13,5,false,false
359607,174913,Lotus,0,-,13,15,false,false
359607,174914,Sunset,,-,6,13,false,false
359608,174915,Sunset,1,-,10,13,false,false
359608,174916,Icebox,0,-,6,13,false,false
359609,174918,Split,1,-,13,7,false,false
359609,174919,Bind,0,-,12,14,false,false
359609,174920,Icebox,,-,7,13,false,false
359610,174921,Split,0,-,11,13,false,false
359610,174922,Sunset,1,-,13,7,false,false
359610,174923,Haven,,-,4,13,false,false
359611,174924,Split,1,-,16,14,false,false
359611,174925,Bind,0,-,9,13,false,false
359611,174926,Ascent,,-,6,13,false,false
359612,174927,Sunset,0,-,8,13,false,false
359612,174928,Haven,1,-,12,14,false,false
359613,174930,Lotus,0,-,11,13,false,false
359613,174931,Haven,1,-,5,13,false,false
359614,174933,Icebox,1,-,14,12,false,false
359614,174934,Sunset,0,-,15,13,false,false
359615,174936,Bind,0,-,13,2,false,false
359615,174937,Sunset,1,-,8,13,false,false
359615,174938,Haven,,-,13,6,false,false
359616,174939,Bind,0,-,11,13,false,false
359616,174940,Ascent,1,-,13,9,false,false
359616,174941,Icebox,,-,9,13,false,false
359617,174942,Sunset,0,-,11,13,false,false
359617,174943,Haven,1,-,13,8,false,false
359617,174944,Ascent,,-,7,13,false,false
359618,174945,Lotus,0,-,13,11,false,false
359618,174946,Ascent,1,-,13,11,false,false
359619,174948,Lotus,1,-,13,9,false,false
359619,174949,Bind,0,-,13,6,false,false
359621,174951,Haven,0,-,6,13,false,false
359621,174952,Sunset,1,-,4,13,false,false
359622,174954,Lotus,1,-,13,9,false,false
359622,174955,Sunset,0,-,13,6,false,false
359623,174957,Haven,1,-,1,13,false,false
359623,174958,Icebox,0,-,9,13,false,false
359624,174960,Icebox,1,-,7,13,false,false
359624,174961,Ascent,0,-,6,13,false,false
359625,174963,Lotus,0,-,13,11,false,false
359625,174964,Bind,1,-,8,13,false,false
359625,174965,Haven,,-,13,10,false,false
359626,174966,Icebox,1,-,13,11,false,false
359626,174967,Haven,0,-,13,8,false,false
359627,174969,Haven,0,-,13,8,false,false
359627,174970,Icebox,1,-,13,3,false,false
359628,174972,Icebox,0,-,5,13,false,false
359628,174973,Haven,1,-,14,12,false,false
359628,174974,Ascent,,-,13,4,false,false
365316,176169,Haven,1,1:01:06,13,8,true,true
365316,176170,Bind,0,52:16,13,11,true,true
365317,176172,Lotus,1,1:01:48,11,13,true,true
365317,176173,Abyss,0,55:48,11,13,true,true
365318,176175,Ascent,1,59:34,10,13,true,true
365318,176176,Icebox,0,39:00,5,13,true,true
365319,176178,Ascent,1,55:20,13,8,true,true
365319,176179,Abyss,0,39:41,13,4,true,true
365320,176181,Haven,0,57:01,13,9,true,true
365320,176182,Sunset,1,53:54,10,13,true,true
365320,176183,Bind,,46:10,13,6,true,true
365321,176184,Haven,0,45:13,6,13,true,true
365321,176185,Bind,1,1:22:39,18,16,true,true
365321,176186,Lotus,0,57:55,14,12,true,true
365321,176187,Icebox,1,39:36,13,6,true,true
365322,176189,Ascent,1,40:33,13,3,true,true
365322,176190,Sunset,0,33:24,13,3,true,true
365323,176192,Abyss,0,47:52,7,13,true,true
365323,176193,Lotus,1,43:05,10,13,true,true
365323,176194,Bind,0,48:48,13,10,true,true
365323,176195,Icebox,1,48:59,13,10,true,true
365323,176196,Ascent,,43:32,13,7,true,true
370722,178691,Sunset,1,-,9,13,false,false
370722,178692,Icebox,0,-,7,13,false,false
370723,178694,Lotus,1,-,13,7,false,false
370723,178695,Sunset,0,-,13,10,false,false
370724,178697,Sunset,1,-,13,5,false,false
370724,178698,Bind,0,-,7,13,false,false
370724,178699,Lotus,,-,13,10,false,false
370725,178700,Ascent,1,-,3,13,false,false
370725,178701,Haven,0,-,11,13,false,false
370726,178703,Sunset,0,-,2,13,false,false
370726,178704,Abyss,1,-,5,13,false,false
370727,178706,Sunset,0,-,13,9,false,false
370727,178707,Abyss,1,-,8,13,false,false
370727,178708,Haven,0,-,13,7,false,false
370727,178709,Icebox,1,-,9,13,false,false
370727,178710,Bind,,-,13,8,false,false
370728,178711,Ascent,1,-,13,3,false,false
370728,178712,Icebox,0,-,12,14,false,false
370728,178713,Lotus,,-,13,10,false,false
370729,178714,Lotus,1,-,13,11,false,false
370729,178715,Ascent,0,-,13,8,false,false
370729,178716,Abyss,1,-,8,13,false,false
370729,178717,Bind,0,-,9,13,false,false
370729,178718,Haven,,-,8,13,false,false
371266,178819,Abyss,1,1:08:52,13,11,true,true
371266,178820,Lotus,0,54:08,11,13,true,true
371266,178821,Haven,,42:28,13,6,true,true
371267,178822,Haven,0,53:06,7,13,true,true
371267,178823,Ascent,1,58:07,10,13,true,true
371268,178825,Icebox,0,45:43,13,2,true,true
371268,178826,Sunset,1,36:24,13,4,true,true
371269,178828,Lotus,0,54:34,13,5,true,true
371269,178829,Abyss,1,56:19,13,10,true,true
371270,178831,Icebox,0,47:26,8,13,true,true
371270,178832,Bind,1,42:44,6,13,true,true
371271,178834,Lotus,0,1:16:53,13,15,true,true
371271,178835,Haven,1,1:07:32,14,16,true,true
371271,178836,Bind,0,51:37,13,9,true,true
371271,178837,Ascent,1,40:13,4,13,true,true
371272,178839,Icebox,1,1:02:09,9,13,true,true
371272,178840,Lotus,0,59:56,13,11,true,true
371272,178841,Ascent,,1:02:45,13,11,true,true
371273,178842,Icebox,0,50:11,13,3,true,true
371273,178843,Haven,1,50:43,11,13,true,true
371273,178844,Sunset,0,46:10,7,13,true,true
371273,178845,Abyss,1,55:47,13,10,true,true
371273,178846,Ascent,,57:46,13,10,true,true
371278,178847,Haven,1,59:29,8,13,true,true
371278,178848,Sunset,0,37:35,13,5,true,true
371278,178849,Ascent,,44:53,13,7,true,true
371279,178850,Icebox,0,55:37,7,13,true,true
371279,178851,Sunset,1,1:03:50,15,13,true,true
371279,178852,Lotus,,40:16,13,6,true,true
371280,178853,Icebox,1,1:16:39,14,12,true,true
371280,178854,Sunset,0,52:14,10,13,true,true
371280,178855,Bind,,58:07,12,14,true,true
371281,178856,Sunset,0,1:11:28,13,15,true,true
371281,178857,Haven,1,38:10,5,13,true,true
371282,178859,Lotus,1,1:14:55,11,13,true,true
371282,178860,Sunset,0,42:04,6,13,true,true
371283,178862,Haven,0,1:03:45,13,8,true,true
371283,178863,Ascent,1,48:24,9,13,true,true
371283,178864,Lotus,0,47:54,13,9,true,true
371283,178865,Bind,1,33:47,13,3,true,true
371284,178867,Abyss,1,1:00:49,13,10,true,true
371284,178868,Sunset,0,56:36,13,11,true,true
371285,178870,Icebox,0,58:55,6,13,true,true
371285,178871,Sunset,1,36:49,13,4,true,true
371285,178872,Lotus,0,32:09,13,3,true,true
371285,178873,Haven,1,45:29,13,9,true,true
378656,180354,Bind,1,1:02:06,13,9,true,true
378656,180355,Lotus,0,36:53,13,4,true,true
378657,180357,Haven,1,36:59,2,13,true,true
378657,180358,Abyss,0,51:08,13,6,true,true
378657,180359,Bind,,45:53,13,6,true,true
378658,180360,Abyss,1,1:06:50,11,13,true,true
378658,180361,Lotus,0,47:03,6,13,true,true
378659,180363,Lotus,1,1:01:06,9,13,true,true
378659,180364,Icebox,0,36:20,4,13,true,true
378660,180366,Sunset,1,1:05:29,11,13,true,true
378660,180367,Haven,0,59:08,13,9,true,true
378660,180368,Lotus,,45:59,13,5,true,true
378662,180369,Haven,1,1:02:40,13,8,true,true
378662,180370,Ascent,0,46:45,13,7,true,true
378663,180372,Abyss,0,1:10:12,12,14,true,true
378663,180373,Bind,1,53:01,13,9,true,true
378663,180374,Lotus,,1:07:12,13,15,true,true
378664,180375,Abyss,1,1:05:59,13,11,true,true
378664,180376,Lotus,0,57:29,11,13,true,true
378664,180377,Bind,,53:15,10,13,true,true
378665,180378,Bind,1,58:00,13,8,true,true
378665,180379,Lotus,0,41:57,13,5,true,true
378666,180381,Lotus,1,57:51,9,13,true,true
378666,180382,Icebox,0,44:05,6,13,true,true
378667,180384,Bind,1,1:05:39,13,11,true,true
378667,180385,Ascent,0,54:02,13,8,true,true
378669,180387,Ascent,1,1:09:22,13,15,true,true
378669,180388,Sunset,0,46:50,13,7,true,true
378669,180389,Bind,,45:26,7,13,true,true
378670,180390,Bind,1,1:06:05,10,13,true,true
378670,180391,Sunset,0,46:53,13,9,true,true
378670,180392,Ascent,,46:02,5,13,true,true
378671,180393,Lotus,0,1:06:04,6,13,true,true
378671,180394,Sunset,1,48:54,8,13,true,true
378672,180396,Icebox,0,1:09:37,14,12,true,true
378672,180397,Sunset,1,36:30,13,4,true,true
378673,180399,Lotus,1,55:13,13,9,true,true
378673,180400,Bind,0,54:58,13,10,true,true
378674,180402,Icebox,1,55:32,13,8,true,true
378674,180403,Lotus,0,49:03,13,9,true,true
378675,180405,Icebox,1,56:46,13,8,true,true
378675,180406,Haven,0,55:17,11,13,true,true
378675,180407,Bind,,58:00,11,13,true,true
378676,180408,Sunset,0,1:02:48,11,13,true,true
378676,180409,Bind,1,40:05,6,13,true,true
378677,180411,Icebox,0,45:00,3,13,true,true
378677,180412,Sunset,1,46:54,13,8,true,true
378677,180413,Lotus,,33:10,13,4,true,true
378822,180414,Sunset,1,1:08:46,13,15,true,true
378822,180415,Haven,0,43:10,8,13,true,true
378823,180417,Bind,0,50:40,7,13,true,true
378823,180418,Sunset,1,52:32,10,13,true,true
378824,180420,Icebox,1,1:20:59,14,16,true,true
378824,180421,Abyss,0,44:03,5,13,true,true
378825,180423,Lotus,1,48:20,13,3,true,true
378825,180424,Abyss,0,1:01:50,14,12,true,true
378826,180426,Haven,1,1:01:57,13,9,true,true
378826,180427,Lotus,0,53:44,9,13,true,true
378826,180428,Sunset,,42:04,6,13,true,true
378827,180429,Icebox,0,1:14:55,15,13,true,true
378827,180430,Lotus,1,57:45,13,10,true,true
378828,180432,Icebox,1,1:28:03,14,16,true,true
378828,180433,Lotus,0,39:45,13,4,true,true
378828,182971,Abyss,,1:01:34,13,11,true,true
378829,180435,Haven,0,1:16:43,6,13,true,true
378829,180436,Sunset,1,45:11,13,4,true,true
378829,180437,Lotus,0,55:30,13,9,true,true
378829,180438,Bind,1,1:01:45,11,13,true,true
378829,180439,Abyss,,51:55,13,9,true,true
378831,180440,Lotus,1,42:52,13,3,true,true
378831,180441,Abyss,0,40:41,13,5,true,true
378832,180443,Haven,1,43:29,3,13,true,true
378832,180444,Bind,0,58:10,11,13,true,true
378833,180446,Abyss,1,52:44,5,13,true,true
378833,180447,Sunset,0,43:42,13,5,true,true
378833,180448,Icebox,,57:50,13,10,true,true
378834,180449,Sunset,0,1:08:23,13,11,true,true
378834,180450,Bind,1,52:23,9,13,true,true
378834,180451,Lotus,,51:27,13,6,true,true
378835,180452,Haven,1,1:01:41,8,13,true,true
378835,180453,Icebox,0,54:53,13,9,true,true
378835,180454,Abyss,,47:52,13,7,true,true
378836,180455,Icebox,0,1:03:01,7,13,true,true
378836,180456,Sunset,1,1:07:58,13,15,true,true
378836,180457,Abyss,0,55:08,13,9,true,true
378836,180458,Lotus,1,38:44,3,13,true,true
39489,51494,Ascent,1,-,13,10,false,false
39489,51495,Icebox,0,-,15,13,false,false
39490,51497,Haven,0,-,13,8,false,false
39490,51498,Ascent,1,-,7,13,false,false
39490,51499,Split,0,-,13,5,false,false
39491,51500,Ascent,1,51:38,13,8,true,true
39491,51501,Breeze,0,47:34,10,13,true,true
39491,51502,Bind,1,48:14,13,7,true,true
39492,51503,Icebox,0,57:44,13,3,true,true
39492,51504,Split,1,25:07,13,0,true,true
39493,51506,Ascent,0,39:34,6,13,true,true
39493,51507,Icebox,1,41:47,4,13,true,true
39494,51509,Bind,1,1:03:09,13,10,true,true
39494,51510,Haven,0,44:22,13,7,true,true
42173,51875,Ascent,1,34:08,13,2,true,true
42173,51876,Haven,0,1:12:44,13,5,true,true
42174,51878,Split,0,43:51,13,8,true,true
42174,51879,Haven,1,47:23,10,13,true,true
42174,51880,Ascent,0,49:04,13,9,true,true
42175,51881,Split,1,1:21:32,14,12,true,true
42175,51882,Ascent,0,52:03,11,13,true,true
42175,51883,Icebox,1,1:01:08,12,14,true,true
42176,51884,Haven,,50:32,9,13,true,true
42176,51885,Icebox,,47:43,7,13,true,true
42177,51887,Haven,0,56:12,11,13,true,true
42177,51888,Ascent,1,1:08:41,10,13,true,true
42178,51890,Split,0,52:57,13,10,true,true
42178,51891,Ascent,1,50:05,9,13,true,true
42178,51892,Breeze,0,35:04,3,13,true,true
42179,51893,Bind,0,51:52,13,6,true,true
42179,51894,Icebox,1,40:45,13,5,true,true
42180,51896,Bind,1,1:02:10,13,10,true,true
42180,51897,Icebox,0,59:37,14,12,true,true
42181,51899,Bind,,52:36,11,13,true,true
42181,51900,Breeze,,59:52,14,12,true,true
42181,51901,Split,,43:25,13,6,true,true
42182,51902,Bind,0,58:17,12,14,true,true
42182,51903,Split,1,42:05,13,4,true,true
42182,51904,Ascent,0,1:15:03,17,15,true,true
42185,51905,Split,0,49:50,13,9,true,true
42185,51906,Icebox,1,46:48,13,7,true,true
42186,51908,Icebox,0,58:35,13,11,true,true
42186,51909,Ascent,1,40:47,5,13,true,true
42186,51910,Split,0,1:08:01,8,13,true,true
42187,51911,Icebox,0,50:44,2,13,true,true
42187,51912,Ascent,1,42:14,6,13,true,true
42187,51913,Split,0,39:25,5,13,true,true
42198,51920,Bind,0,35:55,13,4,true,true
42198,51921,Breeze,1,53:41,13,11,true,true
42199,51923,Split,0,41:16,13,6,true,true
42199,51924,Ascent,1,42:37,13,10,true,true
42200,51926,Breeze,0,47:38,13,8,true,true
42200,51927,Icebox,1,1:04:51,15,17,true,true
42200,51928,Split,0,46:02,8,13,true,true
42201,51929,Ascent,0,27:05,13,0,true,true
42201,51930,Haven,1,51:54,13,9,true,true
42202,51932,Ascent,0,29:28,13,2,true,true
42202,51933,Breeze,1,1:31:44,22,20,true,true
42202,51934,Icebox,0,43:19,7,13,true,true
42203,51935,Bind,0,42:01,6,13,true,true
42203,51936,Split,0,45:23,8,13,true,true
42204,51938,Ascent,0,49:14,8,13,true,true
42204,51939,Bind,1,48:43,13,8,true,true
42204,51940,Haven,0,54:22,9,13,true,true
42205,51941,Haven,1,42:16,5,13,true,true
42205,51942,Ascent,0,51:13,13,10,true,true
42205,51943,Split,1,46:25,13,7,true,true
42205,52077,Breeze,0,47:43,13,7,true,true
42206,51944,Split,0,48:23,12,14,true,true
42206,51945,Ascent,1,31:02,3,13,true,true
42207,51947,Breeze,0,38:12,13,5,true,true
42207,51948,Split,1,50:15,10,13,true,true
42207,51949,Haven,0,32:11,13,3,true,true
42208,51950,Split,0,43:46,13,8,true,true
42208,51951,Breeze,1,51:09,13,11,true,true
42209,51953,Split,0,44:27,13,8,true,true
42209,51954,Haven,1,37:29,6,13,true,true
42209,51955,Icebox,0,40:13,13,4,true,true
42210,51956,Haven,0,32:14,13,2,true,true
42210,51957,Icebox,1,40:45,13,7,true,true
42211,51959,Bind,0,49:38,9,13,true,true
42211,51960,Haven,1,53:44,11,13,true,true
427991,195761,Split,1,1:13:09,12,14,true,true
427991,195762,Pearl,0,53:34,10,13,true,true
427992,195764,Lotus,0,40:14,4,13,true,true
427992,195765,Bind,1,51:35,9,13,true,true
427993,195767,Fracture,0,1:10:03,12,14,true,true
427993,195768,Lotus,1,56:46,10,13,true,true
427994,195770,Haven,0,54:22,7,13,true,true
427994,195771,Lotus,1,38:57,5,13,true,true
427995,195773,Haven,1,52:26,7,13,true,true
427995,195774,Split,0,56:04,10,13,true,true
427996,195776,Split,0,49:02,4,13,true,true
427996,195777,Bind,1,54:05,13,9,true,true
427996,195778,Pearl,,51:15,13,9,true,true
427997,195779,Lotus,1,48:13,13,6,true,true
427997,195780,Abyss,0,48:17,13,8,true,true
427998,195782,Haven,1,58:40,13,8,true,true
427998,195783,Split,0,46:44,13,6,true,true
427999,195785,Lotus,0,1:12:39,13,11,true,true
427999,195786,Pearl,1,55:49,11,13,true,true
427999,195787,Split,,48:58,9,13,true,true
428000,195788,Pearl,0,55:44,13,5,true,true
428000,195789,Fracture,1,48:43,13,9,true,true
428001,195791,Abyss,1,1:03:27,7,13,true,true
428001,195792,Pearl,0,45:55,7,13,true,true
428002,195794,Split,0,49:03,4,13,true,true
428002,195795,Pearl,1,50:39,13,8,true,true
428002,195796,Abyss,0,47:58,9,13,true,true
428002,195797,Fracture,1,34:08,13,5,true,true
428002,195798,Haven,,52:56,13,10,true,true
428003,195799,Abyss,1,1:00:42,7,13,true,true
428003,195800,Fracture,0,48:55,7,13,true,true
428004,195802,Lotus,0,55:57,13,7,true,true
428004,195803,Abyss,1,53:31,10,13,true,true
428004,195804,Pearl,,47:23,7,13,true,true
428005,195805,Lotus,0,1:19:06,14,12,true,true
428005,195806,Pearl,1,57:20,9,13,true,true
428005,195807,Bind,,56:00,9,13,true,true
428006,195808,Abyss,1,50:41,13,3,true,true
428006,195809,Split,0,38:23,13,2,true,true
428007,195811,Abyss,1,1:05:03,10,13,true,true
428007,195812,Split,0,38:31,3,13,true,true
428008,195814,Abyss,1,1:00:37,8,13,true,true
428008,195815,Haven,0,54:23,13,10,true,true
428008,195816,Bind,,46:50,7,13,true,true
428009,195817,Lotus,0,1:04:05,13,7,true,true
428009,195818,Pearl,1,51:33,9,13,true,true
428009,195819,Split,,57:46,12,14,true,true
428010,195820,Bind,1,49:17,5,13,true,true
428010,195821,Haven,0,55:40,11,13,true,true
428011,195823,Bind,1,1:01:39,8,13,true,true
428011,195824,Abyss,0,46:51,13,8,true,true
428011,195825,Split,,56:34,13,11,true,true
428012,195826,Lotus,0,54:21,13,7,true,true
428012,195827,Abyss,1,42:35,13,5,true,true
428012,195828,Pearl,0,1:38:58,19,21,true,true
428012,195829,Split,1,48:24,13,7,true,true
429379,196067,Fracture,0,58:08,10,13,true,true
429379,196068,Abyss,1,36:44,13,3,true,true
429379,196069,Bind,,52:51,13,10,true,true
429380,196070,Abyss,1,1:09:50,10,13,true,true
429380,196071,Bind,0,37:51,13,2,true,true
429380,196072,Lotus,,51:52,13,6,true,true
429381,196073,Lotus,1,1:05:24,13,9,true,true
429381,196074,Haven,0,1:02:21,12,14,true,true
429381,196075,Pearl,,43:41,13,5,true,true
429382,196076,Pearl,1,51:40,7,13,true,true
429382,196077,Haven,0,55:55,12,14,true,true
429383,196079,Pearl,0,56:58,13,7,true,true
429383,196080,Fracture,1,42:06,13,6,true,true
429384,196082,Haven,0,50:28,13,5,true,true
429384,196083,Bind,1,53:35,9,13,true,true
429384,196084,Abyss,,1:17:32,17,15,true,true
429385,196085,Abyss,1,1:16:23,8,13,true,true
429385,196086,Fracture,0,1:02:29,13,8,true,true
429385,196087,Split,,1:01:55,10,13,true,true
429386,196088,Abyss,1,49:12,4,13,true,true
429386,196089,Fracture,0,33:21,13,3,true,true
429386,196090,Pearl,,46:40,13,8,true,true
429387,196091,Bind,0,1:01:52,7,13,true,true
429387,196092,Split,1,36:12,4,13,true,true
429388,196094,Pearl,0,1:15:19,11,13,true,true
429388,196095,Lotus,1,44:49,7,13,true,true
429389,196097,Haven,0,1:05:29,13,10,true,true
429389,196098,Abyss,1,35:16,13,1,true,true
429390,196100,Split,0,1:16:50,10,13,true,true
429390,196101,Haven,1,44:42,7,13,true,true
429390,196102,Lotus,0,40:16,13,6,true,true
429390,196103,Bind,1,46:10,13,7,true,true
429390,196104,Fracture,,48:14,13,8,true,true
429391,196105,Haven,0,44:42,13,3,true,true
429391,196106,Lotus,1,45:07,7,13,true,true
429391,196107,Pearl,,40:22,13,6,true,true
429392,196108,Pearl,1,1:05:22,13,9,true,true
429392,196109,Fracture,0,53:16,8,13,true,true
429392,196110,Haven,,1:10:03,15,13,true,true
429393,196111,Bind,0,1:19:57,14,12,true,true
429393,196112,Lotus,1,44:40,8,13,true,true
429393,196113,Fracture,,51:41,10,13,true,true
429394,196114,Abyss,0,58:28,13,9,true,true
429394,196115,Pearl,1,56:15,11,13,true,true
429394,196116,Haven,,37:23,13,6,true,true
429395,196117,Abyss,0,56:58,5,13,true,true
429395,196118,Fracture,1,44:41,6,13,true,true
429396,196120,Fracture,0,51:00,8,13,true,true
429396,196121,Split,1,44:07,6,13,true,true
429397,196123,Abyss,0,1:10:32,13,10,true,true
429397,196124,Fracture,1,42:58,13,6,true,true
429398,196126,Bind,1,1:02:57,11,13,true,true
429398,196127,Pearl,0,56:12,13,9,true,true
429398,196128,Split,,47:17,10,13,true,true
429400,196129,Abyss,0,1:06:22,7,13,true,true
429400,196130,Bind,1,55:54,13,11,true,true
429400,196131,Haven,,39:18,4,13,true,true
429401,196132,Lotus,0,51:17,4,13,true,true
429401,196133,Abyss,1,38:19,4,13,true,true
429401,196134,Fracture,0,41:51,7,13,true,true
430514,196410,Pearl,0,1:19:42,11,13,true,true
430514,196411,Bind,1,45:08,13,8,true,true
430514,196412,Fracture,,39:44,7,13,true,true
430515,196413,Split,1,53:44,9,13,true,true
430515,196414,Haven,0,43:54,9,13,true,true
430516,196416,Abyss,1,51:17,3,13,true,true
430516,196417,Split,0,45:52,13,7,true,true
430516,196418,Pearl,,48:22,13,6,true,true
430517,196419,Abyss,1,1:15:45,14,12,true,true
430517,196420,Pearl,0,35:42,3,13,true,true
430517,196421,Haven,,37:48,3,13,true,true
430518,196422,Bind,1,43:53,6,13,true,true
430518,196423,Fracture,0,42:18,13,8,true,true
430518,196424,Split,,53:11,11,13,true,true
430519,196425,Split,1,54:35,6,13,true,true
430519,196426,Abyss,0,51:05,13,9,true,true
430519,196427,Lotus,,51:39,13,8,true,true
430520,196428,Fracture,1,49:04,6,13,true,true
430520,196429,Lotus,0,51:22,13,8,true,true
430520,196430,Haven,,1:05:05,14,12,true,true
430521,196431,Lotus,1,1:11:24,13,11,true,true
430521,196432,Pearl,0,45:26,6,13,true,true
430521,196433,Fracture,,48:44,13,9,true,true
430522,196434,Fracture,1,52:42,13,5,true,true
430522,196435,Bind,0,34:07,4,13,true,true
430522,196436,Haven,,49:31,13,9,true,true
430523,196437,Abyss,1,59:49,9,13,true,true
430523,196438,Bind,0,1:03:54,13,15,true,true
430524,196440,Lotus,1,1:06:28,13,11,true,true
430524,196441,Haven,0,59:21,13,15,true,true
430524,196442,Fracture,,50:27,10,13,true,true
430525,196443,Abyss,0,1:00:22,13,3,true,true
430525,196444,Lotus,1,42:03,6,13,true,true
430525,196445,Fracture,0,49:54,13,9,true,true
430525,196446,Bind,1,1:02:47,12,14,true,true
430525,196447,Split,,56:48,13,11,true,true
430526,196448,Pearl,1,50:29,13,3,true,true
430526,196449,Bind,0,55:46,7,13,true,true
430526,196450,Lotus,,52:11,13,9,true,true
430527,196451,Lotus,1,1:09:49,9,13,true,true
430527,196452,Pearl,0,50:02,13,4,true,true
430527,196453,Haven,,41:34,13,4,true,true
430528,196454,Abyss,1,50:07,8,13,true,true
430528,196455,Split,0,1:04:41,12,14,true,true
430529,196457,Lotus,1,51:07,13,5,true,true
430529,196458,Fracture,0,45:05,13,8,true,true
430530,196460,Fracture,1,1:13:25,12,14,true,true
430530,196461,Lotus,0,1:32:19,22,20,true,true
430530,196462,Pearl,,52:15,13,8,true,true
430531,196463,Abyss,0,58:57,13,10,true,true
430531,196464,Pearl,1,34:24,13,1,true,true
430532,196466,Lotus,1,1:02:09,9,13,true,true
430532,196467,Bind,0,52:01,13,10,true,true
430532,196468,Split,,42:15,13,5,true,true
430533,196469,Abyss,1,52:41,13,6,true,true
430533,196470,Lotus,0,41:55,13,6,true,true
430534,196472,Bind,0,52:32,7,13,true,true
430534,196473,Lotus,1,34:08,2,13,true,true
430535,196475,Pearl,0,1:07:45,13,8,true,true
430535,196476,Lotus,1,41:54,13,8,true,true
430535,196477,Haven,0,43:00,5,13,true,true
430535,196478,Split,1,1:14:51,15,17,true,true
430535,196479,Bind,,55:35,13,10,true,true
430837,196664,Lotus,0,-,13,11,false,false
430837,196665,Split,1,-,13,9,false,false
430838,196667,Fracture,1,-,11,13,false,false
430838,196668,Abyss,0,-,10,13,false,false
430839,196670,Abyss,0,-,5,13,false,false
430839,196671,Haven,1,-,15,13,false,false
430839,196672,Bind,,-,7,13,false,false
430840,196673,Abyss,1,-,8,13,false,false
430840,196674,Bind,0,-,3,13,false,false
430841,196676,Haven,1,-,11,13,false,false
430841,196677,Lotus,0,-,13,11,false,false
430841,196678,Abyss,,-,13,11,false,false
430842,196679,Abyss,1,-,11,13,false,false
430842,196680,Fracture,0,-,13,7,false,false
430842,196681,Pearl,,-,13,6,false,false
430843,196682,Pearl,0,-,13,8,false,false
430843,196683,Abyss,1,-,13,7,false,false
430844,196685,Split,1,-,13,8,false,false
430844,196686,Fracture,0,-,13,10,false,false
430845,196688,Bind,0,-,13,11,false,false
430845,196689,Lotus,1,-,13,9,false,false
430846,196691,Lotus,0,-,13,4,false,false
430846,196692,Bind,1,-,13,4,false,false
430847,196694,Bind,1,-,8,13,false,false
430847,196695,Haven,0,-,13,10,false,false
430847,196696,Lotus,,-,6,13,false,false
430848,196697,Lotus,0,-,14,12,false,false
430848,196698,Bind,1,-,11,13,false,false
430848,196699,Abyss,0,-,14,16,false,false
430848,196700,Fracture,1,-,2,13,false,false
430849,196702,Fracture,1,-,13,11,false,false
430849,196703,Abyss,0,-,8,13,false,false
430849,196704,Split,,-,13,6,false,false
430850,196705,Pearl,1,-,13,6,false,false
430850,196706,Haven,0,-,13,10,false,false
430851,196708,Fracture,1,-,9,13,false,false
430851,196709,Abyss,0,-,3,13,false,false
430853,196711,Abyss,1,-,8,13,false,false
430853,196712,Bind,0,-,13,1,false,false
430853,196713,Lotus,,-,13,4,false,false
430854,196714,Pearl,1,-,8,13,false,false
430854,196715,Bind,0,-,7,13,false,false
430855,196717,Pearl,0,-,13,9,false,false
430855,196718,Bind,1,-,4,13,false,false
430855,196719,Haven,,-,6,13,false,false
430856,196720,Abyss,1,-,11,13,false,false
430856,196721,Pearl,0,-,13,1,false,false
430856,196722,Haven,,-,7,13,false,false
430857,196723,Lotus,0,-,12,14,false,false
430857,196724,Bind,1,-,13,10,false,false
430857,196725,Haven,,-,13,0,false,false
430858,196726,Haven,0,-,0,13,false,false
430858,196727,Pearl,1,-,9,13,false,false
430860,196729,Pearl,0,-,12,14,false,false
430860,196730,Haven,1,-,6,13,false,false
430860,196731,Lotus,0,-,5,13,false,false
43109,52903,Bind,0,1:12:31,15,13,true,true
43109,52904,Haven,1,37:50,3,13,true,true
43109,52905,Ascent,0,31:25,0,13,true,true
43110,52906,Icebox,0,59:43,12,14,true,true
43110,52907,Ascent,1,52:29,11,13,true,true
43111,52909,Ascent,1,52:30,13,11,true,true
43111,52910,Bind,0,47:34,11,13,true,true
43111,52911,Haven,1,45:13,7,13,true,true
43112,52912,Bind,0,37:30,3,13,true,true
43112,52913,Ascent,1,40:42,6,13,true,true
43113,52915,Split,0,47:59,7,13,true,true
43113,52916,Bind,1,36:54,13,3,true,true
43113,52917,Haven,0,51:43,13,8,true,true
43114,52918,Bind,1,33:50,4,13,true,true
43114,52919,Ascent,0,42:03,9,13,true,true
43115,52921,Haven,0,50:24,13,10,true,true
43115,52922,Bind,1,52:05,9,13,true,true
43115,52923,Split,0,1:05:53,14,16,true,true
43116,52924,Bind,1,50:40,10,13,true,true
43116,52925,Breeze,0,31:05,13,3,true,true
43116,52926,Ascent,1,46:09,8,13,true,true
43117,52927,Bind,0,1:00:53,13,10,true,true
43117,52928,Haven,1,52:54,11,13,true,true
43117,52929,Ascent,0,47:57,13,8,true,true
43118,52930,Ascent,0,51:59,13,10,true,true
43118,52931,Bind,1,1:03:59,14,12,true,true
43119,52933,Bind,1,29:41,13,1,true,true
43119,52934,Ascent,0,44:32,13,9,true,true
43120,52936,Ascent,1,50:28,13,9,true,true
43120,52937,Icebox,0,50:49,11,13,true,true
43120,52938,Bind,1,1:18:05,18,16,true,true
43120,52939,Split,0,44:28,7,13,true,true
43120,52940,Haven,1,48:10,8,13,true,true
43764,53279,Breeze,0,1:02:54,10,13,true,true
43764,53280,Split,1,50:07,13,8,true,true
43764,53281,Icebox,0,36:07,13,4,true,true
43765,53282,Haven,0,36:07,2,13,true,true
43765,53283,Ascent,1,55:49,13,8,true,true
43765,53284,Split,0,56:28,13,10,true,true
43766,53285,Breeze,0,49:02,13,8,true,true
43766,53286,Ascent,1,49:12,8,13,true,true
43766,53287,Bind,0,48:14,7,13,true,true
43767,53288,Breeze,0,38:25,5,13,true,true
43767,53289,Icebox,1,48:49,9,13,true,true
43768,53291,Split,1,1:00:20,9,13,true,true
43768,53292,Breeze,0,45:40,13,8,true,true
43768,53293,Ascent,1,57:58,13,9,true,true
43769,53295,Ascent,0,1:00:15,12,14,true,true
43769,53296,Haven,1,35:40,13,4,true,true
43769,55526,Breeze,1,1:41:32,14,13,true,true
43770,53297,Breeze,0,59:43,11,13,true,true
43770,53298,Ascent,1,55:32,13,10,true,true
43770,53299,Haven,0,54:44,11,13,true,true
43771,53300,Breeze,1,52:51,8,13,true,true
43771,53301,Split,0,31:34,0,13,true,true
43771,53302,Bind,,55:10,11,13,true,true
43772,53305,Haven,1,48:08,13,9,true,true
43772,53306,Split,0,53:04,13,9,true,true
43773,53308,Icebox,1,50:32,10,13,true,true
43773,53309,Breeze,0,57:17,10,13,true,true
43774,53311,Ascent,0,32:23,13,1,true,true
43774,53312,Split,1,59:50,12,14,true,true
43774,53313,Breeze,0,52:39,13,10,true,true
43775,53314,Bind,0,50:27,13,7,true,true
43775,53315,Icebox,1,45:21,13,4,true,true
43776,53317,Bind,1,43:54,13,7,true,true
43776,53318,Ascent,0,1:05:32,14,12,true,true
43777,53320,Icebox,0,1:16:47,14,12,true,true
43777,53321,Breeze,0,44:08,5,13,true,true
43777,53322,Haven,1,49:09,9,13,true,true
448597,202492,Lotus,1,47:38,13,8,true,true
448597,202493,Abyss,0,36:36,13,3,true,true
448598,202495,Split,1,1:35:46,18,16,true,true
448598,202496,Pearl,0,44:31,13,6,true,true
448599,202498,Fracture,0,1:02:22,13,10,true,true
448599,202499,Bind,1,51:56,13,9,true,true
448600,202501,Lotus,1,45:20,13,3,true,true
448600,202502,Haven,0,50:13,13,10,true,true
449000,202765,Bind,1,58:50,8,13,true,true
449000,202766,Abyss,0,51:55,13,11,true,true
449000,202767,Split,,57:01,11,13,true,true
449001,202768,Pearl,1,1:21:52,16,18,true,true
449001,202769,Bind,0,43:40,13,8,true,true
449001,202770,Fracture,,35:06,13,4,true,true
449002,202771,Lotus,1,45:37,13,3,true,true
449002,202772,Haven,0,42:04,13,8,true,true
449003,202774,Lotus,1,53:41,7,13,true,true
449003,202775,Abyss,0,1:02:50,16,14,true,true
449003,202776,Bind,,30:20,13,1,true,true
449004,202777,Fracture,1,1:04:03,13,11,true,true
449004,202778,Pearl,0,39:01,13,4,true,true
449005,202780,Haven,1,48:57,13,5,true,true
449005,202781,Lotus,0,46:11,13,7,true,true
449008,202783,Split,1,55:34,13,7,true,true
449008,202784,Bind,0,43:41,6,13,true,true
449008,202785,Pearl,,1:01:00,13,11,true,true
449009,202786,Bind,0,1:13:06,13,15,true,true
449009,202787,Lotus,1,54:57,9,13,true,true
449010,202789,Lotus,1,57:16,8,13,true,true
449010,202790,Split,0,41:45,7,13,true,true
449011,202792,Lotus,0,55:22,13,5,true,true
449011,202793,Haven,1,52:45,9,13,true,true
449011,202794,Abyss,0,47:08,13,11,true,true
449011,202795,Split,1,1:04:07,13,15,true,true
449011,202796,Pearl,,1:11:01,14,16,true,true
449012,202797,Lotus,0,1:09:37,12,14,true,true
449012,202798,Haven,1,36:14,13,4,true,true
449012,202799,Split,,42:08,13,5,true,true
449013,202800,Bind,0,34:49,4,13,true,true
449013,202801,Haven,1,47:05,10,13,true,true
449013,202802,Fracture,0,53:33,14,12,true,true
449013,202803,Split,1,42:09,5,13,true,true
450047,203454,Pearl,1,-,13,8,false,false
450047,203455,Icebox,0,-,9,13,false,false
450047,203456,Fracture,,-,8,13,false,false
450048,203457,Pearl,0,-,13,11,false,false
450048,203458,Lotus,1,-,11,13,false,false
450048,203459,Split,,-,13,1,false,false
450049,203460,Fracture,1,-,13,6,false,false
450049,203461,Lotus,0,-,13,10,false,false
450050,203463,Fracture,0,-,7,13,false,false
450050,203464,Haven,1,-,6,13,false,false
450051,203466,Pearl,1,-,9,13,false,false
450051,203467,Haven,0,-,11,13,false,false
450052,203469,Icebox,1,-,13,5,false,false
450052,203470,Haven,0,-,13,6,false,false
450053,203472,Ascent,0,-,13,11,false,false
450053,203473,Fracture,1,-,13,8,false,false
450054,203475,Pearl,0,-,8,13,false,false
450054,203476,Icebox,1,-,13,6,false,false
450054,203477,Haven,,-,4,13,false,false
450055,203478,Fracture,0,-,13,10,false,false
450055,203479,Lotus,1,-,13,7,false,false
450056,203481,Fracture,1,-,15,13,false,false
450056,203482,Pearl,0,-,13,10,false,false
450057,203484,Lotus,1,1:07:57,11,13,false,false
450057,203485,Fracture,0,48:45,13,9,false,false
450057,203486,Icebox,,33:58,13,3,false,false
450058,203487,Pearl,1,1:07:48,13,10,false,false
450058,203488,Icebox,0,40:37,5,13,false,false
450058,203489,Fracture,,44:08,13,8,false,false
450059,203490,Lotus,1,1:03:18,7,13,false,false
450059,203491,Haven,0,56:14,11,13,false,false
450060,203493,Fracture,1,1:15:46,12,14,false,false
450060,203494,Icebox,0,54:55,10,13,false,false
450061,203496,Fracture,1,1:08:08,13,10,false,false
450061,203497,Icebox,0,47:16,8,13,false,false
450061,203498,Split,,47:07,7,13,false,false
450062,203499,Icebox,1,42:31,2,13,false,false
450062,203500,Ascent,0,44:30,13,9,false,false
450062,203501,Pearl,,53:15,10,13,false,false
450063,203502,Icebox,1,1:08:15,13,11,false,false
450063,203503,Split,0,51:53,13,10,false,false
450064,203505,Pearl,1,51:21,4,13,false,false
450064,203506,Fracture,0,34:59,5,13,false,false
450065,203508,Ascent,1,1:07:57,11,13,false,false
450065,203509,Haven,0,37:52,5,13,false,false
450066,203512,Haven,0,40:12,13,5,false,false
450066,203513,Ascent,,36:21,13,4,false,false
450066,210676,Lotus,1,1:02:00,10,13,false,false
450067,203514,Split,0,1:18:13,12,14,false,false
450067,203515,Pearl,1,42:25,4,13,false,false
450068,203517,Lotus,0,1:00:07,8,13,false,false
450068,203518,Icebox,1,46:06,13,9,false,false
450068,203519,Haven,,40:48,13,5,false,false
450069,203520,Split,0,1:11:47,13,11,false,false
450069,203521,Icebox,1,35:59,3,13,false,false
450069,203522,Pearl,,42:13,13,5,false,false
450070,203523,Split,0,58:11,7,13,false,false
450070,203524,Lotus,1,54:37,13,10,false,false
450070,203525,Pearl,,1:02:42,11,13,false,false
450071,203526,Lotus,1,1:03:05,6,13,false,false
450071,203528,Fracture,,-,6,13,false,false
450071,211581,Icebox,0,-,13,11,false,false
450072,203529,Haven,0,1:04:51,13,10,false,false
450072,203530,Split,1,50:06,9,13,false,false
450072,203531,Fracture,,41:06,5,13,false,false
450073,203532,Pearl,0,1:03:01,13,7,false,false
450073,203533,Fracture,1,-,7,13,false,false
450073,203534,Lotus,,-,13,6,false,false
450074,203535,Haven,0,-,4,13,false,false
450074,203536,Ascent,1,-,13,5,false,false
450074,203537,Split,,-,1,13,false,false
450075,203538,Fracture,0,-,13,9,false,false
450075,203539,Split,1,-,13,3,false,false
450076,203541,Split,0,1:00:11,13,9,false,false
450076,203542,Fracture,1,-,13,7,false,false
458805,206150,Lotus,1,1:09:12,7,13,true,true
458805,206151,Pearl,0,1:01:31,11,13,true,true
458806,206153,Fracture,1,54:22,13,7,true,true
458806,206154,Split,0,59:31,12,14,true,true
458806,206155,Haven,,37:37,13,5,true,true
458807,206156,Haven,0,1:02:09,13,9,true,true
458807,206157,Icebox,1,50:55,10,13,true,true
458807,206158,Lotus,,42:32,13,7,true,true
458808,206159,Pearl,1,51:36,5,13,true,true
458808,206160,Fracture,0,28:10,13,2,true,true
458808,206161,Haven,,46:41,13,9,true,true
458809,206162,Ascent,1,1:09:34,8,13,true,true
458809,206163,Haven,0,1:12:35,15,17,true,true
458810,206165,Ascent,1,46:55,5,13,true,true
458810,206166,Split,0,50:24,13,8,true,true
458810,206167,Pearl,,1:04:29,13,10,true,true
458811,206168,Lotus,1,1:11:35,11,13,true,true
458811,206169,Icebox,0,54:47,10,13,true,true
458812,206171,Icebox,0,56:02,13,10,true,true
458812,206172,Split,1,1:00:30,13,11,true,true
458813,206174,Lotus,0,1:08:23,13,10,true,true
458813,206175,Fracture,1,36:21,6,13,true,true
458813,206176,Haven,,35:45,13,4,true,true
458814,206177,Lotus,0,40:40,13,3,true,true
458814,206178,Ascent,1,47:46,13,8,true,true
458815,206180,Lotus,0,1:04:58,8,13,true,true
458815,206181,Ascent,1,42:33,5,13,true,true
458816,206183,Lotus,1,37:27,13,1,true,true
458816,206184,Haven,0,49:21,13,11,true,true
458817,206186,Lotus,0,49:13,13,2,true,true
458817,206187,Fracture,1,37:50,13,4,true,true
458818,206189,Split,1,50:17,13,6,true,true
458818,210878,Haven,0,46:50,13,9,true,true
458819,206193,Ascent,1,44:08,13,8,true,true
458819,206194,Fracture,,44:15,9,13,true,true
458819,211027,Pearl,0,1:06:49,10,13,true,true
458820,206195,Haven,0,46:26,5,13,true,true
458820,206196,Lotus,1,47:46,13,8,true,true
458820,206197,Fracture,,40:50,13,6,true,true
458821,211411,Ascent,0,54:03,13,3,true,true
458821,211440,Split,,51:31,13,10,true,true
458822,206201,Haven,0,48:56,13,6,true,true
458822,206202,Icebox,1,44:48,9,13,true,true
458822,206203,Lotus,,46:09,13,8,true,true
458823,206204,Pearl,0,1:13:39,13,10,true,true
458823,206205,Split,1,40:07,13,3,true,true
458824,206207,Icebox,0,55:48,8,13,true,true
458824,206208,Haven,1,52:51,14,12,true,true
458824,206209,Ascent,,51:23,8,13,true,true
458825,206210,Pearl,0,1:08:01,13,10,true,true
458825,206211,Icebox,1,51:05,10,13,true,true
458825,206212,Lotus,,42:06,5,13,true,true
458826,206213,Haven,0,49:24,13,5,true,true
458826,206214,Pearl,1,45:44,13,7,true,true
458827,206216,Lotus,0,49:08,4,13,true,true
458827,206217,Split,1,53:40,10,13,true,true
458828,206219,Ascent,0,52:58,13,11,true,true
458828,206220,Lotus,1,41:22,7,13,true,true
458828,206221,Pearl,,1:01:16,13,15,true,true
458830,206222,Split,1,58:09,13,5,true,true
458830,206223,Lotus,0,54:27,13,9,true,true
458831,206225,Icebox,1,48:30,6,13,true,true
458831,206226,Haven,0,48:22,7,13,true,true
458832,206228,Lotus,1,1:20:40,8,13,true,true
458832,206229,Split,0,52:46,13,10,true,true
458832,206230,Ascent,,44:43,13,9,true,true
458833,206231,Lotus,1,48:58,13,6,true,true
458833,206232,Pearl,0,59:37,11,13,true,true
458833,206233,Split,,45:37,13,7,true,true
458834,206234,Fracture,1,59:57,8,13,true,true
458834,206235,Ascent,0,42:07,6,13,true,true
458835,206237,Haven,0,1:05:58,15,13,true,true
458835,206238,Ascent,1,42:14,5,13,true,true
458835,206239,Lotus,,50:23,9,13,true,true
459517,206933,Lotus,1,54:13,6,13,true,true
459517,206934,Fracture,0,38:15,13,5,true,true
459517,206935,Pearl,,48:35,13,9,true,true
459518,206936,Fracture,0,46:33,3,13,true,true
459518,206937,Haven,1,34:40,13,2,true,true
459518,206938,Split,,59:53,13,10,true,true
459519,206939,Lotus,0,1:06:57,13,10,true,true
459519,206940,Ascent,1,46:33,13,7,true,true
459520,206942,Split,1,50:40,13,7,true,true
459520,206943,Icebox,0,52:57,13,8,true,true
459521,206945,Haven,0,58:34,11,13,true,true
459521,206946,Lotus,1,46:25,8,13,true,true
459522,206948,Pearl,0,47:37,13,5,true,true
459522,206949,Haven,1,42:21,9,13,true,true
459522,206950,Split,,32:58,13,1,true,true
459523,206951,Lotus,0,1:03:20,10,13,true,true
459523,206952,Pearl,1,38:07,13,2,true,true
459523,206953,Fracture,,37:29,13,4,true,true
459524,206954,Lotus,0,52:17,7,13,true,true
459524,206955,Icebox,1,48:28,8,13,true,true
459525,206957,Fracture,1,54:51,13,10,true,true
459525,206958,Haven,0,44:46,13,7,true,true
459526,206960,Pearl,1,1:10:31,12,14,true,true
459526,206961,Haven,0,1:03:03,13,11,true,true
459526,206962,Ascent,,48:09,13,8,true,true
459527,206963,Lotus,0,1:14:14,12,14,true,true
459527,206964,Pearl,1,58:40,11,13,true,true
459528,206966,Split,1,1:03:43,8,13,true,true
459528,206967,Ascent,0,33:55,3,13,true,true
459529,206969,Haven,0,48:27,4,13,true,true
459529,206970,Pearl,1,48:01,6,13,true,true
459530,206972,Haven,,51:00,6,13,true,true
459530,206973,Icebox,,55:05,13,11,true,true
459530,206974,Split,,50:57,13,8,true,true
459531,206975,Icebox,1,54:19,6,13,true,true
459531,206976,Ascent,0,47:05,13,6,true,true
459531,206977,Pearl,,44:57,6,13,true,true
459532,206978,Lotus,1,39:18,13,1,true,true
459532,206979,Ascent,0,45:13,13,6,true,true
459533,206981,Ascent,0,45:56,4,13,true,true
459533,206982,Pearl,1,42:06,5,13,true,true
459534,206984,Pearl,1,1:00:19,13,9,true,true
459534,206985,Lotus,0,1:01:15,13,15,true,true
459534,206986,Haven,,54:53,11,13,true,true
459535,206987,Ascent,1,1:14:32,15,13,true,true
459535,206988,Icebox,0,40:50,13,6,true,true
459536,206990,Lotus,0,1:03:37,13,10,true,true
459536,206991,Fracture,1,55:09,11,13,true,true
459536,206992,Haven,,44:09,13,7,true,true
459537,206993,Lotus,0,1:20:37,14,16,true,true
459537,206994,Pearl,1,33:41,1,13,true,true
459538,206996,Split,0,1:03:10,13,10,true,true
459538,206997,Lotus,1,55:13,11,13,true,true
459538,211889,Haven,,36:15,13,5,true,true
459539,206999,Lotus,0,53:00,4,13,true,true
459539,207000,Pearl,1,50:32,7,13,true,true
459540,207002,Haven,0,49:42,6,13,true,true
459540,207003,Icebox,1,41:04,5,13,true,true
459541,207005,Icebox,1,48:28,13,5,true,true
459541,207006,Haven,0,35:56,4,13,true,true
459541,207007,Pearl,,55:53,13,11,true,true
459542,207008,Icebox,0,49:18,13,3,true,true
459542,207009,Ascent,1,45:32,9,13,true,true
459542,207010,Split,,44:36,13,8,true,true
459543,207011,Haven,1,53:37,13,4,true,true
459543,207012,Pearl,0,47:59,13,5,true,true
459544,207014,Fracture,1,49:14,13,10,true,true
459544,207015,Icebox,0,50:50,13,9,true,true
459545,207017,Lotus,1,1:02:10,11,13,true,true
459545,207018,Pearl,0,1:19:08,14,12,true,true
459545,207019,Split,,57:18,13,11,true,true
459546,207020,Fracture,1,1:01:26,13,15,true,true
459546,207021,Icebox,0,44:28,8,13,true,true
459826,207147,Split,0,1:16:15,13,9,true,true
459826,207148,Lotus,1,34:00,13,2,true,true
459827,207150,Icebox,1,47:40,3,13,true,true
459827,207151,Pearl,0,57:52,13,11,true,true
459827,207152,Fracture,,46:23,13,8,true,true
459828,207153,Ascent,0,1:07:19,5,13,true,true
459828,207154,Split,1,50:00,13,8,true,true
459828,207155,Icebox,,44:07,13,6,true,true
459829,207156,Pearl,0,52:39,13,4,true,true
459829,207157,Lotus,1,56:26,14,12,true,true
459830,207159,Split,0,47:09,13,5,true,true
459830,207160,Fracture,1,1:01:43,13,11,true,true
459831,207162,Split,0,48:23,13,6,true,true
459831,207163,Haven,1,55:47,12,14,true,true
459831,207164,Icebox,,40:49,6,13,true,true
459832,207165,Fracture,0,56:20,13,7,true,true
459832,207166,Haven,1,41:51,4,13,true,true
459832,207167,Ascent,,36:35,13,4,true,true
459833,207168,Lotus,1,1:03:39,13,10,true,true
459833,207169,Haven,0,1:04:08,11,13,true,true
459833,207170,Split,,44:08,6,13,true,true
459834,207171,Icebox,1,1:01:36,10,13,true,true
459834,207172,Fracture,0,1:12:56,18,16,true,true
459834,207173,Lotus,,36:11,13,4,true,true
459835,207174,Haven,1,39:05,13,3,true,true
459835,207175,Split,0,53:22,11,13,true,true
459835,207176,Lotus,,46:48,13,8,true,true
459836,207177,Split,1,1:45:23,18,16,true,true
459836,207178,Lotus,0,51:17,6,13,true,true
459836,207179,Haven,,1:00:25,10,13,true,true
459837,207180,Lotus,0,50:34,2,13,true,true
459837,207181,Icebox,1,1:00:42,12,14,true,true
459839,207183,Pearl,1,1:05:11,6,13,true,true
459839,207184,Icebox,0,47:29,9,13,true,true
459840,207186,Fracture,0,57:45,9,13,true,true
459840,207187,Pearl,1,49:20,13,7,true,true
459840,207188,Split,,29:17,13,0,true,true
459841,207189,Lotus,1,45:25,13,1,true,true
459841,207190,Split,0,48:29,13,9,true,true
459842,207192,Haven,1,1:06:18,10,13,true,true
459842,207193,Icebox,0,51:46,6,13,true,true
459843,207195,Lotus,0,46:30,5,13,true,true
459843,207196,Split,1,1:16:11,14,16,true,true
459844,207198,Haven,1,1:30:25,14,12,true,true
459844,207199,Pearl,0,1:16:48,13,2,true,true
459845,207201,Ascent,1,1:00:54,13,5,true,true
459845,207202,Lotus,0,58:49,13,10,true,true
459846,212700,Split,0,40:07,13,5,true,true
459846,212701,Lotus,1,58:57,13,9,true,true
459847,207207,Lotus,1,1:11:51,12,14,true,true
459847,207208,Haven,0,33:59,2,13,true,true
459848,207210,Ascent,0,1:01:56,13,10,true,true
459848,207211,Lotus,1,43:53,5,13,true,true
459848,207212,Haven,,51:32,10,13,true,true
459849,207214,Lotus,0,45:17,5,13,true,true
459849,207215,Ascent,,53:44,11,13,true,true
459849,212913,Pearl,1,1:26:37,14,12,true,true
459850,207216,Haven,1,48:29,3,13,true,true
459850,207217,Pearl,0,1:04:30,8,13,true,true
459852,207219,Ascent,0,2:05:00,25,23,true,true
459852,207220,Icebox,1,1:01:21,13,11,true,true
459853,207222,Lotus,1,1:10:01,13,7,true,true
459853,207223,Ascent,0,53:48,13,9,true,true
459854,207225,Split,0,1:02:18,13,11,true,true
459854,207226,Icebox,1,39:27,6,13,true,true
459854,207227,Fracture,,46:26,9,13,true,true
459855,207228,Haven,0,49:15,5,13,true,true
459855,207229,Icebox,1,1:00:49,11,13,true,true
459856,207232,Icebox,1,54:25,9,13,true,true
459856,207233,Lotus,,38:02,13,6,true,true
459856,214836,Split,0,-,13,6,false,false
459857,207235,Haven,1,45:48,5,13,true,true
459857,215378,Lotus,0,55:42,10,13,true,true
473233,212222,Haven,0,1:01:52,11,13,false,false
473233,212223,Icebox,1,53:06,10,13,false,false
473234,212225,Lotus,0,54:04,13,6,false,false
473234,212226,Ascent,1,34:09,13,2,false,false
473235,212228,Ascent,1,45:53,13,1,false,false
473235,212229,Fracture,0,1:03:36,12,14,false,false
473235,212230,Lotus,,1:19:41,16,18,false,false
473236,212231,Split,0,1:03:23,9,13,false,false
473236,212232,Lotus,1,37:59,4,13,false,false
473237,212234,Split,1,1:01:39,8,13,false,false
473237,212235,Haven,0,41:49,8,13,false,false
473238,212237,Lotus,1,1:00:58,9,13,false,false
473238,212238,Haven,0,52:44,11,13,false,false
473239,212240,Lotus,1,52:55,13,8,false,false
473239,212241,Split,0,48:20,11,13,false,false
473239,212242,Ascent,,45:48,13,8,false,false
473240,212243,Fracture,0,1:01:18,13,8,false,false
473240,212244,Lotus,1,37:45,13,4,false,false
473241,212246,Pearl,0,1:07:31,7,13,false,false
473241,212247,Lotus,1,59:29,12,14,false,false
473242,212249,Fracture,1,58:17,13,8,false,false
473242,212250,Icebox,0,44:30,8,13,false,false
473242,212251,Pearl,,57:30,11,13,false,false
473243,212252,Pearl,1,1:14:49,9,13,false,false
473243,212253,Lotus,0,55:22,11,13,false,false
473243,212254,Icebox,1,43:47,7,13,false,false
473244,212257,Fracture,1,1:24:03,15,13,false,false
473244,212258,Lotus,0,54:22,13,10,false,false
473244,212259,Pearl,1,54:36,8,13,false,false
473244,212260,Haven,0,57:01,14,12,false,false
473833,212502,Haven,1,1:09:17,13,6,true,true
473833,212503,Icebox,0,41:38,6,13,true,true
473833,212504,Pearl,,36:32,3,13,true,true
473834,212505,Lotus,1,1:07:27,15,13,true,true
473834,212506,Fracture,0,1:00:29,14,12,true,true
473835,212508,Haven,0,1:09:46,13,9,true,true
473835,212509,Pearl,1,48:02,7,13,true,true
473835,212510,Ascent,,54:00,13,9,true,true
473836,212511,Fracture,1,40:24,13,3,true,true
473836,212512,Ascent,0,38:55,4,13,true,true
473836,212513,Lotus,,33:01,2,13,true,true
473837,212514,Split,1,1:07:36,8,13,true,true
473837,212515,Ascent,0,38:38,6,13,true,true
473838,212517,Fracture,1,1:00:04,11,13,true,true
473838,212518,Icebox,0,40:42,13,4,true,true
473838,212519,Lotus,,1:00:19,14,12,true,true
473839,212520,Icebox,1,1:00:16,13,4,true,true
473839,212521,Fracture,0,1:01:12,14,12,true,true
473840,212523,Lotus,1,45:13,5,13,true,true
473840,212524,Fracture,0,49:32,8,13,true,true
473841,212526,Lotus,0,56:41,13,5,true,true
473841,212527,Icebox,1,50:27,13,8,true,true
473842,212529,Lotus,1,58:51,11,13,true,true
473842,212530,Icebox,0,45:27,8,13,true,true
473843,212532,Fracture,0,51:08,2,13,true,true
473843,212533,Split,1,53:25,14,12,true,true
473843,212534,Pearl,0,58:35,14,12,true,true
473843,212535,Icebox,1,35:20,3,13,true,true
473843,212536,Ascent,,43:22,13,6,true,true
473844,212537,Haven,0,1:13:58,13,8,true,true
473844,212538,Ascent,1,56:44,11,13,true,true
473844,212539,Lotus,0,54:30,9,13,true,true
473844,212540,Icebox,1,54:26,11,13,true,true
475897,213487,Split,1,1:06:50,13,10,true,true
475897,213488,Icebox,0,37:57,13,4,true,true
475898,213490,Ascent,1,57:32,13,9,true,true
475898,213491,Pearl,0,1:30:48,13,9,true,true
475899,213493,Lotus,0,58:52,8,13,true,true
475899,213494,Icebox,1,36:49,5,13,true,true
475900,213496,Split,1,52:23,13,5,true,true
475900,213497,Icebox,0,54:31,11,13,true,true
475900,213498,Ascent,,56:50,11,13,true,true
475901,213499,Lotus,0,1:27:20,7,13,true,true
475901,213500,Split,1,55:23,11,13,true,true
475902,213502,Haven,0,1:04:24,9,13,true,true
475902,213503,Split,1,47:11,9,13,true,true
475902,213504,Pearl,0,55:28,13,10,true,true
475902,213505,Ascent,1,55:21,10,13,true,true
475903,213507,Fracture,0,55:46,13,5,true,true
475903,213508,Haven,1,52:32,13,11,true,true
475904,213510,Fracture,1,57:18,9,13,true,true
475904,213511,Icebox,0,1:06:17,13,15,true,true
475905,213513,Haven,1,52:43,13,4,true,true
475905,213514,Split,0,1:00:10,12,14,true,true
475905,213515,Pearl,,1:10:55,16,14,true,true
475906,213516,Lotus,1,1:17:07,12,14,true,true
475906,213517,Icebox,0,56:08,11,13,true,true
475907,213519,Lotus,1,1:02:48,9,13,true,true
475907,213520,Split,0,46:03,13,7,true,true
475907,213521,Pearl,,57:09,13,11,true,true
475908,213522,Haven,0,1:07:02,13,10,true,true
475908,213523,Lotus,1,1:05:11,13,15,true,true
475908,213524,Split,0,56:00,10,13,true,true
475908,215607,Ascent,1,44:37,8,13,true,true
482503,215379,Lotus,0,1:07:28,13,9,true,true
482503,215380,Fracture,1,55:46,13,10,true,true
482504,215383,Split,0,50:58,13,8,true,true
482504,216517,Lotus,1,1:01:36,13,6,true,true
482505,215385,Icebox,1,1:21:45,12,14,true,true
482505,215386,Split,0,1:01:52,13,11,true,true
482505,216537,Ascent,,57:59,13,11,true,true
482506,215389,Split,1,47:30,13,6,true,true
482506,216584,Fracture,0,1:06:15,13,7,true,true
482507,215392,Icebox,0,59:03,14,12,true,true
482507,216644,Ascent,1,1:08:11,13,10,true,true
482508,215394,Split,0,1:14:44,10,13,true,true
482508,215395,Icebox,1,54:25,13,11,true,true
482508,215396,Fracture,,55:57,12,14,true,true
482509,215397,Icebox,1,1:09:34,11,13,true,true
482509,215398,Split,0,38:16,13,4,true,true
482509,215399,Ascent,,42:26,13,8,true,true
482510,215402,Ascent,,56:55,13,10,true,true
482510,216645,Split,1,34:02,13,2,true,true
482510,216646,Haven,0,1:11:31,12,14,false,false
482511,215403,Haven,1,1:06:33,13,11,true,true
482511,215404,Split,0,43:32,7,13,true,true
482511,215405,Fracture,,43:46,13,8,true,true
482512,215406,Haven,0,49:03,13,3,true,true
482512,215407,Ascent,1,49:22,13,10,true,true
482512,215408,Icebox,0,33:50,13,2,true,true
482513,215411,Split,0,1:03:12,13,4,true,true
482513,215412,Icebox,1,53:25,13,9,true,true
482513,215413,Fracture,0,1:07:19,14,12,true,true
482515,215416,Fracture,1,58:07,6,13,true,true
482515,217080,Icebox,0,55:22,8,13,true,true
490306,217247,Sunset,1,38:33,13,5,true,true
490306,217248,Haven,0,32:15,13,1,true,true
490307,217250,Icebox,0,47:52,13,10,true,true
490307,217251,Haven,1,1:02:14,14,16,true,true
490307,217252,Sunset,,45:07,13,10,true,true
490308,217253,Split,1,1:01:08,13,11,true,true
490308,217254,Lotus,0,50:17,13,8,true,true
490309,217256,Pearl,1,28:55,1,13,true,true
490309,217257,Icebox,0,45:55,9,13,true,true
490310,217259,Ascent,1,53:28,11,13,true,true
490310,217260,Icebox,0,32:47,3,13,true,true
490311,217262,Icebox,0,52:30,13,9,true,true
490311,217263,Sunset,1,39:56,5,13,true,true
490311,217264,Lotus,,56:06,9,13,true,true
490312,217265,Pearl,1,54:31,10,13,true,true
490312,217266,Lotus,0,50:35,9,13,true,true
490313,217268,Icebox,1,44:18,13,6,true,true
490313,217269,Sunset,0,44:22,13,7,true,true
490314,217271,Split,0,56:22,13,15,true,true
490314,217272,Sunset,1,34:05,13,5,true,true
490314,217273,Lotus,,50:06,14,12,true,true
490315,217275,Split,1,58:27,10,13,true,true
490315,221383,Ascent,0,45:22,5,13,true,true
498621,221147,Sunset,0,41:59,6,13,true,true
498621,221148,Lotus,1,43:08,6,13,true,true
498622,221150,Split,1,46:44,10,13,true,true
498622,221151,Lotus,0,54:24,11,13,true,true
498623,221153,Ascent,1,57:07,11,13,true,true
498623,221154,Icebox,0,48:42,8,13,true,true
498624,221156,Haven,1,1:08:28,11,13,true,true
498624,221157,Split,0,1:48:42,14,12,true,true
498624,221158,Sunset,,43:47,6,13,true,true
498625,221159,Split,1,38:48,3,13,true,true
498625,221160,Sunset,0,56:21,11,13,true,true
498626,221162,Split,0,59:06,13,11,true,true
498626,221163,Sunset,1,49:13,13,9,true,true
498627,221165,Lotus,0,58:44,14,12,true,true
498627,221166,Ascent,1,48:20,13,8,true,true
498628,221168,Sunset,0,57:40,13,11,true,true
498628,221169,Icebox,1,1:08:59,15,17,true,true
498628,221170,Pearl,0,52:55,13,10,true,true
498628,221171,Lotus,1,55:39,14,12,true,true
498629,221173,Icebox,0,34:23,3,13,true,true
498629,221174,Haven,1,44:46,8,13,true,true
498630,221176,Lotus,1,41:25,5,13,true,true
498630,221177,Haven,0,40:03,13,6,true,true
498630,221178,Ascent,,47:02,5,13,true,true
498631,221179,Lotus,1,42:11,7,13,true,true
498631,221180,Haven,0,56:05,13,11,true,true
498631,221181,Icebox,,1:00:17,11,13,true,true
498632,221182,Sunset,0,51:54,13,9,true,true
498632,221183,Ascent,1,49:56,7,13,true,true
498632,221184,Icebox,,54:46,9,13,true,true
498633,221185,Lotus,0,55:43,10,13,true,true
498633,221186,Split,1,56:54,10,13,true,true
498634,221188,Split,1,53:08,9,13,true,true
498634,221189,Icebox,0,37:08,4,13,true,true
498634,221190,Lotus,1,54:40,13,10,true,true
498634,221191,Ascent,0,42:06,5,13,true,true
506930,223138,Sunset,0,58:14,13,9,false,false
506930,223139,Corrode,1,40:02,13,6,false,false
506931,223141,Bind,1,54:01,13,5,false,false
506931,223142,Lotus,0,51:21,13,9,false,false
506932,223144,Sunset,1,-,13,3,false,false
506932,223145,Lotus,0,-,7,13,false,false
506932,223146,Ascent,,-,3,13,false,false
506933,223147,Sunset,1,55:01,5,13,false,false
506933,223148,Corrode,0,49:28,7,13,false,false
506934,223150,Lotus,0,53:18,13,8,false,false
506934,223151,Icebox,1,54:21,12,14,false,false
506934,223152,Ascent,,40:51,13,5,false,false
506935,223153,Icebox,0,1:00:18,7,13,false,false
506935,223154,Lotus,1,42:05,13,4,false,false
506935,223155,Haven,,41:24,4,13,false,false
506936,223156,Corrode,1,1:01:04,7,13,false,false
506936,223157,Bind,0,55:14,10,13,false,false
506937,223159,Haven,1,59:30,6,13,false,false
506937,223160,Ascent,0,46:48,13,8,false,false
506937,223161,Bind,,42:26,13,6,false,false
506938,223162,Bind,1,49:51,13,2,false,false
506938,223163,Corrode,0,39:04,13,4,false,false
506939,223165,Sunset,1,56:51,7,13,false,false
506939,223166,Ascent,0,1:08:29,15,13,false,false
506939,223167,Icebox,,39:50,4,13,false,false
506940,223168,Haven,0,46:21,13,2,false,false
506940,223169,Lotus,1,56:22,13,10,false,false
506941,223171,Sunset,1,58:38,13,8,false,false
506941,223172,Bind,0,54:49,11,13,false,false
506941,223173,Icebox,,37:46,13,3,false,false
506942,223174,Lotus,0,51:09,5,13,false,false
506942,223175,Corrode,1,44:21,13,7,false,false
506942,223176,Sunset,,51:40,13,10,false,false
506943,223177,Haven,0,1:05:28,13,9,false,false
506943,223178,Lotus,1,49:45,13,8,false,false
506945,223180,Bind,1,1:08:37,9,13,false,false
506945,223181,Ascent,0,48:26,8,13,false,false
506946,223183,Haven,1,1:00:15,13,7,false,false
506946,223184,Ascent,0,44:14,6,13,false,false
506946,223185,Sunset,,50:26,13,11,false,false
506947,223186,Haven,0,1:13:29,13,10,false,false
506947,223187,Corrode,1,54:54,9,13,false,false
506947,223188,Lotus,,42:57,6,13,false,false
506948,223189,Corrode,0,1:05:21,10,13,false,false
506948,223190,Ascent,1,48:31,9,13,false,false
506949,223192,Lotus,1,1:05:28,9,13,false,false
506949,223193,Haven,0,48:07,13,9,false,false
506949,223194,Sunset,,53:38,11,13,false,false
506950,223195,Haven,1,55:35,13,6,false,false
506950,223196,Icebox,0,1:04:30,13,15,false,false
506950,223197,Ascent,,41:43,6,13,false,false
506951,223198,Lotus,1,1:11:53,14,12,false,false
506951,223199,Icebox,0,50:37,11,13,false,false
506951,223200,Ascent,,50:56,13,10,false,false
506952,223201,Haven,0,-,13,8,false,false
506952,223202,Sunset,1,-,14,12,false,false
506953,223204,Sunset,1,1:04:20,10,13,false,false
506953,223205,Haven,0,32:21,3,13,false,false
506954,223207,Corrode,0,48:32,13,5,false,false
506954,223208,Lotus,1,51:45,10,13,false,false
506954,223209,Haven,,50:34,13,10,false,false
506955,223210,Icebox,0,1:15:52,14,12,false,false
506955,223211,Bind,1,50:43,13,8,false,false
506956,223213,Sunset,0,1:01:51,9,13,false,false
506956,223214,Haven,1,46:27,7,13,false,false
506957,223216,Haven,0,1:15:50,14,16,false,false
506957,223217,Corrode,1,37:07,13,6,false,false
506957,223218,Bind,,51:12,13,10,false,false
506958,223219,Ascent,0,54:45,13,6,false,false
506958,223220,Haven,1,39:19,4,13,false,false
506958,223221,Lotus,,38:09,13,6,false,false
506959,223222,Haven,0,1:00:37,7,13,false,false
506959,223223,Ascent,1,42:04,13,5,false,false
506959,223224,Corrode,,43:09,13,6,false,false
506960,223225,Lotus,0,56:47,13,6,false,false
506960,223226,Sunset,1,1:06:37,15,13,false,false
508815,223654,Bind,0,1:20:55,8,13,true,true
508815,223655,Icebox,1,30:53,3,13,true,true
508816,223657,Sunset,0,51:34,8,13,true,true
508816,223658,Ascent,1,54:32,13,10,true,true
508816,223659,Lotus,,35:21,13,3,true,true
508817,223660,Haven,0,1:21:18,15,17,true,true
508817,223661,Lotus,1,50:36,12,14,true,true
508818,223664,Haven,1,51:12,8,13,true,true
508818,227727,Corrode,0,52:30,6,13,true,true
508819,223667,Corrode,1,46:06,7,13,true,true
508819,227752,Haven,0,1:13:03,5,13,true,true
508820,223669,Haven,0,38:19,1,13,true,true
508820,223670,Lotus,1,32:32,13,1,true,true
508820,223671,Icebox,,48:02,7,13,true,true
508821,223672,Icebox,0,1:02:37,13,5,true,true
508821,227984,Bind,1,40:26,4,13,true,true
508821,227985,Lotus,,58:52,13,11,true,true
508822,223673,Ascent,1,57:51,9,13,true,true
508822,223674,Corrode,0,52:33,10,13,true,true
508823,223676,Bind,0,58:16,5,13,true,true
508823,223677,Corrode,1,49:46,13,9,true,true
508823,223678,Lotus,,1:00:20,11,13,true,true
508824,223680,Haven,1,43:26,13,7,true,true
508824,228042,Lotus,0,51:18,13,7,true,true
508825,223682,Icebox,0,55:59,13,5,true,true
508825,223683,Bind,1,40:26,13,6,true,true
508826,223686,Ascent,0,45:39,6,13,true,true
508826,223687,Haven,,55:40,13,11,true,true
508826,228313,Sunset,1,52:02,13,6,true,true
508828,223688,Icebox,1,51:16,3,13,true,true
508828,223689,Haven,0,38:00,13,3,true,true
508828,223690,Corrode,,49:30,13,7,true,true
508829,223692,Corrode,1,50:13,13,9,true,true
508829,223693,Icebox,,49:18,8,13,true,true
508829,229069,Sunset,0,58:39,9,13,true,true
508830,223694,Corrode,1,1:13:36,13,8,true,true
508830,223695,Sunset,0,36:01,13,6,true,true
508831,223697,Corrode,1,54:18,11,13,true,true
508831,223698,Haven,0,44:12,13,8,true,true
508831,223699,Icebox,,38:09,13,3,true,true
508832,223701,Corrode,1,38:24,13,4,true,true
508832,229399,Icebox,0,59:02,13,4,true,true
508833,223703,Bind,0,55:27,8,13,true,true
508833,223704,Lotus,1,46:58,10,13,true,true
508834,223706,Lotus,0,55:35,13,3,true,true
508834,223707,Ascent,1,43:31,13,8,true,true
508835,223709,Corrode,0,58:28,13,10,true,true
508835,223710,Lotus,1,40:24,13,6,true,true
508836,223712,Lotus,0,1:11:25,10,13,true,true
508836,223713,Corrode,1,34:05,2,13,true,true
508837,223715,Bind,0,1:09:59,12,14,true,true
508837,223716,Ascent,1,45:36,7,13,true,true
508838,223718,Corrode,1,59:51,13,7,true,true
508838,223719,Bind,0,49:16,13,8,true,true
508839,223721,Lotus,1,53:05,9,13,true,true
508839,223722,Sunset,0,41:16,7,13,true,true
508840,223724,Lotus,0,1:08:02,9,13,true,true
508840,223725,Ascent,1,59:37,12,14,true,true
508841,223727,Bind,0,56:01,11,13,true,true
508841,223728,Icebox,1,1:02:47,14,16,true,true
508842,223730,Lotus,0,1:09:03,13,10,true,true
508842,223731,Icebox,1,55:13,13,10,true,true
508843,223733,Lotus,0,1:07:11,15,13,true,true
508843,223734,Corrode,1,52:28,9,13,true,true
508843,223735,Ascent,,46:52,8,13,true,true
508844,223736,Ascent,1,1:19:12,13,15,true,true
508844,223737,Icebox,0,38:34,13,4,true,true
508844,223738,Sunset,,36:33,13,3,true,true
508845,223739,Sunset,1,44:37,13,6,true,true
508845,223740,Haven,0,47:41,13,9,true,true
509801,224713,Haven,1,51:54,13,5,true,true
509801,224714,Bind,0,39:12,13,4,true,true
509802,224716,Bind,0,52:51,13,10,true,true
509802,224717,Ascent,1,48:25,10,13,true,true
509802,224718,Icebox,,54:22,11,13,true,true
509803,224719,Sunset,1,56:02,7,13,true,true
509803,224720,Lotus,0,57:27,13,11,true,true
509803,224721,Ascent,,49:23,13,9,true,true
509804,224722,Corrode,1,57:52,13,9,true,true
509804,224723,Ascent,0,30:42,1,13,true,true
509804,224724,Haven,,47:42,9,13,true,true
509805,224725,Bind,0,1:03:22,13,10,true,true
509805,224726,Sunset,1,32:59,13,4,true,true
509806,224728,Corrode,0,55:23,13,8,true,true
509806,224729,Ascent,1,48:11,6,13,true,true
509806,224730,Lotus,,1:00:49,14,12,true,true
509807,224731,Ascent,0,1:02:41,8,13,true,true
509807,224732,Haven,1,41:13,5,13,true,true
509808,224734,Sunset,1,41:59,4,13,true,true
509808,224735,Icebox,0,33:49,0,13,true,true
509809,224737,Corrode,1,45:15,13,4,true,true
509809,224738,Bind,0,39:57,13,5,true,true
509810,224740,Haven,1,44:37,13,4,true,true
509810,224741,Corrode,0,51:55,13,9,true,true
509811,224743,Lotus,1,42:40,13,7,true,true
509811,224744,Haven,0,57:15,13,10,true,true
509812,224746,Lotus,0,55:55,8,13,true,true
509812,224747,Sunset,1,58:40,3,13,true,true
509813,224749,Corrode,1,1:13:27,12,14,true,true
509813,224750,Sunset,0,36:01,13,3,true,true
509813,224751,Ascent,,35:52,13,2,true,true
509814,224752,Lotus,1,51:57,7,13,true,true
509814,224753,Haven,0,56:20,14,12,true,true
509814,224754,Icebox,,54:22,11,13,true,true
509815,224755,Lotus,0,43:19,13,5,true,true
509815,224756,Haven,1,49:12,13,9,true,true
509816,224758,Icebox,0,59:01,13,10,true,true
509816,224759,Bind,1,1:02:04,14,12,true,true
509817,224761,Corrode,0,1:09:50,11,13,true,true
509817,224762,Haven,1,39:40,13,4,true,true
509817,224763,Ascent,,39:26,13,4,true,true
509818,224764,Haven,0,49:07,7,13,true,true
509818,224765,Bind,1,45:15,13,9,true,true
509818,224766,Ascent,,38:39,4,13,true,true
509819,224767,Bind,0,44:15,13,1,true,true
509819,224768,Lotus,1,45:35,13,7,true,true
509820,224770,Lotus,1,1:11:32,13,15,true,true
509820,224771,Bind,0,55:22,10,13,true,true
509821,224773,Lotus,0,1:02:27,13,8,true,true
509821,224774,Corrode,1,38:56,13,4,true,true
509822,224776,Bind,0,51:53,6,13,true,true
509822,224777,Haven,1,47:12,13,10,true,true
509822,224778,Ascent,,38:35,13,4,true,true
509823,224779,Corrode,0,49:02,2,13,true,true
509823,224780,Ascent,1,44:58,5,13,true,true
509824,224782,Sunset,0,41:30,13,2,true,true
509824,224783,Bind,1,47:13,7,13,true,true
509824,224784,Lotus,,1:01:52,12,14,true,true
509825,224785,Sunset,0,1:01:21,13,6,true,true
509825,224786,Lotus,1,45:11,7,13,true,true
509825,224787,Haven,,36:46,5,13,true,true
509826,224788,Haven,0,54:45,13,10,true,true
509826,224789,Sunset,1,50:32,10,13,true,true
509826,224790,Lotus,,35:11,2,13,true,true
509827,224791,Corrode,1,52:56,6,13,true,true
509827,224792,Ascent,0,52:13,9,13,true,true
509829,224794,Sunset,0,54:40,13,9,true,true
509829,224795,Lotus,1,36:33,4,13,true,true
509829,224796,Haven,,33:10,4,13,true,true
509830,224797,Ascent,0,1:02:42,13,8,true,true
509830,224798,Lotus,1,49:26,13,9,true,true
509831,224800,Icebox,0,58:00,13,11,true,true
509831,224801,Sunset,1,56:01,13,10,true,true
511543,226424,Icebox,0,37:53,13,4,true,true
511543,226425,Sunset,1,40:00,6,13,true,true
511543,226426,Corrode,,37:03,13,3,true,true
511544,226427,Sunset,0,51:20,10,13,true,true
511544,226428,Bind,1,52:27,11,13,true,true
511545,226430,Bind,0,45:43,7,13,true,true
511545,226431,Sunset,1,44:06,13,5,true,true
511545,226432,Lotus,,1:07:52,16,14,true,true
511546,226433,Bind,0,36:55,13,4,true,true
511546,226434,Icebox,1,49:30,10,13,true,true
511546,226435,Lotus,,44:29,13,8,true,true
511547,226436,Icebox,1,42:33,5,13,true,true
511547,226437,Haven,0,48:26,13,9,true,true
511547,226438,Sunset,,50:17,13,11,true,true
511548,226439,Bind,1,45:35,13,7,true,true
511548,226440,Lotus,0,59:44,10,13,true,true
511548,226441,Icebox,,59:55,13,11,true,true
511549,226442,Icebox,1,48:44,7,13,true,true
511549,226443,Sunset,0,55:12,13,11,true,true
511549,226444,Lotus,,52:28,11,13,true,true
511550,226445,Icebox,1,46:28,13,7,true,true
511550,226446,Lotus,0,52:20,11,13,true,true
511550,226447,Corrode,,52:40,13,11,true,true
511551,226448,Corrode,1,48:39,13,7,true,true
511551,226449,Sunset,0,36:42,13,4,true,true
511552,226451,Corrode,0,1:00:46,12,14,true,true
511552,226452,Ascent,1,55:23,14,12,true,true
511552,226453,Bind,,45:40,5,13,true,true
511553,226454,Haven,0,34:48,2,13,true,true
511553,226455,Lotus,1,41:46,5,13,true,true
511554,226457,Ascent,1,47:44,7,13,true,true
511554,226458,Haven,0,50:43,11,13,true,true
511562,226460,Sunset,0,53:30,11,13,true,true
511562,226461,Haven,1,40:51,13,6,true,true
511562,226462,Bind,,42:45,13,5,true,true
511563,226463,Sunset,1,34:04,3,13,true,true
511563,226464,Lotus,0,56:07,12,14,true,true
511564,226466,Ascent,1,1:02:42,14,12,true,true
511564,226467,Corrode,0,56:02,11,13,true,true
511564,226468,Lotus,,41:03,13,6,true,true
511565,226469,Lotus,0,49:47,13,9,true,true
511565,226470,Sunset,1,32:23,2,13,true,true
511565,226471,Haven,,39:57,4,13,true,true
511566,226473,Ascent,1,50:52,13,10,true,true
511566,226474,Icebox,,55:16,11,13,true,true
511566,230237,Bind,0,1:05:04,13,15,true,true
511567,226475,Haven,1,55:37,11,13,true,true
511567,226476,Ascent,0,55:35,9,13,true,true
511568,226478,Haven,1,43:48,6,13,true,true
511568,226479,Bind,0,47:01,7,13,true,true
511569,226481,Lotus,0,47:51,9,13,true,true
511569,226482,Ascent,1,37:38,13,4,true,true
511569,226483,Haven,,44:40,13,8,true,true
511570,226484,Corrode,0,38:43,13,8,true,true
511570,226485,Ascent,1,54:31,12,14,true,true
511570,226486,Haven,,37:00,4,13,true,true
511571,226487,Sunset,1,1:02:25,14,12,true,true
511571,226488,Corrode,0,45:07,13,8,true,true
511572,226490,Lotus,0,1:01:25,13,11,true,true
511572,226491,Icebox,1,45:57,7,13,true,true
511572,226492,Bind,,50:28,10,13,true,true
511573,226493,Bind,0,59:24,14,12,true,true
511573,226494,Ascent,1,33:06,13,1,true,true
511575,226496,Icebox,0,50:15,9,13,true,true
511575,226497,Corrode,1,1:06:20,16,14,true,true
511575,226498,Ascent,,34:43,3,13,true,true
511576,226499,Bind,1,41:24,5,13,true,true
511576,226500,Lotus,0,48:13,10,13,true,true
511577,226502,Ascent,0,51:35,7,13,true,true
511577,226503,Haven,1,35:14,3,13,true,true
511579,226505,Corrode,0,35:04,4,13,true,true
511579,226506,Lotus,1,47:26,13,9,true,true
511579,226507,Ascent,,47:56,10,13,true,true
511580,226508,Sunset,1,55:48,11,13,true,true
511580,226509,Ascent,0,48:06,9,13,true,true
511581,226511,Lotus,0,56:21,14,12,true,true
511581,226512,Bind,1,1:09:47,13,15,true,true
511581,226513,Sunset,,1:01:49,12,14,true,true
51266,57903,Icebox,1,1:03:39,9,13,true,true
51266,57904,Bind,0,43:15,13,3,true,true
51266,59254,Breeze,,44:48,13,10,false,false
51267,57906,Breeze,1,49:02,13,8,true,true
51267,57907,Ascent,0,43:51,13,7,true,true
51268,57909,Ascent,1,57:38,13,8,true,true
51268,57910,Bind,0,57:53,13,11,true,true
51269,57912,Icebox,0,52:54,6,13,true,true
51269,57913,Haven,1,46:20,5,13,true,true
51270,57915,Icebox,1,1:01:49,13,10,true,true
51270,57916,Split,0,47:24,8,13,true,true
51270,57917,Haven,,51:43,12,14,true,true
51272,57918,Haven,0,46:06,5,13,true,true
51272,57919,Ascent,1,46:59,8,13,true,true
51273,57921,Ascent,1,1:01:06,13,9,true,true
51273,57922,Breeze,0,55:07,10,13,true,true
51273,57923,Haven,,1:06:48,13,9,true,true
51274,57924,Breeze,0,1:04:33,14,12,true,true
51274,57925,Bind,1,38:32,2,13,true,true
51274,57926,Split,,53:02,13,10,true,true
51275,57927,Fracture,0,1:12:57,11,13,true,true
51275,57928,Ascent,1,50:47,13,8,true,true
51275,57929,Haven,,55:13,13,9,true,true
51276,57930,Fracture,1,54:51,13,7,true,true
51276,57931,Haven,0,54:18,11,13,true,true
51276,57932,Split,,53:54,11,13,true,true
51277,57933,Icebox,1,1:09:15,6,13,true,true
51277,57934,Breeze,0,26:56,13,0,true,true
51277,57935,Bind,,50:31,13,6,true,true
51278,57936,Icebox,1,59:48,13,9,true,true
51278,57937,Haven,0,52:48,13,8,true,true
51279,57939,Split,0,1:00:28,13,6,true,true
51279,57940,Bind,1,48:35,5,13,true,true
51279,57941,Icebox,,1:00:35,14,12,true,true
51280,57942,Split,1,52:26,13,5,true,true
51280,57943,Haven,0,35:48,13,2,true,true
51281,57945,Haven,1,58:45,6,13,true,true
51281,57946,Icebox,0,47:29,7,13,true,true
51282,57948,Haven,1,59:11,13,5,true,true
51282,57949,Breeze,0,44:30,13,5,true,true
51283,57951,Icebox,0,59:50,13,11,true,true
51283,57952,Split,1,55:26,11,13,true,true
51283,57953,Fracture,,59:51,14,12,true,true
51284,57954,Icebox,1,1:12:49,10,13,true,true
51284,57955,Haven,0,52:06,13,10,true,true
51284,57956,Fracture,,42:49,6,13,true,true
51285,57957,Split,0,57:52,7,13,true,true
51285,57958,Breeze,1,59:16,12,14,true,true
51286,57960,Ascent,1,1:02:01,10,13,true,true
51286,57961,Split,0,51:04,13,9,true,true
51286,57962,Breeze,,1:13:56,11,13,true,true
51290,57963,Icebox,1,59:52,13,8,true,true
51290,57964,Breeze,0,40:37,13,6,true,true
51291,57966,Bind,1,1:09:00,13,10,true,true
51291,57967,Ascent,0,58:36,13,11,true,true
51292,57969,Fracture,1,59:43,13,7,true,true
51292,57970,Ascent,0,46:38,7,13,true,true
51292,57971,Breeze,,40:33,13,7,true,true
51293,57972,Haven,1,1:18:31,13,15,true,true
51293,57973,Icebox,0,43:09,13,6,true,true
51293,57974,Split,,47:00,8,13,true,true
51294,57975,Bind,0,1:02:47,13,6,true,true
51294,57976,Split,1,43:35,13,5,true,true
51295,57978,Breeze,0,1:23:23,13,8,true,true
51295,57979,Ascent,1,48:31,7,13,true,true
51295,57980,Bind,,1:18:18,18,16,true,true
51296,57981,Breeze,1,1:12:20,11,13,true,true
51296,57982,Ascent,0,43:25,13,7,true,true
51296,57983,Fracture,1,33:16,3,13,true,true
51296,57984,Icebox,0,53:21,14,12,true,true
51296,57985,Split,,46:13,13,8,true,true
527576,230552,Lotus,1,1:00:43,12,14,false,false
527576,230553,Corrode,0,50:35,10,13,false,false
527577,230555,Lotus,0,53:59,3,13,false,false
527577,230556,Icebox,1,55:59,11,13,false,false
527579,230561,Lotus,1,1:13:48,12,14,false,false
527579,230562,Bind,0,39:07,13,5,false,false
527579,230563,Sunset,,36:52,5,13,false,false
527580,230564,Bind,0,1:08:04,13,7,false,false
527580,230565,Icebox,1,49:53,9,13,false,false
527580,232292,Lotus,,-,13,5,false,false
527581,230567,Haven,1,58:22,13,10,false,false
527581,230568,Lotus,0,47:21,9,13,false,false
527581,230569,Sunset,,53:15,13,11,false,false
527582,230570,Sunset,0,52:52,13,2,false,false
527582,230571,Haven,1,53:27,8,13,false,false
527582,230572,Corrode,0,50:40,10,13,false,false
527582,230573,Lotus,1,46:21,9,13,false,false
527583,230575,Lotus,1,56:26,7,13,false,false
527583,230576,Sunset,0,50:24,13,10,false,false
527583,230577,Ascent,,57:00,13,11,false,false
527584,230578,Sunset,0,1:11:01,13,10,false,false
527584,230579,Haven,1,40:12,3,13,false,false
527584,230580,Icebox,,46:41,13,6,false,false
527585,230581,Haven,0,54:00,3,13,false,false
527585,230582,Ascent,1,51:45,11,13,false,false
527586,230584,Ascent,0,1:04:48,13,8,false,false
527586,230585,Icebox,1,51:07,9,13,false,false
527586,230586,Lotus,,34:53,13,1,false,false
527587,230587,Lotus,1,1:09:37,13,11,false,false
527587,230588,Corrode,0,38:20,13,5,false,false
527588,230590,Bind,0,1:14:50,12,14,false,false
527588,230591,Haven,1,47:19,13,8,false,false
527588,230592,Lotus,0,51:30,13,10,false,false
527588,230593,Ascent,1,43:09,13,7,false,false
530354,231305,Lotus,1,1:05:20,13,5,true,true
530354,231306,Corrode,0,1:09:09,16,14,true,true
530355,231308,Bind,1,59:11,9,13,true,true
530355,231309,Haven,0,44:12,13,7,true,true
530355,231310,Sunset,,40:29,8,13,true,true
530356,231311,Bind,1,1:13:31,13,11,true,true
530356,231312,Haven,0,47:55,9,13,true,true
530356,231313,Lotus,,45:31,7,13,true,true
530357,231314,Sunset,1,48:42,13,8,true,true
530357,231315,Bind,0,41:27,13,6,true,true
530358,231317,Lotus,1,54:16,13,6,true,true
530358,231318,Ascent,0,48:39,13,10,true,true
530359,231320,Haven,1,58:40,10,13,true,true
530359,231321,Sunset,0,55:16,13,11,true,true
530359,231322,Corrode,,41:22,13,6,true,true
530360,231324,Ascent,0,48:51,13,9,true,true
530360,231894,Lotus,1,59:31,13,6,true,true
530361,231326,Icebox,1,52:55,7,13,true,true
530361,231327,Corrode,0,51:15,9,13,true,true
530362,231329,Haven,0,1:06:38,11,13,true,true
530362,231330,Bind,1,34:07,7,13,true,true
530363,231333,Sunset,1,53:19,13,11,true,true
530363,231334,Haven,,1:01:35,13,15,true,true
530363,232077,Ascent,0,49:16,7,13,true,true
530364,231335,Bind,0,55:59,13,4,true,true
530364,231336,Haven,1,42:57,13,7,true,true
530364,231337,Corrode,0,50:39,10,13,true,true
530364,231338,Icebox,1,46:30,6,13,true,true
530364,231339,Sunset,,58:39,12,14,true,true
530365,231341,Ascent,1,39:41,13,7,true,true
530365,231342,Lotus,0,42:39,6,13,true,true
530365,231343,Haven,1,41:43,13,7,true,true
530365,233353,Bind,0,1:11:07,13,8,true,true
530902,231348,Corrode,1,1:08:00,10,13,true,true
530902,231349,Haven,0,53:10,13,10,true,true
530902,231350,Lotus,,1:00:40,11,13,true,true
530903,231351,Sunset,1,44:03,13,4,true,true
530903,231352,Haven,0,38:36,13,5,true,true
530904,231354,Lotus,0,1:03:39,14,12,true,true
530904,231355,Sunset,1,42:57,6,13,true,true
530904,231356,Haven,,47:17,13,8,true,true
530905,231357,Bind,0,49:08,13,4,true,true
530905,231358,Corrode,1,1:02:16,14,12,true,true
530906,231360,Corrode,0,1:08:19,13,10,true,true
530906,231361,Icebox,1,51:39,9,13,true,true
530906,231362,Lotus,,53:20,13,10,true,true
530907,231363,Corrode,0,56:09,13,10,true,true
530907,231364,Sunset,1,52:44,11,13,true,true
530907,231365,Bind,,41:19,7,13,true,true
530908,231366,Ascent,1,46:31,13,2,true,true
530908,231367,Icebox,0,28:36,13,2,true,true
530909,231369,Haven,1,56:18,13,9,true,true
530909,231370,Icebox,0,58:37,14,12,true,true
530910,231372,Bind,1,1:00:32,8,13,true,true
530910,231373,Sunset,0,51:24,9,13,true,true
530911,231376,Corrode,1,35:19,13,2,true,true
530911,231377,Lotus,,56:24,13,10,true,true
530911,233203,Haven,0,58:24,10,13,true,true
530912,231378,Lotus,0,52:00,4,13,true,true
530912,231379,Icebox,1,56:12,11,13,true,true
530912,231380,Sunset,0,1:05:22,13,10,true,true
530912,231381,Corrode,1,50:12,8,13,true,true
530913,231383,Bind,0,1:07:17,13,11,true,true
530913,231384,Lotus,1,45:34,13,8,true,true
530913,231385,Ascent,0,49:24,13,10,true,true
530924,231388,Corrode,0,44:28,13,7,true,true
530924,231389,Ascent,1,44:02,7,13,true,true
530924,231390,Haven,,55:16,9,13,true,true
530925,231391,Bind,1,38:30,5,13,true,true
530925,231392,Haven,0,43:41,13,8,true,true
530925,231393,Ascent,,39:54,13,6,true,true
530926,231394,Haven,1,1:04:18,12,14,true,true
530926,231395,Corrode,0,1:00:01,14,12,true,true
530926,232628,Bind,,53:18,13,8,true,true
530927,231397,Haven,1,52:20,13,7,true,true
530927,231398,Bind,0,57:26,13,11,true,true
530928,231400,Icebox,1,45:20,6,13,true,true
530928,231401,Ascent,0,50:46,11,13,true,true
530929,231403,Sunset,1,30:22,13,4,true,true
530929,231404,Corrode,0,52:49,11,13,true,true
530929,231405,Ascent,,54:05,14,12,true,true
530930,231406,Lotus,1,53:22,13,10,true,true
530930,231407,Sunset,0,49:43,13,10,true,true
530931,231409,Icebox,1,41:04,3,13,true,true
530931,231410,Haven,0,44:25,7,13,true,true
530932,231412,Ascent,0,51:22,10,13,true,true
530932,231413,Sunset,1,54:47,13,10,true,true
530932,231414,Bind,,56:20,12,14,true,true
530933,231415,Icebox,1,43:11,6,13,true,true
530933,231416,Sunset,0,41:06,13,6,true,true
530933,231417,Haven,,37:42,13,4,true,true
530934,231418,Ascent,0,31:37,2,13,true,true
530934,231419,Sunset,1,45:02,8,13,true,true
530934,233349,Bind,0,40:32,6,13,true,true
530935,231423,Bind,0,51:30,13,10,true,true
530935,231424,Lotus,1,42:05,13,9,true,true
530935,231425,Sunset,0,50:30,13,10,true,true
542195,233397,Bind,1,48:56,13,9,true,true
542195,233398,Sunset,0,39:04,13,5,true,true
542196,233400,Corrode,1,41:17,6,13,true,true
542196,233401,Sunset,0,38:15,13,4,true,true
542196,233402,Haven,,51:34,13,9,true,true
542197,233403,Ascent,1,54:54,11,13,true,true
542197,233404,Lotus,0,46:53,13,10,true,true
542197,233405,Sunset,,38:53,13,6,true,true
542198,233406,Abyss,0,51:55,10,13,true,true
542198,233407,Lotus,1,59:42,13,11,true,true
542198,233408,Haven,,46:27,13,8,true,true
542199,233409,Bind,1,57:22,14,12,true,true
542199,233410,Ascent,0,47:59,13,10,true,true
542200,233412,Haven,0,34:58,2,13,true,true
542200,233413,Corrode,1,47:01,9,13,true,true
542201,233415,Ascent,1,57:19,10,13,true,true
542201,233416,Abyss,0,45:03,7,13,true,true
542202,233418,Bind,1,47:35,13,5,true,true
542202,233419,Abyss,0,45:01,7,13,true,true
542202,233420,Haven,,52:25,10,13,true,true
542203,233421,Sunset,1,41:56,13,7,true,true
542203,233422,Lotus,0,45:14,8,13,true,true
542203,233423,Abyss,,40:38,4,13,true,true
542204,233424,Corrode,1,44:14,13,5,true,true
542204,233425,Abyss,0,39:00,13,5,true,true
542205,233427,Abyss,1,47:56,8,13,true,true
542205,233428,Bind,0,51:28,10,13,true,true
542207,233430,Abyss,1,1:14:38,17,15,true,true
542207,233431,Corrode,0,55:36,13,11,true,true
542208,233433,Haven,0,43:25,13,4,true,true
542208,233434,Corrode,1,55:37,11,13,true,true
542208,233435,Lotus,,53:46,11,13,true,true
542209,233436,Sunset,0,40:44,3,13,true,true
542209,233437,Abyss,1,39:16,13,6,true,true
542209,233438,Bind,,1:05:45,15,13,true,true
542210,233439,Corrode,1,48:25,13,8,true,true
542210,233440,Abyss,0,46:41,13,7,true,true
542211,233442,Corrode,1,55:59,10,13,true,true
542211,233443,Lotus,0,56:24,10,13,true,true
542212,233445,Lotus,0,1:04:38,13,15,true,true
542212,233446,Sunset,1,1:27:05,14,16,true,true
542213,233448,Lotus,0,51:06,13,10,true,true
542213,233449,Sunset,1,51:59,13,11,true,true
542214,233451,Lotus,1,45:05,13,7,true,true
542214,233452,Abyss,0,44:41,13,7,true,true
542215,233454,Lotus,1,49:12,9,13,true,true
542215,233455,Corrode,0,46:50,8,13,true,true
542264,233457,Haven,1,1:00:52,13,11,true,true
542264,233458,Ascent,0,49:01,8,13,true,true
542264,233459,Lotus,,44:32,13,5,true,true
542265,233460,Lotus,0,51:39,13,11,true,true
542265,233461,Corrode,1,1:03:55,13,15,true,true
542265,233462,Ascent,,57:03,13,11,true,true
542266,233463,Corrode,1,1:01:32,12,14,true,true
542266,233464,Sunset,0,46:15,6,13,true,true
542267,233466,Haven,1,34:06,13,1,true,true
542267,233467,Lotus,0,43:12,13,6,true,true
542268,233469,Bind,1,52:35,10,13,true,true
542268,233470,Haven,0,37:32,13,4,true,true
542268,233471,Lotus,,50:27,13,9,true,true
542269,233472,Abyss,0,1:10:57,14,16,true,true
542269,233473,Haven,1,38:48,13,4,true,true
542269,233474,Corrode,,1:11:54,14,16,true,true
542270,233475,Ascent,0,1:05:02,12,14,true,true
542270,233476,Abyss,1,40:41,5,13,true,true
542272,233478,Corrode,0,40:34,13,3,true,true
542272,233479,Lotus,1,44:48,13,6,true,true
542272,233480,Abyss,0,1:03:33,13,15,true,true
542272,233481,Ascent,1,52:47,8,13,true,true
542272,233482,Sunset,,42:18,13,5,true,true
542273,233483,Lotus,1,44:40,7,13,true,true
542273,233484,Abyss,0,56:55,13,10,true,true
542273,233485,Bind,,45:20,13,7,true,true
542274,233486,Ascent,1,37:10,13,4,true,true
542274,233487,Lotus,0,35:56,3,13,true,true
542274,233488,Bind,,45:33,13,9,true,true
542276,233489,Sunset,0,47:50,13,10,true,true
542276,233490,Ascent,1,1:06:08,13,15,true,true
542276,233491,Bind,,58:37,10,13,true,true
542277,233492,Ascent,1,55:36,13,11,true,true
542277,233493,Bind,0,51:39,9,13,true,true
542277,233494,Lotus,,35:08,13,4,true,true
542278,233495,Ascent,0,1:04:34,15,13,true,true
542278,233496,Lotus,1,46:28,13,8,true,true
542279,233498,Sunset,0,48:59,8,13,true,true
542279,233499,Corrode,1,44:54,13,3,true,true
542279,233500,Haven,0,53:46,13,11,true,true
542279,233501,Bind,1,40:07,13,4,true,true
594740,244304,Split,0,1:01:27,13,11,true,true
594740,244305,Haven,1,45:01,13,7,true,true
594741,244307,Abyss,0,45:40,8,13,true,true
594741,244308,Split,1,39:09,6,13,true,true
594742,244310,Breeze,1,55:42,10,13,true,true
594742,244311,Abyss,0,46:52,13,7,true,true
594742,244312,Pearl,,40:09,4,13,true,true
594743,244313,Breeze,1,32:38,3,13,true,true
594743,244314,Corrode,0,27:22,1,13,true,true
594744,244316,Bind,1,56:24,10,13,true,true
594744,244317,Haven,0,58:18,13,11,true,true
594744,244318,Split,,44:02,6,13,true,true
594745,244319,Pearl,1,51:33,10,13,true,true
594745,244320,Bind,0,51:52,10,13,true,true
594746,244322,Breeze,1,54:38,11,13,true,true
594746,244323,Haven,0,48:13,4,13,true,true
594747,244325,Breeze,1,55:30,11,13,true,true
594747,244326,Pearl,0,1:00:46,14,12,true,true
594747,244327,Corrode,,54:15,9,13,true,true
594748,244328,Abyss,1,41:17,7,13,true,true
594748,244329,Bind,0,50:46,9,13,true,true
594749,244331,Haven,0,52:10,13,9,true,true
594749,244332,Abyss,1,52:12,13,8,true,true
594750,244334,Haven,1,54:02,13,11,true,true
594750,244335,Abyss,0,1:08:11,13,15,true,true
594750,244336,Pearl,1,1:12:08,14,16,true,true
594750,244337,Split,0,37:46,13,4,true,true
594750,244338,Corrode,,42:09,6,13,true,true
594751,244339,Abyss,0,35:55,13,2,true,true
594751,244340,Split,1,48:16,8,13,true,true
594751,244341,Breeze,,59:08,10,13,true,true
594752,244342,Abyss,0,39:06,3,13,true,true
594752,244343,Corrode,1,1:14:36,18,16,true,true
594752,244344,Split,,1:11:00,14,16,true,true
594753,244345,Abyss,0,47:21,8,13,true,true
594753,244346,Bind,1,59:21,14,12,true,true
594753,244347,Split,,54:03,10,13,true,true
594754,244348,Haven,0,45:40,7,13,true,true
594754,244349,Bind,1,49:03,8,13,true,true
594755,244351,Corrode,1,38:55,5,13,true,true
594755,244352,Split,0,54:05,9,13,true,true
594756,244354,Abyss,0,51:54,13,10,true,true
594756,244355,Haven,1,46:25,13,7,true,true
594757,244357,Split,0,57:26,10,13,true,true
594757,244358,Breeze,1,43:55,13,6,true,true
594757,244359,Bind,,1:17:01,15,17,true,true
594758,244360,Abyss,1,32:20,13,0,true,true
594758,244361,Breeze,0,51:49,13,11,true,true
594759,244363,Abyss,1,41:08,13,5,true,true
594759,244364,Bind,0,46:54,13,8,true,true
594760,244366,Abyss,0,53:05,10,13,true,true
594760,244367,Corrode,1,1:11:24,14,16,true,true
594760,244368,Split,0,44:28,13,6,true,true
594760,244369,Bind,1,1:03:26,14,12,true,true
594760,244370,Haven,,59:23,14,12,true,true
594761,244371,Haven,0,59:26,14,12,true,true
594761,244372,Split,1,54:42,8,13,true,true
594761,244373,Pearl,,45:13,13,7,true,true
594762,244374,Split,1,59:56,5,13,true,true
594762,244375,Abyss,0,41:15,8,13,true,true
594763,244378,Haven,0,47:33,13,8,true,true
594763,244379,Corrode,,56:30,13,11,true,true
594763,252723,Abyss,1,32:38,2,13,true,true
594764,244380,Split,1,49:17,8,13,true,true
594764,244382,Pearl,,1:00:06,14,12,true,true
594764,252724,Breeze,0,35:57,13,5,true,true
594765,244383,Haven,1,39:58,5,13,true,true
594765,244384,Breeze,0,42:31,4,13,true,true
594766,244386,Breeze,1,34:07,4,13,true,true
594766,244387,Pearl,0,40:45,13,6,true,true
594766,244388,Bind,,1:08:07,14,16,true,true
594767,244389,Abyss,1,55:25,11,13,true,true
594767,244390,Bind,0,32:54,3,13,true,true
594768,244392,Corrode,0,50:06,13,8,true,true
594768,244393,Bind,1,34:44,3,13,true,true
594768,244394,Breeze,,47:33,9,13,true,true
594769,244395,Corrode,0,39:12,6,13,true,true
594769,244396,Bind,1,46:28,10,13,true,true
594769,244397,Abyss,0,1:11:49,16,18,true,true
595630,244560,Haven,1,59:33,13,5,true,true
595630,244561,Split,0,46:20,13,8,true,true
595631,244563,Corrode,1,43:07,4,13,true,true
595631,244564,Split,0,28:44,2,13,true,true
595632,244567,Abyss,1,44:01,7,13,true,true
595632,248947,Split,0,1:04:03,7,13,true,true
595633,244569,Abyss,1,54:48,13,8,true,true
595633,244570,Pearl,0,56:07,13,10,true,true
595634,244573,Haven,0,34:13,4,13,true,true
595634,244574,Corrode,,46:57,9,13,true,true
595634,249401,Split,1,1:05:50,13,9,true,true
595635,244575,Breeze,1,1:00:26,13,10,true,true
595635,244576,Pearl,0,46:43,8,13,true,true
595635,244577,Split,,49:18,8,13,true,true
595636,244578,Breeze,1,1:12:19,13,10,true,true
595636,244579,Split,0,37:40,5,13,true,true
595636,244580,Bind,,50:34,13,10,true,true
595637,244581,Haven,1,58:54,13,10,true,true
595637,244582,Corrode,0,42:41,13,5,true,true
595638,244584,Split,1,1:17:22,14,12,true,true
595638,244585,Bind,0,31:56,13,2,true,true
595639,244587,Bind,0,48:03,6,13,true,true
595639,244588,Pearl,1,41:58,5,13,true,true
595640,244590,Corrode,1,1:11:24,12,14,true,true
595640,244591,Bind,0,51:45,13,8,true,true
595640,244592,Haven,1,39:55,13,5,true,true
595640,244593,Abyss,0,48:01,11,13,true,true
595640,244594,Breeze,,41:56,13,7,true,true
595641,244595,Split,0,54:39,2,13,true,true
595641,251314,Bind,1,44:48,8,13,true,true
595642,244598,Haven,0,58:12,11,13,true,true
595642,244599,Abyss,1,43:56,9,13,true,true
595643,244601,Corrode,0,1:15:51,13,10,true,true
595643,244602,Split,1,55:58,10,13,true,true
595643,244603,Bind,,42:17,5,13,true,true
595644,244604,Breeze,0,53:32,13,7,true,true
595644,244605,Bind,1,51:37,8,13,true,true
595644,244606,Haven,,49:15,9,13,true,true
595645,244607,Breeze,1,51:57,3,13,true,true
595645,244608,Pearl,0,49:34,13,9,true,true
595645,244609,Split,,50:04,13,8,true,true
595646,244610,Split,0,59:30,8,13,true,true
595646,244611,Bind,1,50:16,8,13,true,true
595647,244613,Pearl,1,1:04:18,13,7,true,true
595647,244614,Split,0,47:48,9,13,true,true
595647,244615,Haven,,42:37,6,13,true,true
595648,244616,Pearl,1,58:05,13,10,true,true
595648,244617,Breeze,0,46:45,9,13,true,true
595648,244618,Bind,,46:22,8,13,true,true
595649,244619,Pearl,0,1:02:39,7,13,true,true
595649,244620,Split,1,52:16,10,13,true,true
595650,244622,Pearl,0,1:00:37,7,13,true,true
595650,244623,Breeze,1,29:08,2,13,true,true
595650,244624,Abyss,0,1:19:38,17,19,true,true
595651,244627,Bind,1,44:25,13,4,true,true
595651,244628,Split,0,37:51,4,13,true,true
595651,244629,Abyss,,50:12,11,13,true,true
595652,244630,Breeze,1,59:47,10,13,true,true
595652,244631,Pearl,0,1:27:38,20,18,true,true
595652,244632,Haven,,47:31,9,13,true,true
595653,244633,Haven,1,56:44,13,7,true,true
595653,244634,Bind,0,51:12,7,13,true,true
595653,244635,Split,,50:38,13,9,true,true
595654,244636,Breeze,1,1:09:20,13,15,true,true
595654,244637,Abyss,0,53:30,13,11,true,true
595654,244638,Haven,,50:51,13,11,true,true
595655,244639,Corrode,0,58:12,3,13,true,true
595655,244640,Abyss,1,53:48,9,13,true,true
595656,244642,Corrode,1,59:03,13,10,true,true
595656,244643,Breeze,0,41:51,6,13,true,true
595656,244644,Split,,51:43,14,12,true,true
595657,244645,Haven,1,1:03:51,11,13,true,true
595657,244646,Corrode,0,49:31,13,8,true,true
595657,244647,Breeze,,49:58,10,13,true,true
595658,244648,Haven,1,1:05:04,11,13,true,true
595658,244649,Split,0,28:31,2,13,true,true
595659,244651,Haven,1,1:04:45,8,13,true,true
595659,244652,Corrode,0,55:44,13,10,true,true
595659,244653,Breeze,1,49:02,10,13,true,true
595659,244654,Pearl,0,53:10,10,13,true,true
596398,244775,Haven,1,52:56,7,13,true,true
596398,244776,Abyss,0,49:48,11,13,true,true
596399,244778,Abyss,0,54:34,9,13,true,true
596399,244779,Corrode,1,49:14,13,10,true,true
596399,244780,Bind,,46:43,13,9,true,true
596400,244781,Pearl,0,1:01:51,13,10,true,true
596400,244782,Breeze,1,44:31,8,13,true,true
596400,244783,Abyss,,34:42,5,13,true,true
596401,244784,Bind,1,1:02:51,13,9,true,true
596401,244785,Pearl,0,58:37,10,13,true,true
596401,244786,Split,,52:14,13,9,true,true
596402,244787,Pearl,1,45:03,13,2,true,true
596402,244788,Breeze,0,44:54,13,9,true,true
596403,244790,Abyss,1,49:31,13,7,true,true
596403,244791,Corrode,0,50:33,13,11,true,true
596404,244793,Split,0,48:35,5,13,true,true
596404,244794,Breeze,1,57:51,11,13,true,true
596405,244796,Bind,1,1:06:42,13,11,true,true
596405,244797,Corrode,0,33:43,3,13,true,true
596405,244798,Split,,48:39,13,8,true,true
596406,244799,Abyss,1,1:10:21,13,6,true,true
596406,244800,Split,0,1:11:35,11,13,true,true
596406,244801,Breeze,,49:05,8,13,true,true
596407,244802,Abyss,0,1:06:46,13,7,true,true
596407,244803,Bind,1,44:54,6,13,true,true
596407,244804,Split,,35:10,13,3,true,true
596408,244805,Bind,0,1:02:19,13,8,true,true
596408,244806,Abyss,1,51:40,8,13,true,true
596408,244807,Haven,0,1:03:54,11,13,true,true
596408,244808,Breeze,1,31:58,13,2,true,true
596408,244809,Split,,1:00:48,8,13,true,true
596409,244810,Breeze,0,1:04:38,13,11,true,true
596409,244812,Bind,,45:31,6,13,true,true
596409,249108,Pearl,1,37:22,2,13,true,true
596410,244813,Abyss,0,51:04,8,13,true,true
596410,244814,Pearl,1,1:04:50,11,13,true,true
596411,244816,Abyss,1,53:37,13,9,true,true
596411,244817,Pearl,0,38:33,5,13,true,true
596411,244818,Breeze,,44:45,9,13,true,true
596412,244819,Pearl,0,39:48,3,13,true,true
596412,244820,Split,1,50:12,8,13,true,true
596413,244822,Corrode,0,1:02:13,13,11,true,true
596413,244823,Split,1,1:20:18,16,14,true,true
596414,244825,Pearl,1,1:23:03,18,20,true,true
596414,244826,Breeze,0,1:13:34,13,8,true,true
596414,244827,Split,,50:13,11,13,true,true
596415,244828,Haven,1,1:01:37,13,9,true,true
596415,244829,Corrode,0,57:18,13,11,true,true
596416,244831,Corrode,1,52:17,13,11,true,true
596416,244832,Bind,0,45:31,13,9,true,true
596417,244834,Pearl,0,36:27,3,13,true,true
596417,244835,Split,1,42:10,8,13,true,true
596418,244837,Breeze,0,52:20,6,13,true,true
596418,244838,Haven,1,40:55,4,13,true,true
596418,244839,Corrode,0,43:49,7,13,true,true
596419,244842,Haven,1,51:14,5,13,true,true
596419,244843,Abyss,0,1:21:33,12,14,true,true
596420,244845,Bind,1,46:08,4,13,true,true
596420,244846,Split,0,57:56,10,13,true,true
596421,244848,Pearl,1,1:14:37,14,16,true,true
596421,244849,Corrode,0,38:26,5,13,true,true
596422,244851,Corrode,0,57:33,10,13,true,true
596422,244852,Bind,1,57:25,12,14,true,true
596423,244854,Haven,1,57:04,13,11,true,true
596423,244855,Bind,0,1:07:08,15,13,true,true
596424,244857,Bind,1,43:35,13,5,true,true
596424,244858,Breeze,0,44:31,13,7,true,true
596425,244860,Pearl,1,1:11:57,14,12,true,true
596425,244861,Split,0,55:19,11,13,true,true
596425,244862,Abyss,,33:27,13,2,true,true
596426,244863,Pearl,1,50:13,13,3,true,true
596426,244864,Abyss,0,50:26,13,8,true,true
596427,244866,Bind,0,1:03:44,13,9,true,true
596427,244867,Corrode,1,40:25,13,5,true,true
596427,244868,Split,0,52:45,10,13,true,true
596427,244869,Abyss,1,31:57,4,13,true,true
596427,244870,Haven,,43:01,5,13,true,true
598921,245198,Split,0,-,13,7,false,false
598921,245199,Pearl,1,-,16,14,false,false
598922,245201,Corrode,1,-,13,6,false,false
598922,245202,Haven,0,-,6,13,false,false
598922,245203,Abyss,,-,13,10,false,false
598923,245204,Abyss,0,-,13,7,false,false
598923,245205,Haven,1,-,11,13,false,false
598923,245206,Bind,,-,5,13,false,false
598924,245207,Pearl,1,-,3,13,false,false
598924,245208,Haven,0,-,4,13,false,false
598925,245210,Split,1,1:18:48,10,13,false,false
598925,245211,Abyss,0,38:03,3,13,false,false
598926,245213,Abyss,0,1:12:45,11,13,false,false
598926,245214,Breeze,1,44:06,13,8,false,false
598926,245215,Corrode,,52:23,13,9,false,false
598927,245216,Breeze,1,1:13:39,13,4,false,false
598927,245217,Abyss,0,42:49,13,6,false,false
598928,245219,Abyss,1,48:48,13,5,false,false
598928,245220,Bind,0,56:22,14,12,false,false
598929,245222,Corrode,1,1:02:01,7,13,false,false
598929,245223,Bind,0,1:09:45,15,13,false,false
598929,245224,Abyss,,54:49,13,10,false,false
598930,245225,Split,1,57:25,13,5,false,false
598930,245226,Pearl,0,45:12,13,6,false,false
598931,245228,Pearl,1,1:15:59,13,5,false,false
598931,245229,Split,0,54:06,13,11,false,false
598931,245230,Bind,1,49:25,7,13,false,false
598931,245231,Abyss,0,44:30,6,13,false,false
598931,245232,Haven,,52:41,13,10,false,false
598932,245233,Split,1,1:01:19,10,13,false,false
598932,245234,Corrode,0,38:26,4,13,false,false
598933,245236,Breeze,0,1:02:33,13,11,false,false
598933,245237,Bind,1,44:09,7,13,false,false
598933,245238,Haven,,50:29,13,8,false,false
598934,245239,Split,0,1:08:22,13,11,false,false
598934,245240,Pearl,1,37:18,3,13,false,false
598934,245241,Corrode,,37:37,13,4,false,false
598935,245242,Pearl,1,1:01:14,9,13,false,false
598935,245243,Bind,0,1:14:19,15,17,false,false
598936,245245,Corrode,0,1:12:57,10,13,false,false
598936,245246,Breeze,1,50:44,13,9,false,false
598936,245247,Split,,50:21,13,9,false,false
598937,245248,Abyss,0,1:05:47,10,13,false,false
598937,245249,Breeze,1,50:08,11,13,false,false
598938,245251,Corrode,0,1:01:36,10,13,false,false
598938,245252,Split,1,42:02,13,6,false,false
598938,245253,Pearl,,49:08,13,6,false,false
598939,245254,Abyss,1,1:02:55,7,13,false,false
598939,245255,Haven,0,43:30,13,9,false,false
598939,245256,Breeze,,43:20,5,13,false,false
598940,245257,Split,0,58:10,6,13,false,false
598940,245258,Abyss,1,35:43,2,13,false,false
598941,245260,Abyss,1,1:34:23,14,16,false,false
598941,245261,Bind,0,38:25,13,4,false,false
598941,245262,Breeze,1,59:37,12,14,false,false
598941,245263,Pearl,0,55:21,13,11,false,false
598941,245264,Split,,38:31,13,4,false,false
598942,245265,Abyss,0,54:29,13,5,false,false
598942,245266,Haven,1,34:27,3,13,false,false
598942,245267,Pearl,,53:49,11,13,false,false
598943,245268,Pearl,0,55:16,5,13,false,false
598943,245269,Bind,1,38:47,13,3,false,false
598943,245270,Haven,,45:30,13,7,false,false
598944,245271,Abyss,0,1:13:12,12,14,false,false
598944,245272,Bind,1,49:19,13,8,false,false
598944,245273,Split,,39:36,13,6,false,false
598945,245274,Bind,1,1:00:15,13,5,false,false
598945,245275,Haven,0,51:29,10,13,false,false
598945,245276,Split,,47:34,8,13,false,false
598946,245277,Haven,0,59:05,13,7,false,false
598946,245278,Abyss,1,-,14,12,false,false
598947,245280,Abyss,1,-,13,6,false,false
598947,245281,Haven,0,-,6,13,false,false
598947,245282,Corrode,,-,13,5,false,false
598948,245283,Bind,1,51:51,13,3,false,false
598948,245284,Haven,0,52:59,9,13,false,false
598948,245285,Corrode,,42:14,7,13,false,false
598949,245286,Split,1,1:09:02,13,11,false,false
598949,245287,Pearl,0,38:31,2,13,false,false
598949,245288,Corrode,,38:56,6,13,false,false
598950,245289,Pearl,0,1:15:10,13,9,false,false
598950,245290,Haven,1,46:22,10,13,false,false
598950,245291,Abyss,0,51:47,10,13,false,false
598950,253654,Split,1,36:17,6,13,false,false
625788,254143,Haven,1,54:30,13,11,true,true
625788,254144,Pearl,0,45:24,13,7,true,true
625789,254146,Breeze,1,41:05,8,13,true,true
625789,254147,Split,0,56:37,13,15,true,true
625790,254149,Split,1,43:53,9,13,true,true
625790,254150,Corrode,0,37:12,5,13,true,true
625791,254152,Haven,1,35:28,2,13,true,true
625791,254153,Abyss,0,50:40,10,13,true,true
626529,254342,Split,0,49:53,13,10,true,true
626529,254343,Pearl,1,52:48,10,13,true,true
626529,254344,Haven,,55:43,13,11,true,true
626530,254345,Pearl,0,48:24,13,11,true,true
626530,254346,Bind,1,32:57,13,3,true,true
626532,254348,Bind,1,30:50,1,13,true,true
626532,254349,Haven,0,50:03,10,13,true,true
626533,254351,Abyss,0,42:01,8,13,true,true
626533,254352,Haven,1,36:54,3,13,true,true
626534,254354,Breeze,1,42:33,13,6,true,true
626534,254355,Haven,0,1:08:59,16,14,true,true
626535,254357,Breeze,1,50:03,13,11,true,true
626535,254358,Abyss,0,39:31,13,4,true,true
626537,254360,Haven,1,41:12,13,10,true,true
626537,254361,Corrode,0,43:33,13,10,true,true
626538,254363,Split,0,44:37,6,13,true,true
626538,254364,Abyss,1,37:59,4,13,true,true
626539,254366,Haven,1,47:01,13,9,true,true
626539,254367,Breeze,0,37:20,4,13,true,true
626539,254368,Split,,45:01,7,13,true,true
626540,254369,Pearl,0,42:19,6,13,true,true
626540,254370,Abyss,1,41:16,13,6,true,true
626540,254371,Split,,1:11:32,15,17,true,true
626541,254373,Corrode,0,39:18,13,7,true,true
626541,254374,Split,,1:00:57,14,12,true,true
626541,256753,Abyss,1,43:15,7,13,true,true
626542,254375,Pearl,1,1:00:22,12,14,true,true
626542,254376,Bind,0,58:09,11,13,true,true
626543,254378,Bind,0,47:58,13,9,true,true
626543,254379,Abyss,1,53:24,13,11,true,true
626544,254381,Corrode,0,49:17,13,11,true,true
626544,254382,Split,1,31:52,13,4,true,true
626544,254383,Abyss,0,30:41,13,3,true,true
626545,254386,Pearl,0,39:41,13,5,true,true
626545,254387,Split,1,39:18,4,13,true,true
626545,254388,Bind,,49:47,8,13,true,true
626546,254389,Haven,0,49:43,7,13,true,true
626546,254390,Breeze,1,48:37,13,10,true,true
626546,254391,Abyss,,56:12,11,13,true,true
626547,254392,Corrode,1,55:50,10,13,true,true
626547,254393,Pearl,0,42:30,13,7,true,true
626547,254394,Split,,36:31,13,4,true,true
626548,254395,Haven,1,40:29,13,5,true,true
626548,256892,Breeze,0,44:58,13,8,true,true
626549,254398,Haven,0,50:27,11,13,true,true
626549,254399,Breeze,1,47:35,13,9,true,true
626549,254400,Corrode,,36:49,13,4,true,true
626550,254401,Pearl,0,48:07,13,8,true,true
626550,254402,Split,1,43:12,7,13,true,true
626550,254403,Corrode,0,45:27,6,13,true,true
626550,254404,Breeze,1,48:28,9,13,true,true
642914,257925,Lotus,0,1:04:54,7,13,false,false
642914,257926,Bind,1,47:48,13,8,false,false
642914,257927,Breeze,,1:00:05,13,15,false,false
642915,257928,Fracture,1,43:34,2,13,false,false
642915,257929,Breeze,0,34:58,3,13,false,false
642916,257931,Lotus,0,59:03,13,8,false,false
642916,257933,Split,,46:12,13,7,false,false
642916,260852,Pearl,1,46:21,7,13,false,false
642917,257934,Lotus,0,48:51,4,13,false,false
642917,257935,Bind,1,1:00:22,11,13,false,false
642918,257937,Lotus,0,1:05:26,9,13,false,false
642918,257938,Bind,1,47:12,8,13,false,false
642919,257940,Bind,1,1:02:45,7,13,false,false
642919,257941,Pearl,0,41:58,13,3,false,false
642919,257942,Breeze,,47:22,8,13,false,false
642920,257943,Breeze,0,50:57,13,5,false,false
642920,257944,Haven,1,43:07,13,7,false,false
642921,257946,Split,1,52:29,13,5,false,false
642921,257947,Pearl,0,42:56,13,6,false,false
642922,257949,Split,0,1:13:27,15,13,false,false
642922,257950,Fracture,1,39:32,13,5,false,false
642923,257952,Fracture,1,57:35,9,13,false,false
642923,257953,Lotus,0,52:14,10,13,false,false
642924,257955,Breeze,0,1:02:12,13,9,false,false
642924,257956,Lotus,1,46:19,7,13,false,false
642924,257957,Bind,,53:51,10,13,false,false
642925,257958,Haven,1,52:05,13,4,false,false
642925,257959,Fracture,0,36:05,13,6,false,false
642927,257961,Bind,1,54:31,5,13,false,false
642927,257963,Split,,-,14,12,false,false
642927,262074,Pearl,0,-,13,11,false,false
642928,257964,Fracture,1,1:01:43,13,10,false,false
642928,257965,Breeze,0,1:01:18,15,13,false,false
642929,257967,Haven,1,57:47,13,8,false,false
642929,257968,Bind,0,51:11,13,11,false,false
642930,257970,Lotus,1,50:11,13,4,false,false
642930,257971,Haven,0,58:23,14,12,false,false
642931,257973,Lotus,0,55:16,5,13,false,false
642931,257974,Haven,1,55:05,10,13,false,false
642932,257976,Breeze,0,47:13,13,1,false,false
642932,257977,Pearl,1,49:24,6,13,false,false
642932,257978,Lotus,,48:05,13,9,false,false
642933,257979,Lotus,0,1:09:50,12,14,false,false
642933,257980,Split,1,55:11,10,13,false,false
642934,257982,Lotus,1,57:11,8,13,false,false
642934,257983,Fracture,0,47:50,13,9,false,false
642934,257984,Pearl,,37:33,2,13,false,false
642935,257985,Bind,1,54:40,5,13,false,false
642935,257986,Haven,0,47:54,13,9,false,false
642935,257987,Breeze,,42:24,6,13,false,false
642936,257988,Breeze,1,1:01:42,13,5,false,false
642936,257989,Lotus,0,42:40,6,13,false,false
642936,257990,Split,,47:12,13,9,false,false
642937,257991,Fracture,1,1:08:59,14,12,false,false
642937,257992,Haven,0,47:05,13,9,false,false
642938,257994,Fracture,1,1:04:58,10,13,false,false
642938,257995,Bind,0,52:38,13,10,false,false
642938,257996,Lotus,,42:20,13,7,false,false
642939,257997,Bind,0,1:24:49,15,17,false,false
642939,257998,Haven,1,48:55,8,13,false,false
642940,258000,Lotus,1,55:03,13,5,false,false
642940,258001,Bind,0,54:17,11,13,false,false
642940,258002,Breeze,,53:25,10,13,false,false
642941,258003,Fracture,1,44:49,13,2,false,false
642941,258004,Split,0,46:19,13,10,false,false
642942,258006,Lotus,0,55:37,13,7,false,false
642942,258007,Pearl,1,40:29,3,13,false,false
642942,258008,Bind,,49:04,13,7,false,false
642943,258009,Lotus,0,1:02:42,13,10,false,false
642943,258010,Fracture,1,40:38,13,8,false,false
642944,258012,Lotus,1,58:47,13,8,false,false
642944,258013,Haven,0,44:55,9,13,false,false
642944,258014,Split,,37:46,5,13,false,false
642945,258015,Lotus,0,1:04:23,13,8,false,false
642945,258016,Bind,1,40:51,5,13,false,false
642945,258017,Split,,48:41,8,13,false,false
642946,258018,Fracture,1,1:04:49,13,9,false,false
642946,258019,Haven,0,41:10,8,13,false,false
642946,258020,Bind,,1:00:28,12,14,false,false
642947,258021,Haven,1,1:03:22,13,10,false,false
642947,258022,Breeze,0,41:29,13,7,false,false
642948,258024,Fracture,0,1:11:34,13,8,false,false
642948,258025,Split,1,44:39,9,13,false,false
642948,258026,Breeze,,49:52,8,13,false,false
644652,258249,Bind,1,1:12:39,8,13,true,true
644652,258250,Split,0,37:35,4,13,true,true
644653,258252,Haven,0,1:04:12,13,11,true,true
644653,258253,Pearl,1,44:57,13,4,true,true
644654,258255,Fracture,1,1:13:24,15,13,true,true
644654,258256,Split,0,45:23,10,13,true,true
644654,258257,Lotus,,42:53,6,13,true,true
644655,258258,Pearl,1,46:44,13,6,true,true
644655,258259,Bind,0,45:58,13,8,true,true
644656,258261,Pearl,0,1:00:31,5,13,true,true
644656,258262,Fracture,1,1:04:10,13,15,true,true
644657,258264,Split,1,49:58,7,13,true,true
644657,258265,Fracture,0,35:25,13,6,true,true
644657,258266,Haven,,53:29,13,11,true,true
644658,258267,Pearl,0,1:22:20,13,15,true,true
644658,258268,Lotus,1,45:17,6,13,true,true
644659,258270,Haven,0,54:03,11,13,true,true
644659,258271,Fracture,1,58:27,15,13,true,true
644659,258272,Lotus,,51:57,10,13,true,true
644660,258273,Split,1,1:10:35,9,13,true,true
644660,258274,Lotus,0,52:34,9,13,true,true
644661,258276,Bind,1,1:02:11,13,11,true,true
644661,258277,Split,0,1:09:36,16,14,true,true
644662,258279,Fracture,0,53:43,13,6,true,true
644662,258280,Split,1,36:41,13,7,true,true
644663,258282,Haven,0,1:16:39,17,15,true,true
644663,258283,Fracture,1,34:10,3,13,true,true
644663,258284,Lotus,,39:22,13,3,true,true
644665,258285,Haven,0,1:01:39,13,5,true,true
644665,265130,Lotus,1,1:00:47,14,12,true,true
644666,258288,Breeze,0,39:58,4,13,true,true
644666,258289,Split,1,1:09:49,16,18,true,true
644667,258291,Fracture,0,1:07:42,13,8,true,true
644667,258292,Haven,1,50:36,13,9,true,true
644668,258294,Bind,0,58:20,13,10,true,true
644668,258295,Lotus,1,39:47,7,13,true,true
644668,258296,Pearl,,44:34,5,13,true,true
644669,258297,Pearl,0,1:11:20,8,13,true,true
644669,258298,Bind,1,52:52,10,13,true,true
644670,258300,Pearl,0,57:46,13,8,true,true
644670,258301,Breeze,1,36:26,13,3,true,true
644671,258303,Pearl,0,1:11:30,9,13,true,true
644671,258304,Haven,1,47:50,13,10,true,true
644671,258305,Fracture,,35:53,13,3,true,true
644672,258306,Split,1,37:32,13,3,true,true
644672,258307,Pearl,0,49:28,13,8,true,true
644673,258309,Haven,0,50:17,13,3,true,true
644673,258310,Pearl,1,58:01,10,13,true,true
644673,258311,Lotus,,1:18:05,17,19,true,true
644674,258312,Lotus,0,1:02:32,13,11,true,true
644674,258313,Haven,1,52:15,10,13,true,true
644674,258314,Fracture,,54:12,13,9,true,true
644675,258315,Haven,1,1:01:33,13,6,true,true
644675,258316,Lotus,0,43:38,13,7,true,true
644676,258318,Breeze,0,51:13,13,8,true,true
644676,258319,Fracture,1,46:04,8,13,true,true
644676,258320,Pearl,,39:47,13,5,true,true
644677,258321,Split,1,1:16:35,11,13,true,true
644677,258322,Lotus,0,54:50,13,11,true,true
644677,258323,Breeze,,42:00,7,13,true,true
644678,258324,Bind,0,54:29,13,10,true,true
644678,258325,Breeze,1,45:10,9,13,true,true
644678,258326,Fracture,,44:46,9,13,true,true
644679,258327,Pearl,1,1:00:45,13,5,true,true
644679,258328,Bind,0,50:10,7,13,true,true
644679,258329,Breeze,,53:50,13,9,true,true
644680,258330,Breeze,0,45:37,5,13,true,true
644680,258331,Bind,1,56:52,13,11,true,true
644680,258332,Haven,,59:32,12,14,true,true
644681,258333,Breeze,0,55:29,13,5,true,true
644681,258334,Lotus,1,36:32,13,5,true,true
644682,258336,Haven,1,1:01:05,12,14,true,true
644682,258337,Lotus,0,59:58,14,12,true,true
644682,258338,Fracture,,43:10,13,8,true,true
644709,258339,Breeze,1,53:19,14,12,true,true
644709,258340,Bind,0,1:04:50,15,17,true,true
644709,258341,Lotus,,31:06,13,2,true,true
644710,258342,Haven,1,54:33,13,10,true,true
644710,258343,Pearl,0,47:39,13,7,true,true
644711,258345,Haven,0,43:10,13,8,true,true
644711,258346,Pearl,1,33:49,13,3,true,true
644712,258348,Pearl,0,55:26,13,10,true,true
644712,258349,Bind,1,46:00,8,13,true,true
644712,258350,Haven,,41:27,6,13,true,true
644713,258351,Pearl,1,1:14:49,13,9,true,true
644713,258352,Lotus,0,53:08,9,13,true,true
644713,258353,Bind,,53:52,9,13,true,true
644714,258354,Split,1,55:08,13,11,true,true
644714,258355,Breeze,0,45:10,13,8,true,true
644716,258357,Haven,1,43:24,8,13,true,true
644716,258358,Pearl,0,58:02,14,12,true,true
644716,258359,Split,,48:55,10,13,true,true
644717,258360,Pearl,0,39:56,6,13,true,true
644717,258361,Split,1,47:44,10,13,true,true
644718,258363,Split,0,53:03,13,11,true,true
644718,258364,Breeze,1,49:01,13,10,true,true
644719,258366,Pearl,1,55:51,13,10,true,true
644719,258367,Bind,0,43:08,13,8,true,true
644720,258369,Fracture,1,53:28,9,13,true,true
644720,258370,Bind,0,50:25,13,9,true,true
644720,258371,Split,,42:53,13,6,true,true
644721,258372,Fracture,1,48:15,13,9,true,true
644721,258373,Haven,0,46:24,9,13,true,true
644721,258374,Pearl,,46:37,13,9,true,true
644722,258375,Haven,0,53:28,11,13,true,true
644722,258376,Lotus,1,46:23,13,7,true,true
644722,264326,Split,,48:35,9,13,true,true
644723,258378,Pearl,0,1:05:15,13,10,true,true
644723,258379,Lotus,1,46:37,13,8,true,true
644724,258381,Bind,0,55:58,13,11,true,true
644724,258382,Lotus,1,42:34,13,6,true,true
644725,258384,Haven,1,42:22,13,6,true,true
644725,258385,Lotus,0,28:19,2,13,true,true
644725,258386,Fracture,,40:15,7,13,true,true
644726,258387,Breeze,1,51:13,13,9,true,true
644726,258388,Haven,0,1:01:32,15,13,true,true
644727,258390,Split,0,55:25,11,13,true,true
644727,258391,Lotus,1,36:11,4,13,true,true
644728,258393,Split,1,42:26,9,13,true,true
644728,258394,Fracture,0,49:05,13,11,true,true
644728,258395,Lotus,,47:40,13,11,true,true
644729,258396,Bind,1,50:01,9,13,true,true
644729,258397,Split,0,49:22,13,9,true,true
644729,258398,Lotus,,44:34,7,13,true,true
644730,258399,Haven,0,37:07,13,3,true,true
644730,258400,Bind,1,42:13,7,13,true,true
644730,258401,Breeze,,45:51,9,13,true,true
644731,258402,Haven,0,45:47,13,9,true,true
644731,258403,Lotus,1,49:05,10,13,true,true
644731,258404,Bind,,42:26,8,13,true,true
644732,258405,Fracture,0,35:20,4,13,true,true
644732,258406,Lotus,1,51:09,10,13,true,true
644733,258408,Lotus,1,50:48,8,13,true,true
644733,258409,Haven,0,51:58,13,10,true,true
644733,258410,Breeze,,40:42,13,5,true,true
644734,258411,Lotus,0,51:28,13,11,true,true
644734,258412,Split,1,33:50,13,2,true,true
644735,258414,Haven,0,55:43,13,9,true,true
644735,258415,Split,1,34:44,13,0,true,true
644736,258417,Lotus,1,42:42,13,9,true,true
644736,258418,Breeze,0,48:38,13,9,true,true
644737,258420,Haven,0,35:15,3,13,true,true
644737,258421,Fracture,1,37:39,5,13,true,true
644738,258423,Split,0,42:15,11,13,true,true
644738,258424,Breeze,1,45:25,10,13,true,true
644739,258426,Split,0,40:12,8,13,true,true
644739,258427,Lotus,1,42:47,9,13,true,true
645474,258575,Lotus,1,56:51,8,13,true,true
645474,258576,Breeze,0,46:09,9,13,true,true
645475,258578,Lotus,0,55:46,8,13,true,true
645475,258579,Split,1,1:09:00,14,16,true,true
645476,258581,Haven,1,48:56,13,8,true,true
645476,258582,Breeze,0,37:57,13,4,true,true
645477,258584,Lotus,0,55:35,13,9,true,true
645477,258585,Pearl,1,47:29,11,13,true,true
645477,258586,Breeze,,40:30,8,13,true,true
645478,258587,Pearl,0,46:13,6,13,true,true
645478,258588,Haven,1,37:01,5,13,true,true
645479,258590,Pearl,1,52:59,13,7,true,true
645479,258591,Split,0,52:11,13,10,true,true
645480,258593,Split,0,1:02:36,13,11,true,true
645480,258594,Pearl,1,39:48,5,13,true,true
645480,258595,Haven,,47:37,9,13,true,true
645481,258596,Haven,0,1:05:21,12,14,true,true
645481,258597,Pearl,1,42:22,13,5,true,true
645481,258598,Lotus,,53:30,13,10,true,true
645482,258599,Breeze,0,54:35,13,6,true,true
645482,258600,Split,1,57:03,11,13,true,true
645482,258601,Bind,,1:00:03,12,14,true,true
645483,258602,Haven,1,47:07,13,10,true,true
645483,258603,Split,0,34:10,13,4,true,true
645484,258605,Lotus,1,1:05:10,10,13,true,true
645484,258606,Split,0,44:42,8,13,true,true
645485,258608,Haven,0,53:38,10,13,true,true
645485,258609,Split,1,1:24:41,17,19,true,true
645486,258611,Bind,1,36:46,13,4,true,true
645486,258612,Fracture,0,28:49,13,4,true,true
645487,258614,Haven,0,54:41,13,9,true,true
645487,258615,Pearl,1,52:04,13,10,true,true
645488,258617,Lotus,1,42:21,4,13,true,true
645488,258618,Haven,0,44:20,10,13,true,true
645489,258620,Pearl,0,51:21,9,13,true,true
645489,258621,Lotus,1,52:56,13,10,true,true
645489,258622,Breeze,,32:53,13,2,true,true
645490,258623,Haven,0,48:50,7,13,true,true
645490,258624,Bind,1,57:27,11,13,true,true
645491,258626,Breeze,1,57:16,12,14,true,true
645491,258627,Split,0,58:50,12,14,true,true
645492,258629,Fracture,0,46:51,8,13,true,true
645492,258630,Pearl,1,53:54,9,13,true,true
645493,258632,Breeze,1,47:58,10,13,true,true
645493,258633,Haven,0,49:23,10,13,true,true
645494,258635,Bind,1,42:00,4,13,true,true
645494,258636,Haven,0,46:54,13,10,true,true
645494,258637,Split,,42:40,6,13,true,true
645495,258638,Split,0,38:11,13,4,true,true
645495,258639,Breeze,1,43:23,7,13,true,true
645495,258640,Haven,,41:59,13,7,true,true
645496,258641,Lotus,0,34:35,13,1,true,true
645496,258642,Split,1,47:41,8,13,true,true
645496,258643,Breeze,,49:47,13,11,true,true
645497,258644,Haven,0,41:45,13,4,true,true
645497,258645,Lotus,1,37:36,13,6,true,true
645498,258647,Haven,1,1:09:25,11,13,true,true
645498,258648,Lotus,0,51:33,13,11,true,true
645498,258649,Bind,,39:59,13,6,true,true
645499,258650,Pearl,1,56:13,13,9,true,true
645499,258651,Haven,0,46:29,8,13,true,true
645499,258652,Breeze,,41:54,6,13,true,true
645500,258653,Lotus,0,54:15,13,6,true,true
645500,258654,Split,1,53:47,13,9,true,true
645501,258656,Haven,0,29:27,13,1,true,true
645501,258657,Bind,1,32:48,13,3,true,true
645502,258659,Bind,1,47:08,3,13,true,true
645502,258660,Breeze,0,54:30,14,12,true,true
645502,258661,Haven,,48:40,13,10,true,true
645503,258662,Fracture,1,59:24,11,13,true,true
645503,258663,Breeze,0,54:00,13,11,true,true
645503,258664,Lotus,,1:15:05,10,13,true,true
659474,265283,Breeze,1,1:09:02,13,9,false,false
659474,265284,Lotus,0,43:02,13,7,false,false
659475,265286,Haven,0,47:47,13,2,false,false
659475,265287,Fracture,1,49:10,9,13,false,false
659475,265288,Pearl,,55:25,13,10,false,false
659476,265289,Split,1,-,13,6,false,false
659476,265290,Lotus,0,-,13,6,false,false
659477,265292,Lotus,1,54:44,7,13,false,false
659477,265293,Split,0,43:40,13,7,false,false
659477,265294,Breeze,,42:50,13,7,false,false
659478,265295,Lotus,0,45:12,13,0,false,false
659478,265296,Pearl,1,37:13,13,5,false,false
659479,265298,Fracture,1,58:56,7,13,false,false
659479,265299,Lotus,0,41:53,6,13,false,false
659480,265301,Split,0,1:01:54,9,13,false,false
659480,265302,Breeze,1,44:16,8,13,false,false
659481,265304,Fracture,0,1:06:32,6,13,false,false
659481,265305,Split,1,1:02:57,15,13,false,false
659481,265306,Breeze,0,36:16,13,5,false,false
659481,265307,Haven,1,51:53,9,13,false,false
659481,265308,Pearl,,35:00,13,4,false,false
659482,265309,Pearl,0,1:02:50,13,8,false,false
659482,265310,Fracture,1,49:07,9,13,false,false
659482,265311,Split,,57:40,11,13,false,false
659483,265312,Ascent,0,59:56,7,13,false,false
659483,265313,Lotus,1,39:24,6,13,false,false
659484,265315,Fracture,1,52:02,13,4,false,false
659484,265316,Haven,0,52:54,10,13,false,false
659484,265317,Split,,58:21,13,10,false,false
659485,265318,Haven,0,1:04:53,9,13,false,false
659485,265319,Lotus,1,35:48,4,13,false,false
659486,265321,Lotus,1,58:29,8,13,false,false
659486,265322,Split,0,49:25,13,8,false,false
659486,265323,Haven,,43:19,6,13,false,false
659487,265324,Lotus,1,50:09,13,2,false,false
659487,265325,Breeze,0,42:31,13,6,false,false
659487,265326,Haven,1,47:49,10,13,false,false
659487,265327,Split,0,54:54,13,11,false,false
660369,265422,Breeze,1,57:08,13,8,true,true
660369,265423,Split,0,42:40,5,13,true,true
660369,265424,Pearl,,28:51,1,13,true,true
660370,265425,Pearl,1,42:48,13,4,true,true
660370,265426,Lotus,0,44:02,13,7,true,true
660371,265428,Split,0,1:03:01,10,13,true,true
660371,265429,Fracture,1,31:14,13,4,true,true
660371,265430,Ascent,,46:09,7,13,true,true
660372,265431,Lotus,0,1:05:48,11,13,true,true
660372,265432,Breeze,1,41:55,7,13,true,true
660373,265434,Ascent,0,52:49,13,7,true,true
660373,265435,Pearl,1,50:07,9,13,true,true
660373,265436,Split,,37:42,13,5,true,true
660374,265437,Fracture,0,1:08:29,12,14,true,true
660374,265438,Haven,1,53:19,13,11,true,true
660374,265439,Ascent,0,49:12,13,9,true,true
660374,265440,Pearl,1,54:48,10,13,true,true
660374,265441,Split,,1:01:25,11,13,true,true
660375,265442,Lotus,1,50:29,4,13,true,true
660375,265443,Haven,0,47:55,8,13,true,true
660376,265445,Breeze,1,45:51,13,5,true,true
660376,265446,Split,0,35:11,13,4,true,true
660377,265448,Breeze,1,53:51,8,13,true,true
660377,265449,Haven,0,35:53,4,13,true,true
660378,265451,Fracture,0,58:16,11,13,true,true
660378,265452,Breeze,1,41:49,7,13,true,true
660379,265454,Fracture,0,57:15,13,9,true,true
660379,265455,Breeze,1,51:43,13,11,true,true
660380,265457,Lotus,0,1:10:25,13,8,true,true
660380,265458,Breeze,1,43:59,6,13,true,true
660380,265459,Pearl,0,45:40,13,7,true,true
660380,265460,Haven,1,58:57,10,13,true,true
660380,265461,Ascent,,55:09,13,10,true,true
660381,265462,Fracture,1,37:40,7,13,true,true
660381,265463,Pearl,0,47:37,13,8,true,true
660381,265464,Lotus,,33:48,13,5,true,true
660382,265465,Pearl,1,38:33,3,13,true,true
660382,265466,Ascent,0,53:36,13,11,true,true
660382,265467,Lotus,,54:12,10,13,true,true
660383,265468,Pearl,1,41:05,5,13,true,true
660383,265469,Ascent,0,33:39,13,4,true,true
660383,265470,Split,,47:03,13,11,true,true
660384,265471,Breeze,0,40:14,4,13,true,true
660384,265472,Haven,1,1:00:33,13,15,true,true
660385,265474,Pearl,1,1:11:50,15,17,true,true
660385,265475,Ascent,0,46:50,13,8,true,true
660385,265476,Split,,58:44,12,14,true,true
660386,265477,Breeze,0,49:05,13,10,true,true
660386,265478,Lotus,1,1:03:42,13,15,true,true
660386,265480,Split,1,57:09,11,13,true,true
660386,265481,Haven,,1:04:34,13,15,true,true
660386,269000,Pearl,0,45:25,13,7,true,true
660387,265482,Breeze,1,44:30,13,4,true,true
660387,265483,Ascent,0,59:43,14,12,true,true
660388,265485,Split,1,36:33,13,4,true,true
660388,265486,Ascent,0,51:46,10,13,true,true
660388,265487,Fracture,,56:17,2,13,true,true
660389,265488,Fracture,1,50:37,13,10,true,true
660389,265489,Lotus,0,33:35,2,13,true,true
660389,265490,Ascent,,1:17:22,13,15,true,true
660390,265491,Ascent,1,39:29,13,5,true,true
660390,265492,Lotus,0,42:43,13,9,true,true
660391,265494,Lotus,1,51:42,11,13,true,true
660391,265495,Fracture,0,45:19,13,10,true,true
660391,265496,Ascent,,48:39,13,10,true,true
660392,265497,Haven,0,57:57,15,13,true,true
660392,265498,Lotus,1,33:02,4,13,true,true
660392,265499,Ascent,0,40:35,6,13,true,true
660392,265500,Breeze,1,33:47,1,13,true,true
666488,266840,Breeze,1,1:16:37,11,13,true,true
666488,266841,Pearl,0,55:42,10,13,true,true
666489,266843,Lotus,1,59:19,9,13,true,true
666489,266844,Fracture,0,44:53,7,13,true,true
666490,266846,Breeze,1,1:05:48,9,13,true,true
666490,266847,Lotus,0,39:50,13,6,true,true
666490,266848,Pearl,,40:48,5,13,true,true
666491,266849,Pearl,1,1:16:39,9,13,true,true
666491,266850,Lotus,0,48:02,8,13,true,true
666492,266852,Split,1,1:09:53,11,13,true,true
666492,266853,Breeze,0,41:55,8,13,true,true
666493,266855,Pearl,0,1:23:10,10,13,true,true
666493,266856,Lotus,1,42:12,9,13,true,true
666493,266857,Fracture,0,45:25,10,13,true,true
666494,266860,Ascent,1,1:10:43,9,13,true,true
666494,266861,Breeze,0,52:39,13,11,true,true
666494,266862,Lotus,,52:31,13,8,true,true
666495,266863,Pearl,1,1:01:51,11,13,true,true
666495,266864,Split,0,42:22,13,6,true,true
666495,266865,Haven,,49:35,13,9,true,true
666496,266866,Haven,1,1:04:33,13,6,true,true
666496,266867,Lotus,0,1:02:09,10,13,true,true
666496,266868,Breeze,,37:24,13,5,true,true
666497,266869,Ascent,1,56:41,13,8,true,true
666497,266870,Breeze,0,41:07,5,13,true,true
666497,266871,Split,,30:28,13,1,true,true
666498,266872,Split,1,1:11:12,9,13,true,true
666498,266873,Ascent,0,51:59,13,10,true,true
666498,266874,Breeze,,40:38,8,13,true,true
666499,266875,Haven,0,59:01,6,13,true,true
666499,266876,Lotus,1,39:07,4,13,true,true
666499,266877,Ascent,0,52:07,11,13,true,true
670464,267798,Lotus,1,49:23,13,7,true,true
670464,267799,Ascent,0,40:42,4,13,true,true
670464,267800,Split,,51:24,9,13,true,true
670465,267801,Haven,1,35:37,4,13,true,true
670465,267802,Pearl,0,53:52,14,12,true,true
670465,267803,Fracture,,34:55,13,5,true,true
670466,267804,Ascent,1,29:19,13,1,true,true
670466,267805,Lotus,0,48:54,13,10,true,true
670467,267807,Breeze,1,40:32,6,13,true,true
670467,267808,Lotus,0,45:54,7,13,true,true
670468,267810,Lotus,0,52:19,10,13,true,true
670468,267811,Breeze,1,52:00,13,10,true,true
670468,267812,Split,,32:41,3,13,true,true
670469,267813,Breeze,1,31:00,13,3,true,true
670469,267814,Split,0,50:09,6,13,true,true
670469,267815,Fracture,,39:16,13,6,true,true
670470,267816,Breeze,1,55:40,15,13,true,true
670470,267817,Fracture,0,57:34,12,14,true,true
670470,267818,Split,,43:18,6,13,true,true
670471,267819,Fracture,0,31:58,13,2,true,true
670471,267820,Split,1,36:56,6,13,true,true
670471,267821,Breeze,0,48:35,13,11,true,true
670471,267822,Ascent,1,54:54,10,13,true,true
670471,267823,Lotus,,38:24,5,13,true,true
670472,267824,Ascent,1,45:06,6,13,true,true
670472,267825,Lotus,0,1:16:29,13,15,true,true
670473,267827,Split,0,30:03,13,3,true,true
670473,267828,Lotus,1,50:15,11,13,true,true
670473,273204,Ascent,,41:49,13,6,true,true
670474,267830,Lotus,0,45:44,13,7,true,true
670474,267831,Ascent,1,31:13,13,2,true,true
670475,267833,Haven,1,40:52,7,13,true,true
670475,267834,Lotus,0,34:50,3,13,true,true
670476,267836,Lotus,0,41:04,4,13,true,true
670476,267837,Split,1,36:54,4,13,true,true
670477,267839,Haven,1,34:20,5,13,true,true
670477,267840,Pearl,0,46:57,9,13,true,true
670477,267841,Split,1,52:34,11,13,true,true
684610,270737,Lotus,1,43:10,13,5,true,true
684610,270738,Breeze,0,44:47,13,3,true,true
684611,270740,Fracture,0,33:55,3,13,true,true
684611,270741,Haven,1,40:17,7,13,true,true
684612,270743,Pearl,1,37:17,4,13,true,true
684612,270744,Fracture,0,51:24,13,11,true,true
684612,270745,Split,,48:48,13,9,true,true
684613,270746,Pearl,1,44:32,6,13,true,true
684613,270747,Lotus,0,56:56,11,13,true,true
684614,270749,Pearl,0,54:46,13,11,true,true
684614,270750,Haven,1,35:01,4,13,true,true
684614,270751,Fracture,,46:40,13,10,true,true
684615,270752,Ascent,1,46:14,7,13,true,true
684615,270753,Lotus,0,37:40,13,5,true,true
684615,270754,Pearl,,46:57,8,13,true,true
684616,270755,Haven,0,33:41,13,4,true,true
684616,270756,Fracture,1,46:41,9,13,true,true
684616,270757,Split,,58:24,11,13,true,true
684617,270758,Split,0,51:20,9,13,true,true
684617,270759,Breeze,1,39:38,13,8,true,true
684617,270760,Pearl,,45:21,13,8,true,true
684618,270761,Haven,0,46:34,13,10,true,true
684618,270762,Lotus,1,51:51,9,13,true,true
684618,270763,Breeze,,47:11,10,13,true,true
684619,270764,Lotus,1,55:14,11,13,true,true
684619,270765,Haven,0,58:03,14,12,true,true
684619,270766,Fracture,,52:37,13,11,true,true
68989,70177,Icebox,1,1:17:36,9,13,true,true
68989,70178,Breeze,0,42:21,8,13,true,true
68990,70180,Icebox,1,47:51,8,13,true,true
68990,70181,Ascent,0,48:34,13,11,true,true
68990,70182,Split,,46:23,8,13,true,true
68991,70183,Split,,57:27,13,11,true,true
68991,70184,Haven,0,45:31,13,8,true,true
68991,70185,Bind,1,43:02,7,13,true,true
68992,70186,Ascent,0,1:01:45,12,14,true,true
68992,70187,Bind,1,37:57,4,13,true,true
68993,70189,Ascent,0,52:15,13,7,true,true
68993,70190,Haven,1,51:41,13,9,true,true
68994,70192,Breeze,1,40:24,6,13,true,true
68994,70193,Haven,0,49:18,9,13,true,true
68995,70195,Fracture,1,1:15:50,17,15,true,true
68995,70196,Bind,0,42:52,6,13,true,true
68995,70197,Icebox,,1:00:35,14,12,true,true
68996,70198,Split,1,51:31,11,13,true,true
68996,70199,Breeze,0,45:26,13,9,true,true
68996,70200,Fracture,,32:48,13,4,true,true
68997,70201,Haven,0,41:42,13,4,true,true
68997,70202,Split,1,47:53,10,13,true,true
68997,70203,Breeze,,34:43,13,4,true,true
68998,70204,Icebox,1,48:22,6,13,true,true
68998,70205,Ascent,0,56:40,10,13,true,true
68999,70207,Split,0,46:54,13,9,true,true
68999,70208,Haven,1,48:05,13,10,true,true
69000,70210,Haven,0,57:19,9,13,true,true
69000,70211,Bind,1,1:01:37,13,10,true,true
69000,70212,Split,,59:53,10,13,true,true
69001,70213,Haven,1,44:59,10,13,true,true
69001,70214,Breeze,0,29:06,13,1,true,true
69001,70215,Icebox,,1:13:31,19,17,true,true
69002,70216,Haven,1,38:54,4,13,true,true
69002,70217,Ascent,0,51:13,10,13,true,true
69003,70219,Haven,0,50:24,13,10,true,true
69003,70220,Fracture,1,42:08,5,13,true,true
69003,70221,Ascent,,57:49,13,10,true,true
69004,70222,Icebox,0,44:12,13,7,true,true
69004,70223,Split,1,34:54,13,3,true,true
69005,70225,Ascent,0,42:12,5,13,true,true
69005,70226,Breeze,1,46:41,9,13,true,true
69006,70228,Bind,0,1:00:24,12,14,true,true
69006,70229,Split,1,38:27,6,13,true,true
69007,70231,Split,0,1:03:31,13,7,true,true
69007,70232,Icebox,1,53:23,13,10,true,true
69008,70234,Haven,0,56:49,8,13,true,true
69008,70235,Split,1,57:39,10,13,true,true
69009,70237,Ascent,0,55:05,13,11,true,true
69009,70238,Breeze,1,34:24,6,13,true,true
69009,70239,Icebox,,54:55,11,13,true,true
69010,70240,Bind,1,43:39,13,7,true,true
69010,70241,Ascent,0,47:22,9,13,true,true
69010,70242,Split,,39:38,5,13,true,true
69011,70243,Split,0,32:18,4,13,true,true
69011,70244,Breeze,1,42:50,8,13,true,true
69012,70246,Haven,1,38:06,13,5,true,true
69012,70247,Bind,0,44:04,5,13,true,true
69012,70248,Split,,47:59,5,13,true,true
69013,70249,Ascent,1,47:43,13,5,true,true
69013,70250,Breeze,0,28:36,13,1,true,true
69014,70252,Bind,1,52:59,13,9,true,true
69014,70253,Icebox,0,42:09,13,7,true,true
69015,70255,Ascent,1,44:02,13,6,true,true
69015,70256,Haven,0,44:19,13,7,true,true
69016,70258,Haven,0,42:07,13,6,true,true
69016,70259,Split,1,59:30,11,13,true,true
69016,70260,Ascent,,39:38,13,6,true,true
69017,70261,Icebox,0,37:22,6,13,true,true
69017,70262,Bind,1,1:10:56,18,16,true,true
69017,70263,Ascent,,47:39,13,10,true,true
69018,70264,Icebox,1,47:09,9,13,true,true
69018,70265,Ascent,0,38:19,4,13,true,true
69561,70469,Bind,0,55:03,13,9,true,true
69561,70470,Split,1,49:25,13,7,true,true
69562,70472,Bind,,37:38,13,3,true,true
69562,70473,Icebox,,47:52,13,7,true,true
69563,70475,Fracture,,49:44,13,10,true,true
69563,70476,Ascent,,49:48,9,13,true,true
69563,70477,Icebox,,42:21,7,13,true,true
69564,70478,Ascent,0,49:34,13,9,true,true
69564,70479,Icebox,1,48:33,11,13,true,true
69564,70480,Breeze,,49:47,13,11,true,true
69661,70506,Split,,41:04,13,8,true,true
69661,70507,Haven,,20:15,13,0,true,true
69662,70509,Breeze,,40:08,7,13,true,true
69662,70510,Ascent,,41:13,13,8,true,true
69662,70511,Haven,,53:02,13,11,true,true
69663,70512,Ascent,,34:29,13,4,true,true
69663,70513,Haven,,31:31,13,1,true,true
69664,70515,Haven,,45:04,7,13,true,true
69664,70516,Bind,,52:57,13,10,true,true
69664,70517,Ascent,,33:24,4,13,true,true
69665,70518,Haven,,39:24,13,7,true,true
69665,70519,Bind,,28:57,13,3,true,true
69666,70521,Ascent,,41:41,13,8,true,true
69666,70522,Bind,,47:47,13,10,true,true
69667,70524,Ascent,,38:47,13,7,true,true
69667,70525,Breeze,,42:18,13,10,true,true
69668,70527,Haven,,1:00:26,15,13,true,true
69668,70528,Ascent,,28:40,13,1,true,true
69669,70530,Breeze,,38:15,13,7,true,true
69669,70531,Haven,,34:38,13,5,true,true
69670,70533,Split,,35:09,13,9,true,true
69670,70534,Haven,,20:16,13,1,true,true
69671,70536,Ascent,,43:54,13,8,true,true
69671,70537,Fracture,,36:26,13,8,true,true
69672,70539,Split,,39:03,13,6,true,true
69672,70540,Haven,,44:25,13,11,true,true
69673,70542,Ascent,,43:57,14,12,true,true
69673,70543,Haven,,48:13,14,12,true,true
69674,70545,Bind,,30:09,13,3,true,true
69674,70546,Haven,,43:10,13,11,true,true
69675,70548,Split,,58:47,13,9,true,true
69675,70549,Bind,,56:21,14,12,true,true
69676,70551,Split,,48:38,8,13,true,true
69676,70552,Bind,,46:14,13,6,true,true
69676,70553,Haven,,1:05:25,11,13,true,true
69677,70554,Ascent,1,47:56,13,10,true,true
69677,70555,Bind,0,51:17,13,9,true,true
69678,70557,Ascent,,34:20,1,13,true,true
69678,70558,Fracture,,1:00:36,10,13,true,true
69679,70560,Haven,,1:09:43,13,10,true,true
69679,70561,Bind,,50:42,11,13,true,true
69679,70562,Icebox,,37:19,6,13,true,true
69680,70563,Fracture,,36:37,6,13,true,true
69680,70564,Haven,,48:03,13,9,true,true
69680,70565,Split,,47:09,10,13,true,true
69681,70566,Haven,,44:58,7,13,true,true
69681,70567,Bind,,50:20,13,8,true,true
69681,70568,Split,,53:47,9,13,true,true
69682,70569,Icebox,,44:23,13,7,true,true
69682,70570,Haven,,42:56,13,4,true,true
69683,70572,Split,,43:10,13,6,true,true
69683,70573,Fracture,,57:39,13,9,true,true
69684,70575,Breeze,,47:29,13,11,true,true
69684,70576,Ascent,,51:54,13,8,true,true
69685,70578,Haven,,38:19,6,13,true,true
69685,70579,Split,,31:06,3,13,true,true
69686,70581,Ascent,,49:28,13,11,true,true
69686,70582,Bind,,30:42,13,3,true,true
69687,70584,Split,,53:25,13,11,true,true
69687,70585,Haven,,39:24,8,13,true,true
69687,70586,Ascent,,48:34,13,11,true,true
69688,70587,Fracture,,36:40,13,6,true,true
69688,70588,Bind,,41:46,13,5,true,true
69689,70590,Haven,,24:50,13,0,true,true
69689,70591,Fracture,,36:03,13,5,true,true
69690,70593,Haven,,45:34,10,13,true,true
69690,70594,Ascent,,49:08,14,12,true,true
69690,70595,Bind,,32:38,13,4,true,true
69877,70808,Split,1,52:50,13,10,true,true
69877,70809,Breeze,0,41:26,13,6,true,true
69878,70811,Ascent,1,43:28,13,4,true,true
69878,70812,Icebox,0,36:19,13,2,true,true
69879,70814,Fracture,0,55:57,10,13,true,true
69879,70815,Haven,1,53:03,13,11,true,true
69879,70816,Bind,,49:49,13,9,true,true
69880,70817,Haven,0,33:25,13,1,true,true
69880,70818,Fracture,1,1:02:19,15,13,true,true
69881,70820,Bind,,53:46,10,13,true,true
69881,70821,Haven,,48:00,13,11,true,true
69881,70822,Ascent,,1:13:42,9,13,true,true
69882,70823,Breeze,0,47:40,13,9,true,true
69882,70824,Bind,1,44:09,13,7,true,true
698884,273205,Ascent,1,1:22:04,13,7,true,true
698884,273206,Sunset,0,1:13:02,16,14,true,true
698885,273208,Split,1,1:14:09,6,13,true,true
698885,273209,Haven,0,43:16,13,9,true,true
698885,273210,Summit,,52:45,11,13,true,true
698886,273211,Haven,0,42:25,3,13,true,true
698886,273212,Split,1,54:24,13,11,true,true
698886,273213,Ascent,,46:13,13,8,true,true
698887,273214,Split,1,52:42,11,13,true,true
698887,273215,Sunset,0,40:24,13,6,true,true
698887,273216,Summit,,44:33,13,7,true,true
698888,273217,Sunset,0,59:13,9,13,true,true
698888,273218,Summit,1,1:06:23,14,16,true,true
698889,273220,Sunset,0,1:25:21,12,14,true,true
698889,273221,Ascent,1,50:53,13,11,true,true
698889,273222,Breeze,,1:06:09,15,17,true,true
698890,273223,Split,0,1:08:02,11,13,true,true
698890,273224,Ascent,1,43:03,13,7,true,true
698890,273225,Haven,,36:03,4,13,true,true
698891,273226,Sunset,0,42:19,4,13,true,true
698891,273227,Haven,1,45:02,7,13,true,true
698892,273229,Ascent,1,59:55,13,7,true,true
698892,273230,Summit,0,38:09,13,3,true,true
698893,273232,Split,1,1:00:40,12,14,true,true
698893,273233,Haven,0,49:39,10,13,true,true
698894,273235,Haven,0,56:25,9,13,true,true
698894,273236,Breeze,1,43:40,5,13,true,true
698895,273238,Summit,1,56:49,10,13,false,false
698895,273239,Ascent,0,1:10:34,15,17,false,false
698897,273241,Ascent,1,51:29,6,13,true,true
698897,273243,Sunset,,41:54,13,7,true,true
698897,278340,Breeze,0,39:43,13,7,true,true
698898,273244,Ascent,1,44:44,5,13,true,true
698898,273245,Haven,0,37:40,5,13,true,true
698899,273247,Summit,0,44:13,13,1,true,true
698899,278415,Breeze,1,37:58,13,6,true,true
698901,273250,Haven,1,56:34,7,13,true,true
698901,273251,Summit,0,58:12,13,11,true,true
698901,273252,Sunset,,45:02,13,5,true,true
698902,273253,Lotus,0,1:04:17,11,13,true,true
698902,273255,Haven,,1:04:48,13,15,true,true
698902,278738,Ascent,1,35:33,13,3,true,true
698903,273256,Split,1,1:11:20,14,12,true,true
698903,273257,Sunset,0,1:01:14,10,13,true,true
698903,273258,Haven,,56:25,11,13,true,true
698904,273259,Summit,1,1:00:39,10,13,true,true
698904,273260,Ascent,0,46:46,8,13,true,true
698905,273262,Breeze,0,52:10,13,8,true,true
698905,273263,Sunset,1,59:45,12,14,true,true
698905,273264,Summit,,54:38,11,13,true,true
698906,273265,Sunset,0,50:18,5,13,true,true
698906,273266,Haven,1,52:20,13,11,true,true
698906,273267,Ascent,,21:29,5,13,true,true
698907,273268,Summit,0,1:05:37,9,13,true,true
698907,273269,Ascent,1,39:56,13,4,true,true
698907,273270,Sunset,,50:40,8,13,true,true
698908,273271,Summit,0,58:27,6,13,true,true
698908,273272,Sunset,1,43:03,13,8,true,true
698908,273273,Haven,,51:17,13,10,true,true
698909,273274,Sunset,0,57:12,13,10,true,true
698909,273275,Breeze,1,1:06:42,13,15,true,true
698909,273276,Haven,,30:49,0,13,true,true
698910,273277,Breeze,0,53:17,6,13,true,true
698910,273278,Split,1,53:30,11,13,true,true
698911,273280,Lotus,0,47:37,13,8,true,true
698911,273281,Sunset,1,47:42,10,13,true,true
698911,273282,Split,,57:28,13,11,true,true
698912,273283,Lotus,0,59:58,9,13,true,true
698912,273284,Breeze,1,44:41,5,13,true,true
698913,273286,Breeze,0,50:23,13,9,true,true
698913,273287,Split,1,55:48,14,12,true,true
698914,273289,Split,0,59:26,13,9,true,true
698914,273290,Sunset,1,53:54,13,11,true,true
698915,273292,Breeze,0,1:00:54,12,14,true,true
698915,273293,Sunset,1,47:13,13,11,true,true
698915,273294,Haven,,49:18,10,13,true,true
70057,71127,Ascent,0,1:04:34,15,13,true,true
70057,71128,Bind,1,37:16,5,13,true,true
70057,71129,Haven,,42:34,8,13,true,true
70058,71130,Bind,1,34:42,2,13,true,true
70058,71131,Split,0,56:26,13,11,true,true
70058,71132,Breeze,,1:00:51,12,14,true,true
70059,71133,Bind,0,45:27,13,7,true,true
70059,71134,Breeze,1,42:16,7,13,true,true
70059,71135,Icebox,,52:55,10,13,true,true
70060,71136,Breeze,0,38:25,6,13,true,true
70060,71137,Fracture,1,41:56,6,13,true,true
70061,71139,Icebox,,46:22,7,13,true,true
70061,71140,Fracture,1,38:56,5,13,true,true
70063,71142,Haven,1,56:00,12,14,true,true
70063,71143,Split,0,42:49,13,6,true,true
70063,71144,Ascent,,27:48,0,13,true,true
70064,71145,Haven,1,36:22,13,5,true,true
70064,71146,Breeze,0,44:40,8,13,true,true
70064,71147,Ascent,,32:09,13,2,true,true
70065,71148,Ascent,0,51:23,13,9,true,true
70065,71149,Bind,1,47:59,13,8,true,true
70066,71151,Bind,0,33:56,2,13,true,true
70066,71152,Fracture,1,50:18,13,10,true,true
70066,71153,Icebox,,49:01,9,13,true,true
70067,71154,Haven,0,41:53,13,7,true,true
70067,71155,Bind,1,51:20,11,13,true,true
70067,71156,Fracture,,34:52,13,3,true,true
70068,71157,Split,1,52:35,13,9,true,true
70068,71158,Fracture,0,59:40,9,13,true,true
70068,71159,Breeze,,1:03:12,14,12,true,true
70069,71160,Haven,1,1:01:43,12,14,true,true
70069,71161,Fracture,,54:09,13,11,true,true
70069,71162,Icebox,,52:48,13,11,true,true
70070,71163,Haven,,46:26,13,9,true,true
70070,71164,Fracture,1,52:33,11,13,true,true
70070,71165,Bind,,45:01,8,13,true,true
70071,71166,Haven,1,51:31,9,13,true,true
70071,71167,Icebox,0,51:14,11,13,true,true
70072,71169,Haven,0,33:19,3,13,true,true
70072,71170,Bind,1,1:06:12,13,15,true,true
70073,71172,Breeze,0,46:36,6,13,true,true
70073,71173,Bind,1,48:11,13,8,true,true
70073,71174,Haven,,39:29,5,13,true,true
70074,71175,Breeze,,46:44,8,13,true,true
70074,71176,Fracture,0,48:54,13,9,true,true
70074,71177,Split,,37:23,4,13,true,true
70075,71178,Ascent,1,34:19,13,2,true,true
70075,71179,Haven,0,34:38,5,13,true,true
70075,71180,Icebox,,42:10,5,13,true,true
70076,71181,Bind,1,45:12,7,13,true,true
70076,71182,Ascent,0,36:50,13,4,true,true
70076,71183,Haven,,32:40,13,2,true,true
70077,71184,Fracture,0,42:38,13,7,true,true
70077,71185,Haven,1,33:17,13,4,true,true
70078,71187,Ascent,1,35:26,4,13,true,true
70078,71188,Haven,0,48:07,11,13,true,true
70079,71190,Breeze,1,1:02:20,13,11,true,true
70079,71191,Haven,0,54:49,14,12,true,true
70080,71193,Ascent,1,45:46,13,6,true,true
70080,71194,Bind,0,43:35,13,7,true,true
70081,71196,Breeze,0,43:38,13,5,true,true
70081,71197,Split,1,56:17,13,11,true,true
701025,273938,Sunset,1,57:13,13,5,false,false
701025,273939,Haven,0,51:59,13,10,false,false
701026,273941,Haven,0,1:14:45,15,13,false,false
701026,273942,Lotus,1,43:51,13,7,false,false
701027,273944,Sunset,1,51:05,13,3,false,false
701027,276588,Summit,0,52:05,13,9,false,false
701028,273947,Split,1,1:09:22,8,13,false,false
701028,273948,Sunset,0,43:13,7,13,false,false
701029,273950,Breeze,1,1:22:16,16,14,false,false
701029,273951,Haven,0,50:13,11,13,false,false
701029,273952,Sunset,,37:19,13,4,false,false
701030,273953,Summit,1,1:05:54,13,9,false,false
701030,273954,Split,0,39:12,4,13,false,false
701030,273955,Lotus,,43:08,13,5,false,false
701031,273957,Sunset,1,38:55,13,7,false,false
701031,277084,Lotus,0,1:04:51,13,8,false,false
701032,273959,Breeze,1,50:37,13,3,false,false
701032,273960,Sunset,0,41:36,13,5,false,false
701036,273962,Lotus,1,1:10:00,11,13,false,false
701036,273963,Ascent,0,33:35,4,13,false,false
701037,273965,Summit,0,1:13:39,12,14,false,false
701037,273966,Ascent,1,43:17,13,7,false,false
701037,273967,Breeze,,54:58,10,13,false,false
701038,277180,Breeze,0,1:00:15,8,13,false,false
701038,277181,Ascent,1,-,9,13,false,false
701039,273971,Sunset,0,1:02:32,8,13,false,false
701039,273972,Breeze,1,40:04,13,7,false,false
701039,273973,Lotus,,36:41,3,13,false,false
701040,273974,Summit,1,1:08:29,9,13,false,false
701040,273975,Haven,0,55:40,13,10,false,false
701040,273976,Sunset,,53:11,9,13,false,false
701041,273977,Lotus,0,57:16,13,7,false,false
701041,273978,Haven,1,47:35,13,9,false,false
701042,273980,Split,1,53:32,13,4,false,false
701042,273981,Lotus,0,45:57,8,13,false,false
701042,277454,Breeze,,-,13,9,false,false
701043,273983,Ascent,1,-,7,13,false,false
701043,273984,Lotus,0,-,13,11,false,false
701043,273985,Split,,-,13,10,false,false
701044,273986,Breeze,1,-,3,13,false,false
701044,273987,Ascent,0,-,11,13,false,false
701045,273989,Summit,1,-,10,13,false,false
701045,273990,Split,0,-,13,9,false,false
701045,273991,Haven,,-,6,13,false,false
701046,273992,Summit,1,-,11,13,false,false
701046,273993,Haven,0,-,10,13,false,false
701047,273995,Ascent,0,-,7,13,false,false
701047,273996,Sunset,1,-,13,7,false,false
701047,273997,Breeze,,-,13,15,false,false
701048,273998,Sunset,0,-,9,13,false,false
701048,273999,Haven,1,-,13,9,false,false
701048,274000,Lotus,,-,8,13,false,false
701049,274001,Breeze,0,-,13,10,false,false
701049,274002,Haven,1,-,13,7,false,false
701050,274004,Split,1,-,10,13,false,false
701050,274005,Summit,0,-,5,13,false,false
701051,274007,Lotus,1,-,13,2,false,false
701051,274008,Summit,0,-,8,13,false,false
701051,274009,Ascent,,-,13,11,false,false
701052,274011,Ascent,1,46:08,13,8,false,false
701052,277921,Lotus,0,1:01:16,13,10,false,false
701053,274013,Sunset,0,1:09:04,13,15,false,false
701053,274014,Lotus,1,43:18,10,13,false,false
701054,274016,Summit,0,1:25:03,15,13,false,false
701054,274017,Lotus,1,34:35,3,13,false,false
701054,274018,Split,,46:28,13,3,false,false
701055,274019,Split,0,46:34,2,13,false,false
701055,274020,Haven,1,42:46,13,7,false,false
701055,274021,Lotus,,1:02:59,14,12,false,false
701056,274022,Split,0,1:13:17,12,14,false,false
701056,274023,Summit,1,50:03,11,13,false,false
701057,274025,Breeze,1,1:01:04,13,9,false,false
701057,274026,Ascent,0,47:25,9,13,false,false
701057,274027,Split,,37:14,5,13,false,false
701058,274028,Breeze,1,1:10:23,13,9,false,false
701058,274029,Sunset,0,58:14,14,12,false,false
701059,274031,Sunset,0,57:55,13,8,false,false
701059,274032,Haven,1,45:33,13,8,false,false
701060,274034,Split,0,1:20:32,14,16,false,false
701060,274035,Breeze,1,49:38,13,10,false,false
701060,274036,Ascent,,52:02,11,13,false,false
701061,274037,Breeze,1,57:59,8,13,false,false
701061,274038,Lotus,0,54:35,12,14,false,false
701062,274040,Sunset,0,1:09:37,13,10,false,false
701062,274041,Lotus,1,49:50,13,11,false,false
701063,274043,Breeze,1,1:00:30,13,8,false,false
701063,274044,Ascent,0,43:06,13,7,false,false
70286,71375,Fracture,0,35:10,4,13,true,true
70286,72433,Icebox,1,45:34,8,13,true,true
70287,71378,Ascent,0,43:28,13,6,true,true
70287,71379,Icebox,1,1:07:28,16,14,true,true
70288,71381,Haven,0,41:34,5,13,true,true
70288,71382,Fracture,1,57:05,13,11,true,true
70288,71383,Ascent,,56:56,11,13,true,true
70289,71384,Split,1,56:36,13,10,true,true
70289,71385,Ascent,0,58:05,12,14,true,true
70289,71386,Bind,,48:35,13,7,true,true
70290,71387,Haven,0,43:22,7,13,true,true
70290,71388,Icebox,1,51:30,13,8,true,true
70290,71389,Ascent,,40:44,4,13,true,true
70291,71390,Ascent,1,37:09,4,13,true,true
70291,71391,Bind,0,30:43,0,13,true,true
70292,71393,Haven,1,55:47,13,10,true,true
70292,71394,Breeze,0,48:41,13,9,true,true
70293,71396,Icebox,1,56:41,9,13,true,true
70293,71397,Bind,0,42:21,13,8,true,true
70293,71398,Split,,50:10,10,13,true,true
70294,71399,Icebox,1,53:22,13,9,true,true
70294,71400,Breeze,0,1:01:47,11,13,true,true
70294,71401,Ascent,,54:59,9,13,true,true
70295,71402,Breeze,0,49:42,10,13,true,true
70295,71403,Icebox,1,49:32,9,13,true,true
70296,71405,Split,0,47:18,13,7,true,true
70296,71406,Ascent,1,33:08,13,3,true,true
70297,71409,Icebox,0,55:24,11,13,true,true
70297,71410,Split,1,1:09:01,13,15,true,true
70298,71411,Breeze,1,46:00,13,9,true,true
70298,71412,Bind,0,35:44,13,4,true,true
70299,71414,Ascent,1,39:43,4,13,true,true
70299,71415,Icebox,0,33:49,4,13,true,true
70300,71417,Icebox,1,1:07:31,13,15,true,true
70300,71418,Ascent,0,54:19,13,11,true,true
70300,71419,Breeze,,49:55,9,13,true,true
70301,71420,Breeze,1,41:31,7,13,true,true
70301,71421,Icebox,0,43:31,6,13,true,true
706349,275064,Haven,0,1:07:52,13,8,true,true
706349,275065,Sunset,1,31:56,1,13,true,true
706349,275066,Split,,54:58,13,8,true,true
706350,275067,Summit,1,48:10,13,4,true,true
706350,275068,Haven,0,49:39,11,13,true,true
706350,275069,Lotus,,1:08:47,16,14,true,true
706351,275070,Ascent,0,53:28,4,13,true,true
706351,275071,Breeze,1,46:33,9,13,true,true
706352,275073,Lotus,0,1:00:27,13,9,true,true
706352,275074,Breeze,1,1:13:26,15,17,true,true
706352,275075,Sunset,,30:37,3,13,true,true
706353,275076,Breeze,1,48:57,4,13,true,true
706353,275077,Sunset,0,1:07:19,16,14,true,true
706353,275078,Haven,,50:31,10,13,true,true
706354,275079,Sunset,1,57:11,9,13,true,true
706354,275080,Breeze,0,51:25,13,11,true,true
706354,275081,Summit,,36:55,13,4,true,true
706355,275082,Split,1,48:53,5,13,true,true
706355,275083,Sunset,0,41:27,5,13,true,true
706356,275085,Haven,0,39:12,4,13,true,true
706356,275086,Sunset,1,31:07,3,13,true,true
706357,275088,Breeze,1,1:08:14,12,14,true,true
706357,275089,Summit,0,52:23,7,13,true,true
706358,275091,Split,1,29:47,13,0,true,true
706358,275092,Ascent,0,54:36,13,10,true,true
706359,275094,Breeze,1,42:38,13,1,true,true
706359,275095,Sunset,0,41:29,13,6,true,true
706360,275097,Lotus,1,45:46,13,6,true,true
706360,275098,Breeze,0,43:02,13,7,true,true
706361,275100,Split,1,43:49,4,13,true,true
706361,275101,Summit,0,43:27,8,13,true,true
706362,275103,Haven,1,1:01:58,12,14,true,true
706362,275104,Breeze,0,48:43,9,13,true,true
706364,275106,Breeze,0,57:36,8,13,true,true
706364,275107,Lotus,1,59:58,10,13,true,true
706365,275109,Sunset,0,1:03:26,13,15,true,true
706365,275110,Ascent,1,50:46,13,8,true,true
706365,275111,Breeze,,40:57,13,5,true,true
706366,275112,Haven,0,1:07:01,13,8,true,true
706366,275113,Sunset,1,45:41,8,13,true,true
706366,275114,Summit,,45:11,8,13,true,true
706367,275115,Haven,1,58:01,12,14,true,true
706367,275116,Ascent,0,33:49,2,13,true,true
706368,275118,Haven,0,1:25:28,15,17,true,true
706368,275119,Sunset,1,56:25,13,9,true,true
706368,275120,Ascent,,40:18,13,6,true,true
706369,275121,Summit,1,53:23,10,13,true,true
706369,275122,Sunset,0,40:09,13,6,true,true
706369,275123,Haven,,1:14:41,14,16,true,true
706370,275124,Breeze,1,52:47,13,7,true,true
706370,275125,Split,0,41:06,13,5,true,true
706371,275127,Breeze,1,1:05:52,11,13,true,true
706371,275128,Lotus,0,56:04,13,10,true,true
706371,275129,Split,,47:45,13,8,true,true
706372,275130,Summit,1,1:04:52,13,11,true,true
706372,275131,Breeze,0,37:16,13,3,true,true
706373,275133,Breeze,1,42:50,6,13,true,true
706373,275134,Haven,0,49:33,9,13,true,true
706374,275136,Split,1,1:11:30,13,15,true,true
706374,275137,Breeze,0,55:32,11,13,true,true
706375,275139,Sunset,1,1:03:49,13,15,true,true
706375,275140,Lotus,0,31:40,1,13,true,true
706376,275142,Summit,0,54:52,6,13,true,true
706376,275143,Sunset,1,46:29,13,6,true,true
706376,275144,Breeze,,49:24,13,7,true,true
706377,275145,Split,0,52:13,13,10,true,true
706377,275146,Sunset,1,46:46,13,8,true,true
706378,275148,Lotus,1,32:59,1,13,true,true
706378,275149,Breeze,0,46:13,7,13,true,true
706379,275151,Summit,0,43:27,8,13,true,true
706379,275152,Haven,1,43:52,10,13,true,true
712803,276498,Split,1,59:20,6,13,true,true
712803,276499,Ascent,0,45:26,9,13,true,true
712804,276501,Split,0,1:01:06,6,13,true,true
712804,276502,Lotus,1,28:37,2,13,true,true
712805,276504,Ascent,1,1:21:48,15,13,true,true
712805,276505,Sunset,0,50:41,13,9,true,true
712806,276507,Split,0,40:27,13,5,true,true
712806,276508,Sunset,1,38:40,5,13,true,true
712806,276509,Ascent,,39:34,4,13,true,true
712807,276510,Sunset,0,56:30,13,6,true,true
712807,276511,Lotus,1,1:00:33,15,13,true,true
712808,276513,Sunset,1,1:00:37,9,13,true,true
712808,276514,Breeze,0,39:15,13,6,true,true
712808,276515,Split,,50:01,13,9,true,true
712809,276516,Sunset,0,1:03:43,9,13,true,true
712809,276517,Haven,1,55:44,12,14,true,true
712810,276519,Breeze,1,1:03:46,12,14,true,true
712810,276520,Ascent,0,50:45,10,13,true,true
712811,276522,Haven,1,1:04:22,8,13,true,true
712811,276523,Ascent,0,38:49,4,13,true,true
712812,276525,Haven,1,1:07:03,11,13,true,true
712812,276526,Split,0,53:33,11,13,true,true
712814,276528,Split,1,1:07:26,13,10,true,true
712814,276529,Lotus,0,56:36,12,14,true,true
712814,276530,Ascent,,33:06,13,1,true,true
712815,276531,Summit,1,1:23:19,16,14,true,true
712815,276532,Ascent,0,44:42,6,13,true,true
712815,276533,Split,,1:17:59,17,15,true,true
712816,276534,Lotus,0,1:01:44,10,13,true,true
712816,276535,Haven,1,31:26,0,13,true,true
712817,276537,Sunset,1,1:01:49,13,10,true,true
712817,276538,Haven,0,41:22,13,7,true,true
712818,276540,Lotus,1,1:00:22,7,13,true,true
712818,276541,Split,0,46:23,13,7,true,true
712818,276542,Sunset,,56:19,13,11,true,true
712819,276543,Summit,0,54:04,13,6,true,true
712819,276544,Lotus,1,36:34,13,5,true,true
712820,276546,Haven,1,1:01:20,6,13,true,true
712820,276547,Sunset,0,41:17,7,13,true,true
712821,276549,Split,1,50:16,5,13,true,true
712821,276550,Ascent,0,45:16,7,13,true,true
712822,276552,Haven,0,1:11:54,11,13,true,true
712822,276553,Ascent,1,49:45,13,9,true,true
712822,276554,Sunset,,35:15,13,3,true,true
712823,276555,Sunset,1,46:34,4,13,true,true
712823,276556,Lotus,0,35:20,2,13,true,true
712824,276558,Breeze,1,1:00:45,6,13,true,true
712824,276559,Split,0,49:22,7,13,true,true
712825,276561,Haven,0,1:22:35,16,14,true,true
712825,276562,Split,1,40:35,7,13,true,true
712825,276563,Ascent,,43:57,9,13,true,true
712826,276564,Ascent,0,1:12:14,13,11,true,true
712826,276565,Summit,1,57:18,14,12,true,true
712827,276567,Summit,0,1:17:18,16,14,true,true
712827,276568,Split,1,34:44,13,4,true,true
712828,276570,Lotus,0,1:12:14,10,13,true,true
712828,276571,Ascent,1,42:48,13,5,true,true
712828,276572,Sunset,,56:24,13,10,true,true
712829,276573,Haven,1,54:12,6,13,true,true
712829,276574,Ascent,0,53:04,10,13,true,true
712830,276576,Lotus,1,1:00:01,6,13,true,true
712830,276577,Haven,0,56:40,14,12,true,true
712830,276578,Split,,37:41,6,13,true,true
712831,276579,Lotus,0,1:00:40,13,11,true,true
712831,276580,Summit,1,53:14,11,13,true,true
712831,276581,Haven,,49:21,13,11,true,true
712832,276582,Sunset,0,1:03:32,13,7,true,true
712832,276583,Lotus,1,56:50,9,13,true,true
712832,276584,Ascent,,48:03,13,7,true,true
712833,276585,Summit,0,1:14:50,11,13,true,true
712833,276586,Ascent,1,32:29,0,13,true,true
71614,72128,Bind,0,35:45,13,6,true,true
71614,72129,Ascent,1,52:53,9,13,true,true
71614,72130,Haven,,33:37,13,4,true,true
71615,72131,Breeze,,40:09,13,3,true,true
71615,72132,Ascent,1,25:41,13,0,true,true
71616,72134,Haven,1,36:26,5,13,true,true
71616,72135,Fracture,0,52:47,12,14,true,true
71617,72137,Bind,0,54:26,13,6,true,true
71617,72138,Split,1,50:11,10,13,true,true
71617,72139,Breeze,,28:04,13,0,true,true
71618,72140,Breeze,0,42:17,3,13,true,true
71618,72141,Ascent,1,39:59,5,13,true,true
71619,72143,Haven,1,50:01,10,13,true,true
71619,72144,Ascent,0,52:22,12,14,true,true
71620,72146,Split,1,1:03:41,11,13,true,true
71620,72147,Bind,0,36:33,13,2,true,true
71620,72148,Haven,,36:50,13,4,true,true
71621,72149,Fracture,0,55:58,9,13,true,true
71621,72150,Haven,1,47:06,10,13,true,true
71622,72152,Haven,0,1:04:19,14,12,true,true
71622,72153,Bind,1,52:30,14,12,true,true
71623,72155,Breeze,1,41:00,9,13,true,true
71623,72156,Ascent,0,35:42,4,13,true,true
71624,72158,Fracture,1,43:13,13,6,true,true
71624,72159,Split,0,38:23,3,13,true,true
71624,72160,Ascent,,36:32,13,4,true,true
71625,72161,Ascent,1,44:20,13,4,true,true
71625,72162,Haven,0,1:56:59,13,5,true,true
71626,72164,Ascent,0,45:08,13,6,true,true
71626,72165,Breeze,1,47:36,14,12,true,true
71627,72167,Haven,0,57:55,13,10,true,true
71627,72168,Split,1,46:50,6,13,true,true
71627,72169,Ascent,,41:35,5,13,true,true
71628,72170,Split,0,51:36,4,13,true,true
71628,72171,Breeze,1,36:12,5,13,true,true
71629,72173,Haven,1,35:25,13,4,true,true
71629,72174,Bind,0,51:16,13,9,true,true
71630,72176,Bind,1,36:57,2,13,true,true
71630,72177,Haven,0,41:56,8,13,true,true
71631,72179,Haven,0,49:02,7,13,true,true
71631,72180,Bind,1,35:31,13,5,true,true
71631,72181,Breeze,,49:37,11,13,true,true
71632,72182,Icebox,1,40:00,13,3,true,true
71632,72183,Bind,0,51:24,13,8,true,true
71633,72185,Ascent,0,40:06,13,7,true,true
71633,72186,Bind,1,38:48,13,5,true,true
71634,72188,Bind,1,44:53,9,13,true,true
71634,72189,Ascent,0,37:13,13,5,true,true
71634,72190,Split,,51:08,13,10,true,true
71635,72191,Ascent,,48:12,9,13,true,true
71635,72192,Split,,31:28,1,13,true,true
71636,72194,Icebox,0,49:23,13,6,true,true
71636,72195,Bind,1,55:32,6,13,true,true
71636,72196,Haven,,27:17,3,13,true,true
71637,72197,Haven,0,54:42,13,9,true,true
71637,72198,Ascent,1,47:55,7,13,true,true
71637,72199,Fracture,,51:52,15,13,true,true
71638,72200,Bind,0,59:08,9,13,true,true
71638,72201,Split,1,44:45,6,13,true,true
71639,72203,Breeze,1,44:18,13,9,true,true
71639,72204,Haven,0,45:55,13,8,true,true
71640,72206,Fracture,0,1:19:55,18,16,true,true
71640,72207,Icebox,1,47:15,13,11,true,true
71641,72209,Ascent,1,55:38,11,13,true,true
71641,72210,Bind,0,45:50,9,13,true,true
724619,278571,Sunset,1,1:13:38,13,11,false,false
724619,278572,Lotus,0,39:22,13,6,false,false
724620,278574,Sunset,1,1:05:14,10,13,false,false
724620,278575,Summit,0,1:12:33,16,14,false,false
724620,279340,Ascent,,-,13,2,false,false
724621,278577,Summit,1,43:38,13,0,false,false
724621,278578,Sunset,0,55:23,11,13,false,false
724621,278579,Split,,45:10,8,13,false,false
724622,278580,Lotus,0,1:05:20,13,11,false,false
724622,278581,Haven,1,45:47,9,13,false,false
724622,278582,Summit,,43:05,8,13,false,false
724623,278583,Sunset,1,55:37,5,13,false,false
724623,278584,Split,0,50:55,13,8,false,false
724623,278585,Summit,,34:15,13,2,false,false
724624,278586,Sunset,0,57:55,13,7,false,false
724624,278587,Split,1,47:52,11,13,false,false
724624,278588,Ascent,,49:04,9,13,false,false
724625,278589,Haven,1,1:07:00,13,11,false,false
724625,278590,Ascent,0,46:53,8,13,false,false
724625,278591,Summit,,1:07:17,14,16,false,false
724626,278592,Breeze,0,49:18,10,13,false,false
724626,278593,Sunset,1,44:57,8,13,false,false
724627,278595,Ascent,1,1:10:43,11,13,false,false
724627,278596,Sunset,0,51:37,13,10,false,false
724627,278597,Haven,,37:06,13,6,false,false
724628,278598,Ascent,1,57:01,13,5,false,false
724628,278599,Lotus,0,44:20,13,7,false,false
724629,278601,Summit,0,1:12:16,13,11,false,false
724629,278602,Sunset,1,59:09,14,12,false,false
724630,278604,Summit,1,1:05:39,13,9,false,false
724630,278605,Ascent,0,35:12,1,13,false,false
724630,278606,Haven,,42:35,13,8,false,false
724631,278607,Breeze,1,56:06,13,6,false,false
724631,278608,Summit,0,48:24,13,9,false,false
724632,278610,Sunset,1,1:17:23,16,14,false,false
724632,278611,Ascent,0,37:01,4,13,false,false
724632,278612,Summit,,55:25,12,14,false,false
724633,278613,Sunset,1,1:07:12,13,10,false,false
724633,278614,Ascent,0,1:03:13,12,14,false,false
724633,278615,Summit,,54:31,9,13,false,false
724634,278616,Split,0,1:01:12,10,13,false,false
724634,278617,Sunset,1,42:12,8,13,false,false
724638,278619,Sunset,0,54:59,13,5,false,false
724638,278620,Haven,1,47:35,13,6,false,false
724639,278622,Summit,1,1:07:31,9,13,false,false
724639,278623,Split,0,45:11,7,13,false,false
724640,278625,Split,1,48:22,3,13,false,false
724640,278626,Lotus,0,37:19,13,5,false,false
724640,278627,Sunset,,51:35,13,10,false,false
724641,278628,Lotus,0,1:00:59,8,13,false,false
724641,278629,Sunset,1,1:05:53,16,14,false,false
724641,278630,Split,,50:45,13,9,false,false
724642,278631,Breeze,0,1:05:13,7,13,false,false
724642,278632,Summit,1,56:12,13,10,false,false
724642,278633,Ascent,,56:07,9,13,false,false
724643,278634,Lotus,0,1:12:56,11,13,false,false
724643,278635,Split,1,45:17,13,8,false,false
724643,278636,Haven,,39:49,5,13,false,false
724644,278637,Lotus,1,59:44,13,7,false,false
724644,278638,Split,0,48:07,13,8,false,false
724645,278640,Lotus,0,1:18:59,13,6,false,false
724645,278641,Split,1,44:27,7,13,false,false
724645,278642,Breeze,0,49:05,10,13,false,false
724645,278643,Summit,1,34:55,2,13,false,false
724646,278645,Summit,0,1:12:52,11,13,false,false
724646,278646,Sunset,1,43:27,8,13,false,false
724647,278648,Split,0,1:21:32,13,15,false,false
724647,278649,Lotus,1,1:04:42,15,13,false,false
724647,278650,Ascent,,52:18,13,9,false,false
724648,278651,Split,1,57:21,13,6,false,false
724648,278652,Lotus,0,39:28,5,13,false,false
724648,278653,Breeze,,36:47,3,13,false,false
724649,278655,Sunset,0,51:08,13,9,false,false
724649,280619,Split,1,1:15:38,14,12,false,false
724650,278657,Ascent,0,1:01:12,7,13,false,false
724650,278658,Summit,1,57:34,10,13,false,false
724651,278660,Sunset,1,1:15:18,12,14,false,false
724651,278661,Summit,0,44:13,6,13,false,false
724651,278662,Split,1,1:16:48,15,17,false,false
729664,278908,Lotus,1,1:08:13,13,5,true,true
729664,278909,Ascent,0,48:49,9,13,true,true
729664,278910,Summit,,50:12,13,9,true,true
729665,278911,Breeze,1,51:25,8,13,true,true
729665,278912,Split,0,41:52,13,7,true,true
729665,278913,Ascent,,59:19,13,15,true,true
729666,278914,Summit,0,1:00:17,5,13,true,true
729666,278915,Split,1,40:03,6,13,true,true
729667,278917,Lotus,1,48:48,13,3,true,true
729667,278918,Split,0,53:53,10,13,true,true
729667,278919,Haven,,57:24,11,13,true,true
729668,278920,Split,1,58:29,13,6,true,true
729668,278921,Sunset,0,43:15,13,10,true,true
729669,278923,Lotus,1,51:04,10,13,true,true
729669,278924,Split,0,57:06,14,12,true,true
729669,278925,Ascent,,42:59,13,7,true,true
729670,278926,Summit,1,1:12:59,13,9,true,true
729670,278927,Sunset,0,30:41,2,13,true,true
729670,278928,Ascent,,47:38,9,13,true,true
729671,278929,Summit,1,56:38,9,13,true,true
729671,278930,Lotus,0,42:23,6,13,true,true
729672,278932,Lotus,1,1:07:28,15,13,true,true
729672,278933,Ascent,0,47:40,13,9,true,true
729673,278935,Lotus,1,1:19:11,13,15,true,true
729673,278936,Split,0,48:51,10,13,true,true
729674,278938,Split,1,1:10:34,11,13,true,true
729674,278939,Haven,0,51:04,9,13,true,true
729675,278941,Sunset,1,1:10:21,15,13,true,true
729675,278942,Haven,0,57:00,11,13,true,true
729675,278943,Summit,,45:37,13,7,true,true
729676,278944,Lotus,1,58:56,13,6,true,true
729676,278945,Ascent,0,44:04,8,13,true,true
729676,278946,Split,,50:37,13,10,true,true
729677,278947,Sunset,1,53:31,6,13,true,true
729677,278948,Split,0,40:01,6,13,true,true
729678,278950,Lotus,0,1:16:12,13,11,true,true
729678,278951,Haven,1,48:15,13,7,true,true
729680,278953,Lotus,0,1:08:36,13,11,true,true
729680,278954,Breeze,1,46:08,13,8,true,true
729681,278956,Lotus,1,1:11:02,11,13,true,true
729681,278957,Split,0,39:38,7,13,true,true
729682,278959,Split,0,57:36,13,9,true,true
729682,278960,Lotus,1,42:39,13,8,true,true
729742,278962,Breeze,1,48:43,3,13,true,true
729742,278963,Sunset,0,30:47,13,1,true,true
729742,278964,Summit,,42:08,13,6,true,true
729743,278965,Ascent,0,45:17,13,5,true,true
729743,278966,Split,1,50:18,13,11,true,true
729744,278968,Ascent,1,1:03:10,11,13,true,true
729744,278969,Split,0,41:41,13,7,true,true
729744,278970,Sunset,,48:31,13,10,true,true
729745,278971,Lotus,1,53:12,7,13,true,true
729745,278972,Breeze,0,35:44,13,4,true,true
729745,278973,Split,,40:30,13,4,true,true
729746,278974,Breeze,0,53:32,13,6,true,true
729746,278975,Sunset,1,41:57,13,6,true,true
729747,278977,Ascent,1,1:03:25,10,13,true,true
729747,278978,Summit,0,39:08,3,13,true,true
729748,278980,Split,1,1:10:59,14,12,true,true
729748,278981,Haven,0,55:04,10,13,true,true
729748,278982,Breeze,,50:10,9,13,true,true
729749,278983,Breeze,1,47:58,6,13,true,true
729749,278984,Haven,0,41:51,13,6,true,true
729749,278985,Sunset,,57:28,13,11,true,true
729750,278986,Sunset,0,47:34,5,13,true,true
729750,278987,Ascent,1,48:44,13,9,true,true
729750,278988,Split,,36:08,13,5,true,true
729751,278989,Sunset,0,52:35,7,13,true,true
729751,278990,Breeze,1,45:01,13,7,true,true
729751,278991,Haven,,45:58,13,8,true,true
729752,278992,Lotus,1,58:45,8,13,true,true
729752,278993,Breeze,0,52:55,10,13,true,true
729753,278995,Breeze,1,1:07:01,14,12,true,true
729753,278996,Sunset,0,45:24,13,7,true,true
729754,278998,Haven,1,59:47,13,8,true,true
729754,278999,Split,0,47:33,13,10,true,true
729755,279001,Lotus,0,53:37,13,8,true,true
729755,279002,Ascent,1,55:57,13,11,true,true
729756,279004,Breeze,0,59:42,8,13,true,true
729756,279005,Ascent,1,37:42,5,13,true,true
729757,279007,Ascent,1,58:54,7,13,true,true
729757,279008,Haven,0,50:53,8,13,true,true
729758,279010,Lotus,1,50:49,6,13,true,true
729758,279011,Ascent,0,1:00:45,14,12,true,true
729758,279012,Haven,,45:19,8,13,true,true
729759,279013,Lotus,1,53:13,9,13,true,true
729759,279014,Sunset,0,53:46,13,9,true,true
729759,279015,Summit,,37:03,13,3,true,true
730535,279285,Lotus,0,1:07:29,13,10,true,true
730535,279286,Sunset,1,48:27,13,8,true,true
730536,279288,Haven,0,53:56,10,13,true,true
730536,279289,Sunset,1,32:27,13,1,true,true
730536,279290,Breeze,,45:55,6,13,true,true
730537,279291,Split,0,54:47,13,7,true,true
730537,279292,Haven,1,41:03,8,13,true,true
730537,279293,Summit,,32:16,13,4,true,true
730538,279294,Summit,0,52:08,13,8,true,true
730538,279295,Sunset,1,54:03,13,11,true,true
730539,279297,Lotus,1,1:09:58,11,13,true,true
730539,279298,Sunset,0,58:43,13,11,true,true
730539,279299,Haven,,40:23,6,13,true,true
730540,279300,Ascent,1,1:03:02,12,14,true,true
730540,279301,Sunset,0,52:03,13,9,true,true
730540,279302,Breeze,,54:29,10,13,true,true
730541,279303,Breeze,0,39:05,13,1,true,true
730541,279304,Lotus,1,46:36,13,8,true,true
730542,279306,Summit,1,52:14,13,9,true,true
730542,279307,Breeze,0,38:06,13,5,true,true
730543,279309,Haven,0,46:04,13,2,true,true
730543,279310,Ascent,1,1:08:18,14,16,true,true
730543,279311,Sunset,,54:36,13,9,true,true
730544,279312,Ascent,0,45:17,5,13,true,true
730544,279313,Haven,1,49:15,10,13,true,true
730545,279315,Ascent,0,1:04:38,11,13,true,true
730545,279316,Split,1,52:27,10,13,true,true
730546,279318,Summit,0,41:43,4,13,true,true
730546,279319,Sunset,1,54:20,13,11,true,true
730546,279320,Lotus,,44:00,13,7,true,true
730547,279322,Lotus,1,55:39,12,14,true,true
730547,279323,Breeze,,40:20,13,7,true,true
730547,280620,Ascent,0,1:05:11,13,9,true,true
730548,279324,Haven,1,59:19,13,11,true,true
730548,279325,Split,0,49:16,9,13,true,true
730548,279326,Sunset,,52:05,13,9,true,true
730549,279327,Sunset,1,55:05,13,6,true,true
730549,279328,Haven,0,51:19,13,10,true,true
730550,279330,Ascent,0,42:45,13,4,true,true
730550,279331,Split,1,35:48,13,3,true,true
730551,279333,Ascent,0,49:26,13,2,true,true
730551,279334,Haven,1,40:52,5,13,true,true
730551,279335,Breeze,,1:03:20,12,14,true,true
730552,279336,Ascent,1,51:24,13,7,true,true
730552,279337,Haven,0,43:16,13,8,true,true
731396,279397,Haven,1,51:21,11,13,true,true
731396,279398,Summit,0,53:00,11,13,true,true
731397,279400,Summit,1,1:00:23,13,6,true,true
731397,279401,Abyss,0,53:44,11,13,true,true
731397,279402,Lotus,,36:28,4,13,true,true
731398,279403,Summit,0,59:40,13,8,true,true
731398,279404,Haven,1,39:01,6,13,true,true
731398,279405,Ascent,,38:37,5,13,true,true
731399,279406,Haven,0,1:13:05,13,10,true,true
731399,279407,Abyss,1,48:40,9,13,true,true
731399,279408,Lotus,,42:13,13,6,true,true
731400,279409,Lotus,1,1:00:53,6,13,true,true
731400,279410,Haven,0,1:07:16,8,13,true,true
731401,279412,Sunset,0,1:12:54,13,7,true,true
731401,279413,Ascent,1,44:41,13,6,true,true
731401,279414,Lotus,0,43:03,7,13,true,true
731401,279415,Summit,1,50:56,13,10,true,true
731402,279417,Lotus,1,1:00:39,6,13,true,true
731402,279418,Split,0,29:03,13,1,true,true
731402,279419,Ascent,,29:57,13,1,true,true
731403,279420,Abyss,1,1:06:22,13,11,true,true
731403,279421,Ascent,0,53:49,11,13,true,true
731403,279422,Split,,42:31,7,13,true,true
731404,279423,Lotus,0,53:30,4,13,true,true
731404,279424,Abyss,1,58:06,12,14,true,true
731406,279426,Abyss,1,1:02:45,11,13,true,true
731406,279427,Summit,0,54:14,11,13,true,true
731407,279429,Haven,1,53:00,13,10,true,true
731407,279430,Lotus,0,51:32,13,10,true,true
731408,279432,Split,1,49:08,5,13,true,true
731408,279433,Ascent,0,37:38,8,13,true,true
731408,279434,Lotus,1,44:02,10,13,true,true
734302,280023,Haven,1,48:00,13,4,true,true
734302,280024,Summit,0,48:05,13,9,true,true
734303,280026,Abyss,0,53:32,13,7,true,true
734303,280027,Haven,1,34:54,13,3,true,true
734304,280029,Ascent,1,42:05,13,7,true,true
734304,280030,Abyss,0,48:37,11,13,true,true
734304,280031,Lotus,,42:48,13,5,true,true
734305,280032,Lotus,1,38:20,13,2,true,true
734305,280033,Summit,0,44:53,13,7,true,true
734307,280035,Abyss,0,43:50,3,13,true,true
734307,280036,Sunset,1,48:15,6,13,true,true
734308,280038,Split,0,42:06,7,13,true,true
734308,280039,Sunset,1,50:02,13,11,true,true
734308,280040,Ascent,0,57:09,14,12,true,true
734308,280041,Summit,1,32:34,1,13,true,true
734308,280042,Haven,,1:00:03,14,12,true,true
734309,280043,Haven,0,57:23,13,8,true,true
734309,280044,Sunset,1,48:06,10,13,true,true
734309,280045,Abyss,,37:32,5,13,true,true
734310,280046,Lotus,0,1:20:22,16,18,true,true
734310,280047,Sunset,1,52:06,13,10,true,true
734310,280048,Haven,,46:22,13,9,true,true
734311,280049,Split,0,1:01:45,13,10,true,true
734311,280050,Abyss,1,46:39,9,13,true,true
734311,280051,Summit,,45:32,8,13,true,true
734312,280052,Lotus,1,57:26,13,10,true,true
734312,280053,Sunset,0,49:36,13,10,true,true
734313,280055,Abyss,0,39:22,3,13,true,true
734313,280056,Summit,1,55:47,6,13,true,true
734314,280058,Abyss,0,55:04,10,13,true,true
734314,280059,Sunset,1,46:35,9,13,true,true
734314,280060,Summit,0,47:04,13,9,true,true
734314,280061,Haven,1,33:07,13,5,true,true
734314,280062,Lotus,,40:35,3,13,true,true
742476,281138,Abyss,1,1:01:26,7,13,true,true
742476,281139,Split,0,49:49,10,13,true,true
742477,281141,Lotus,1,59:01,13,11,true,true
742477,281142,Ascent,0,51:55,8,13,true,true
742477,281143,Abyss,,49:58,13,9,true,true
742478,281144,Ascent,1,1:00:42,8,13,true,true
742478,281145,Summit,0,51:06,13,9,true,true
742478,281146,Sunset,,49:57,11,13,true,true
742479,281147,Split,0,58:53,10,13,true,true
742479,281148,Summit,1,41:04,5,13,true,true
742480,281150,Haven,0,56:57,13,7,true,true
742480,281151,Ascent,1,48:10,12,14,true,true
742480,281152,Abyss,,42:34,13,6,true,true
742481,281153,Sunset,0,1:12:14,13,11,true,true
742481,281154,Split,1,31:33,13,2,true,true
742481,281155,Abyss,0,50:08,10,13,true,true
742481,281156,Lotus,1,37:11,5,13,true,true
742481,281157,Haven,,53:37,10,13,true,true
742482,281158,Abyss,1,59:55,13,11,true,true
742482,281159,Ascent,0,41:33,13,5,true,true
742483,281161,Lotus,1,58:11,10,13,true,true
742483,281162,Abyss,0,47:09,7,13,true,true
742484,281164,Lotus,1,56:15,13,6,true,true
742484,281165,Split,0,1:01:01,13,15,true,true
742484,281166,Sunset,,53:03,13,10,true,true
742485,281167,Lotus,1,1:03:03,5,13,true,true
742485,281168,Split,0,1:02:57,11,13,true,true
742486,281170,Haven,0,53:02,9,13,true,true
742486,281171,Lotus,1,51:37,9,13,true,true
742487,281173,Split,0,56:40,13,5,true,true
742487,281174,Lotus,1,48:45,10,13,true,true
742487,281175,Ascent,0,40:17,13,5,true,true
742487,281176,Haven,1,53:22,13,10,true,true
753444,283151,,,-,,,true,true
753444,283152,,,-,,,true,true
753444,283153,,,-,,,true,true
753445,283154,,,-,,,true,true
753445,283155,,,-,,,true,true
753445,283156,,,-,,,true,true
753446,283157,,,-,,,true,true
753446,283158,,,-,,,true,true
753446,283159,,,-,,,true,true
753447,283160,,,-,,,true,true
753447,283161,,,-,,,true,true
753447,283162,,,-,,,true,true
753448,283163,,,-,,,true,true
753448,283164,,,-,,,true,true
753448,283165,,,-,,,true,true
753449,283166,,,-,,,true,true
753449,283167,,,-,,,true,true
753449,283168,,,-,,,true,true
753450,283169,,,-,,,true,true
753450,283170,,,-,,,true,true
753450,283171,,,-,,,true,true
753451,283172,,,-,,,true,true
753451,283173,,,-,,,true,true
753451,283174,,,-,,,true,true
753452,283175,,,-,,,true,true
753452,283176,,,-,,,true,true
753452,283177,,,-,,,true,true
753453,283178,,,-,,,true,true
753453,283179,,,-,,,true,true
753453,283180,,,-,,,true,true
753454,283181,,,-,,,true,true
753454,283182,,,-,,,true,true
753454,283183,,,-,,,true,true
753455,283184,,,-,,,true,true
753455,283185,,,-,,,true,true
753455,283186,,,-,,,true,true
753456,283187,,,-,,,true,true
753456,283188,,,-,,,true,true
753456,283189,,,-,,,true,true
753457,283190,,,-,,,true,true
753457,283191,,,-,,,true,true
753457,283192,,,-,,,true,true
753458,283193,,,-,,,true,true
753458,283194,,,-,,,true,true
753458,283195,,,-,,,true,true
753459,283196,,,-,,,true,true
753459,283197,,,-,,,true,true
753459,283198,,,-,,,true,true
753460,283199,,,-,,,true,true
753460,283200,,,-,,,true,true
753460,283201,,,-,,,true,true
753461,283202,,,-,,,true,true
753461,283203,,,-,,,true,true
753461,283204,,,-,,,true,true
753462,283205,,,-,,,true,true
753462,283206,,,-,,,true,true
753462,283207,,,-,,,true,true
753463,283208,,,-,,,true,true
753463,283209,,,-,,,true,true
753463,283210,,,-,,,true,true
754730,283265,,,-,,,true,true
754730,283266,,,-,,,true,true
754730,283267,,,-,,,true,true
754731,283268,,,-,,,true,true
754731,283269,,,-,,,true,true
754731,283270,,,-,,,true,true
754732,283271,,,-,,,true,true
754732,283272,,,-,,,true,true
754732,283273,,,-,,,true,true
754733,283274,,,-,,,true,true
754733,283275,,,-,,,true,true
754733,283276,,,-,,,true,true
754734,283277,,,-,,,true,true
754734,283278,,,-,,,true,true
754734,283279,,,-,,,true,true
754735,283280,,,-,,,true,true
754735,283281,,,-,,,true,true
754735,283282,,,-,,,true,true
754736,283283,,,-,,,true,true
754736,283284,,,-,,,true,true
754736,283285,,,-,,,true,true
754737,283286,,,-,,,true,true
754737,283287,,,-,,,true,true
754737,283288,,,-,,,true,true
754737,283289,,,-,,,true,true
754737,283290,,,-,,,true,true
754738,283291,,,-,,,true,true
754738,283292,,,-,,,true,true
754738,283293,,,-,,,true,true
754739,283294,,,-,,,true,true
754739,283295,,,-,,,true,true
754739,283296,,,-,,,true,true
754740,283297,,,-,,,true,true
754740,283298,,,-,,,true,true
754740,283299,,,-,,,true,true
754741,283300,,,-,,,true,true
754741,283301,,,-,,,true,true
754741,283302,,,-,,,true,true
754742,283303,,,-,,,true,true
754742,283304,,,-,,,true,true
754742,283305,,,-,,,true,true
754743,283306,,,-,,,true,true
754743,283307,,,-,,,true,true
754743,283308,,,-,,,true,true
754743,283309,,,-,,,true,true
754743,283310,,,-,,,true,true
76231,74172,Haven,1,48:45,13,10,true,true
76231,74173,Bind,0,1:11:00,13,11,true,true
76232,74175,Ascent,0,1:29:24,15,13,true,true
76232,74176,Haven,1,51:41,10,13,true,true
76232,74177,Breeze,,47:29,13,8,true,true
76233,74178,Bind,0,49:44,5,13,true,true
76233,74179,Fracture,1,1:00:32,12,14,true,true
76234,74181,Haven,1,53:51,13,9,true,true
76234,74182,Split,0,42:31,13,7,true,true
76235,74184,Ascent,1,45:34,4,13,true,true
76235,74185,Bind,0,37:34,13,6,true,true
76235,74186,Haven,,51:11,11,13,true,true
76236,74187,Bind,1,1:08:34,7,13,true,true
76236,74188,Haven,0,53:02,11,13,true,true
76237,74190,Icebox,0,1:07:59,13,15,true,true
76237,74191,Split,1,35:17,4,13,true,true
76238,74193,Fracture,1,42:55,13,4,true,true
76238,74194,Split,0,46:31,8,13,true,true
76238,74195,Icebox,1,36:41,13,6,true,true
76238,74196,Breeze,0,1:10:58,11,13,true,true
76238,74197,Haven,,36:45,13,8,true,true
76240,74198,Haven,1,1:02:28,15,13,true,true
76240,74199,Breeze,0,43:24,7,13,true,true
76240,74200,Bind,,40:50,13,8,true,true
76241,74201,Breeze,0,1:11:14,13,10,true,true
76241,74202,Haven,1,35:33,5,13,true,true
76241,74203,Ascent,,1:04:21,13,6,true,true
76242,74204,Ascent,1,56:57,13,11,true,true
76242,74205,Haven,0,30:20,13,3,true,true
76243,74207,Ascent,1,1:09:58,11,13,true,true
76243,74208,Breeze,0,47:00,9,13,true,true
76244,74210,Split,1,55:06,8,13,true,true
76244,74211,Haven,0,41:20,13,6,true,true
76244,74212,Ascent,,43:15,13,7,true,true
76245,74213,Ascent,0,1:10:05,13,10,true,true
76245,74214,Bind,1,35:10,4,13,true,true
76245,74215,Haven,,55:28,12,14,true,true
76436,74366,Haven,,35:59,6,13,true,true
76436,74367,Bind,,29:19,2,13,true,true
76437,74369,Icebox,1,33:04,13,4,true,true
76437,74370,Fracture,0,35:47,4,13,true,true
76437,74371,Split,,27:40,1,13,true,true
76438,74372,Icebox,,43:20,13,8,true,true
76438,74373,Ascent,,44:05,13,7,true,true
76439,74375,Haven,,38:25,9,13,true,true
76439,74376,Bind,,41:46,8,13,true,true
76440,74378,Ascent,,21:33,13,2,true,true
76440,74379,Breeze,,37:43,13,8,true,true
76441,74381,Split,,29:10,13,3,true,true
76441,74382,Haven,,29:06,13,4,true,true
77428,74633,Fracture,1,57:17,13,9,true,true
77428,74634,Split,0,50:14,13,8,true,true
77429,74636,Ascent,1,45:18,13,6,true,true
77429,74637,Bind,0,45:32,13,11,true,true
77430,74639,Bind,1,54:48,8,13,true,true
77430,74640,Ascent,0,48:33,13,11,true,true
77430,74641,Haven,,32:51,13,2,true,true
77431,74642,Ascent,1,57:56,13,10,true,true
77431,74643,Haven,0,53:22,11,13,true,true
77431,74644,Icebox,,44:36,13,8,true,true
77432,74645,Ascent,1,55:56,13,8,true,true
77432,74646,Haven,0,44:48,8,13,true,true
77432,74647,Split,,46:43,13,7,true,true
77433,74648,Bind,0,53:52,8,13,true,true
77433,74649,Breeze,1,44:01,7,13,true,true
77434,74651,Breeze,1,55:24,13,8,true,true
77434,74652,Split,0,34:56,13,2,true,true
77435,74654,Haven,,42:41,4,13,true,true
77435,74655,Ascent,,54:31,12,14,true,true
77436,74657,Haven,0,58:01,13,9,true,true
77436,74658,Ascent,1,31:23,13,1,true,true
77436,74659,Bind,0,31:56,13,2,true,true
77437,74662,Haven,0,1:07:45,14,12,true,true
77437,74663,Fracture,1,40:15,13,4,true,true
77437,74664,Ascent,0,37:55,13,2,true,true
77527,74682,Bind,0,47:28,13,11,true,true
77527,74683,Haven,1,41:02,13,10,true,true
77528,74685,Bind,1,41:33,13,7,true,true
77528,74686,Ascent,0,55:11,12,14,true,true
77528,74687,Haven,,30:03,13,3,true,true
77529,74688,Bind,0,43:42,7,13,true,true
77529,74689,Icebox,1,41:27,9,13,true,true
77530,74691,Ascent,0,42:15,7,13,true,true
77530,74692,Breeze,1,51:41,12,14,true,true
77531,74694,Breeze,0,44:15,8,13,true,true
77531,74695,Haven,1,41:14,13,7,true,true
77531,74696,Icebox,,35:43,13,5,true,true
77532,74697,Breeze,0,47:03,13,11,true,true
77532,74698,Bind,1,35:03,4,13,true,true
77532,74699,Split,,1:01:18,12,14,true,true
77533,74700,Bind,1,37:36,13,4,true,true
77533,74701,Fracture,0,32:41,13,2,true,true
77534,74703,Haven,0,42:08,8,13,true,true
77534,74704,Fracture,1,34:15,5,13,true,true
77535,74706,Ascent,1,46:14,13,10,true,true
77535,74707,Haven,0,27:49,13,4,true,true
77537,74709,Ascent,1,40:08,13,6,true,true
77537,74710,Haven,0,41:36,13,8,true,true
77538,74712,Ascent,0,1:00:10,13,15,true,true
77538,74713,Bind,1,40:04,13,6,true,true
77538,74714,Haven,,39:38,13,7,true,true
77539,74715,Haven,1,37:58,6,13,true,true
77539,74716,Icebox,0,38:22,6,13,true,true
77540,74718,Haven,1,31:44,2,13,true,true
77540,74719,Ascent,0,28:11,1,13,true,true
77541,74721,Bind,1,55:52,14,12,true,true
77541,74722,Split,0,37:50,13,6,true,true
77541,74723,Haven,1,50:12,10,13,true,true
77541,74724,Icebox,0,44:37,13,10,true,true
77785,74744,Ascent,,59:51,14,12,true,true
77785,74745,Breeze,0,40:57,8,13,true,true
77785,74746,Haven,,44:24,13,6,true,true
77786,74747,Split,1,37:48,4,13,true,true
77786,74748,Ascent,0,50:57,13,9,true,true
77786,74749,Bind,,43:52,13,7,true,true
77787,74750,Bind,1,52:41,10,13,true,true
77787,74751,Ascent,0,48:29,13,8,true,true
77787,74752,Fracture,,1:05:28,13,15,true,true
77788,74753,Bind,1,46:25,13,6,true,true
77788,74754,Icebox,0,30:24,13,1,true,true
77789,74756,Haven,,54:01,12,14,true,true
77789,74757,Fracture,1,38:07,13,5,true,true
77789,74758,Ascent,,42:31,8,13,true,true
77790,74760,Icebox,1,41:50,5,13,true,true
77790,75938,Bind,0,51:32,10,13,true,true
77791,74762,Split,1,52:01,13,10,true,true
77791,74763,Bind,0,33:22,13,4,true,true
77792,74765,Ascent,0,57:32,13,9,true,true
77792,74766,Icebox,1,46:56,9,13,true,true
77792,74767,Breeze,0,29:34,2,13,true,true
77792,74768,Split,1,45:56,13,7,true,true
77792,74769,Haven,,45:22,11,13,true,true
77793,74770,Split,1,47:07,8,13,true,true
77793,74771,Breeze,0,46:13,7,13,true,true
77794,74773,Haven,1,39:40,7,13,true,true
77794,74774,Ascent,0,47:42,13,9,true,true
77794,74775,Fracture,,45:19,13,8,true,true
77795,74776,Breeze,1,39:03,5,13,true,true
77795,74778,Ascent,0,45:24,5,13,true,true
77796,74779,Breeze,0,49:04,10,13,true,true
77796,74780,Ascent,1,49:57,13,10,true,true
77796,74781,Fracture,,45:16,13,7,true,true
77797,74782,Haven,1,36:39,4,13,true,true
77797,74783,Split,0,59:17,13,11,true,true
77797,74784,Ascent,,35:58,2,13,true,true
77798,74785,Icebox,0,1:13:56,17,15,true,true
77798,74786,Haven,1,36:17,13,5,true,true
77798,74787,Split,0,51:57,13,10,true,true
77808,74802,Icebox,,43:06,13,5,true,true
77808,74803,Haven,,34:52,13,4,true,true
77809,74805,Ascent,,54:45,10,13,true,true
77809,74806,Fracture,,1:00:04,13,15,true,true
77810,74808,Breeze,1,30:43,13,1,true,true
77810,74809,Ascent,0,46:59,13,8,true,true
77811,74811,Breeze,0,57:06,11,13,true,true
77811,74812,Haven,1,53:37,14,12,true,true
77811,74813,Fracture,,28:07,13,1,true,true
77812,74814,Haven,0,48:30,13,11,true,true
77812,74815,Breeze,1,41:24,13,6,true,true
77812,74816,Ascent,0,36:55,13,4,true,true
77813,74817,Bind,0,32:45,13,4,true,true
77813,74818,Fracture,1,50:57,13,11,true,true
77813,74819,Ascent,0,31:30,13,4,true,true
77814,74822,Ascent,0,39:18,13,5,true,true
77814,74823,Split,1,44:03,7,13,true,true
77814,74824,Haven,,58:49,14,12,true,true
77815,74825,Breeze,0,51:30,13,11,true,true
77815,74826,Haven,1,53:29,13,10,true,true
77816,74828,Icebox,1,51:22,8,13,true,true
77816,74829,Breeze,0,47:01,9,13,true,true
77817,74833,Breeze,0,49:07,13,8,true,true
77817,74834,Ascent,1,48:42,13,11,true,true
77817,74835,Icebox,0,1:10:38,15,17,true,true
77817,74836,Haven,1,47:24,9,13,true,true
77817,74837,Split,,28:59,13,3,true,true
78791,75516,Fracture,0,45:35,13,10,true,true
78791,75517,Ascent,1,40:34,13,5,true,true
78792,75519,Fracture,1,43:28,13,8,true,true
78792,75520,Breeze,0,42:50,13,7,true,true
78793,75522,Haven,,33:48,13,4,true,true
78793,75523,Bind,,33:28,13,1,true,true
78794,75525,Bind,,48:37,13,9,true,true
78794,75526,Haven,,1:22:00,8,13,true,true
78794,75527,Split,,47:07,8,13,true,true
78796,75528,Haven,0,41:09,7,13,true,true
78796,75529,Bind,1,44:21,8,13,true,true
78797,75531,Breeze,0,59:33,13,15,true,true
78797,75532,Haven,1,46:34,13,9,true,true
78797,75533,Ascent,0,53:03,14,12,true,true
78797,75534,Fracture,1,34:39,4,13,true,true
78797,76251,Split,,41:40,6,13,true,true
79073,75793,Fracture,1,1:00:39,13,11,true,true
79073,75813,Bind,0,41:23,13,6,true,true
79074,75794,Split,1,49:32,9,13,true,true
79074,75811,Icebox,0,1:05:51,15,13,true,true
79074,75812,Haven,,42:24,8,13,true,true
79075,75795,Fracture,0,58:25,13,11,true,true
79075,75815,Bind,1,50:35,8,13,true,true
79075,75816,Split,,1:42:14,23,21,true,true
79076,75796,Split,1,51:27,13,10,true,true
79076,75817,Haven,0,49:55,13,9,true,true
79077,75797,Split,0,26:33,0,13,true,true
79077,76131,Haven,1,46:45,10,13,true,true
79078,75798,Icebox,1,43:06,13,6,true,true
79078,75799,Breeze,0,41:41,8,13,true,true
79078,75800,Ascent,1,44:14,13,7,true,true
79078,75801,Split,0,1:06:01,16,14,true,true
79079,75803,Breeze,1,54:00,13,11,true,true
79079,75819,Ascent,0,41:13,13,8,true,true
79080,75804,Icebox,1,47:55,8,13,true,true
79080,75821,Bind,0,51:56,10,13,true,true
79081,75805,Icebox,1,38:39,4,13,true,true
79081,75823,Split,0,39:48,4,13,true,true
79082,75806,Breeze,1,44:11,9,13,true,true
79082,75807,Icebox,0,33:20,2,13,true,true
79082,75808,Ascent,1,47:38,10,13,true,true
82602,76187,Icebox,,43:26,13,6,true,true
82602,76188,Haven,1,47:30,13,6,true,true
82602,76189,Split,0,1:08:02,14,12,true,true
84371,77014,Ascent,0,58:30,7,13,true,true
84371,77015,Split,1,58:15,8,13,true,true
84372,77017,Icebox,1,51:32,13,2,true,true
84372,77018,Haven,0,38:32,13,3,true,true
84373,77020,Icebox,1,59:48,10,13,true,true
84373,77021,Ascent,0,49:38,10,13,true,true
84374,77023,Fracture,0,43:08,5,13,true,true
84374,77024,Ascent,1,1:11:20,14,16,true,true
84644,77225,Icebox,0,1:03:58,4,13,true,true
84644,77226,Breeze,1,1:27:31,8,13,true,true
84645,77228,Fracture,1,54:13,7,13,true,true
84645,77229,Icebox,0,50:00,11,13,true,true
84646,77231,Split,1,56:01,13,6,true,true
84646,77233,Fracture,,1:12:07,12,14,true,true
84646,77715,Icebox,,52:40,10,13,true,true
84647,77234,Split,1,54:36,7,13,true,true
84647,77235,Icebox,0,56:56,13,11,true,true
84647,77236,Ascent,,1:14:54,15,17,true,true
84648,77237,Bind,1,45:58,13,5,true,true
84648,77238,Ascent,0,50:55,13,10,true,true
84649,77240,Fracture,0,58:57,9,13,true,true
84649,77241,Haven,1,37:16,6,13,true,true
85523,77482,Split,1,58:49,13,7,true,true
85523,77483,Bind,0,52:17,13,10,true,true
85524,77485,Icebox,0,50:03,7,13,true,true
85524,77486,Haven,1,40:55,13,7,true,true
85524,77487,Fracture,,59:17,11,13,true,true
85525,77488,Haven,1,1:13:20,13,10,true,true
85525,77489,Bind,0,45:49,8,13,true,true
85525,77490,Ascent,,49:54,8,13,true,true
85526,77491,Icebox,1,1:00:13,13,10,true,true
85526,77492,Haven,0,37:01,3,13,true,true
85526,77493,Ascent,,1:08:34,13,10,true,true
85527,77494,Ascent,1,44:10,5,13,true,true
85527,77495,Breeze,0,51:29,11,13,true,true
85528,77497,Ascent,1,1:00:25,13,8,true,true
85528,77498,Icebox,0,57:08,11,13,true,true
85528,77499,Split,,1:08:18,13,15,true,true
85529,77500,Fracture,1,46:07,2,13,true,true
85529,77501,Ascent,0,43:57,13,8,true,true
85529,77502,Icebox,,55:08,13,11,true,true
85530,77503,Ascent,0,1:03:21,9,13,true,true
85530,77504,Bind,1,1:02:24,12,14,true,true
85530,77505,Breeze,0,1:06:45,13,15,true,true
85531,77508,Fracture,0,1:01:40,13,7,true,true
85531,77509,Haven,1,37:40,4,13,true,true
85531,77510,Split,,46:27,13,7,true,true
85532,77511,Haven,1,49:49,13,10,true,true
85532,77512,Split,0,47:37,13,8,true,true
85533,77514,Icebox,1,1:06:38,11,13,true,true
85533,77515,Ascent,0,1:04:01,13,10,true,true
85533,77516,Split,,45:02,4,13,true,true
85534,77517,Split,1,54:00,10,13,true,true
85534,77518,Bind,0,39:57,7,13,true,true
85535,77520,Icebox,0,46:02,6,13,true,true
85535,77521,Haven,1,31:01,13,2,true,true
85535,77522,Split,,53:35,13,10,true,true
85536,77523,Haven,0,1:13:39,15,13,true,true
85536,77524,Fracture,1,41:19,13,5,true,true
85536,77525,Bind,0,45:10,13,8,true,true
98596,82784,Breeze,,47:06,11,13,true,true
98596,82785,Bind,,24:04,0,13,true,true
98597,82787,Bind,,47:35,13,7,true,true
98597,82788,Ascent,,35:48,7,13,true,true
98597,82789,Icebox,,50:11,13,10,true,true
98598,82790,Haven,,43:38,8,13,true,true
98598,82791,Ascent,,30:40,3,13,true,true
98599,82793,Bind,,1:04:49,16,14,true,true
98599,82794,Ascent,,59:17,15,13,true,true
98600,82796,Ascent,1,52:25,13,10,true,true
98600,82797,Icebox,0,45:30,9,13,true,true
98600,82798,Breeze,,44:55,9,13,true,true
98601,82799,Ascent,1,53:26,14,12,true,true
98601,82800,Icebox,0,43:27,7,13,true,true
98601,82801,Fracture,,26:18,2,13,true,true
98602,82802,Ascent,1,28:02,2,13,true,true
98602,82803,Breeze,0,45:02,8,13,true,true
98603,82805,Haven,1,42:02,7,13,true,true
98603,82806,Ascent,0,25:22,2,13,true,true
98604,82808,Haven,1,50:54,11,13,true,true
98604,82809,Split,0,48:48,9,13,true,true
98605,82811,Breeze,1,37:01,3,13,true,true
98605,82812,Icebox,0,39:35,6,13,true,true
98606,82814,Haven,,52:34,12,14,true,true
98606,82815,Ascent,,42:03,8,13,true,true
98607,82817,Haven,,48:53,14,12,true,true
98607,82818,Breeze,,40:00,8,13,true,true
98607,82819,Ascent,,46:12,9,13,true,true
98608,82820,Haven,1,43:58,13,10,true,true
98608,82821,Ascent,0,37:27,5,13,true,true
98608,82822,Bind,,28:30,4,13,true,true
98609,82823,Haven,0,50:37,11,13,true,true
98609,82824,Bind,1,34:44,4,13,true,true
98610,82826,Haven,1,36:12,8,13,true,true
98610,82827,Ascent,0,34:53,7,13,true,true
99067,83221,Ascent,1,34:16,13,3,true,true
99067,83222,Breeze,0,35:25,13,4,true,true
99068,83224,Breeze,1,47:27,6,13,true,true
99068,83225,Split,0,55:00,13,10,true,true
99068,83226,Icebox,,54:03,13,10,true,true
99069,83227,Bind,1,42:25,13,5,true,true
99069,83228,Haven,0,41:16,7,13,true,true
99069,83229,Icebox,,37:03,13,3,true,true
99070,83230,Fracture,1,48:56,13,9,true,true
99070,83231,Split,0,1:02:49,15,13,true,true
99071,83233,Haven,1,59:45,13,9,true,true
99071,83234,Split,0,52:20,9,13,true,true
99071,83235,Ascent,,49:53,13,11,true,true
99072,83236,Ascent,1,1:15:20,9,13,true,true
99072,83237,Bind,0,59:52,14,12,true,true
99072,83238,Haven,,55:39,11,13,true,true
99073,83239,Bind,0,1:24:11,8,13,true,true
99073,83240,Ascent,1,36:29,3,13,true,true
99074,83242,Fracture,0,35:32,13,5,true,true
99074,83243,Breeze,1,33:13,13,3,true,true
99075,83245,Ascent,0,1:13:13,13,11,true,true
99075,83246,Fracture,1,1:13:53,15,13,true,true
99076,83248,Breeze,0,43:23,13,6,true,true
99076,83249,Split,1,52:06,13,9,true,true
99077,83251,Split,0,44:03,7,13,true,true
99077,83252,Ascent,1,55:51,14,12,true,true
99077,83253,Haven,,48:19,10,13,true,true
99078,83254,Haven,0,51:26,10,13,true,true
99078,83255,Bind,1,36:46,13,5,true,true
99078,83256,Split,,38:26,13,6,true,true
99079,83257,Ascent,1,45:40,13,5,true,true
99079,83258,Bind,0,58:48,11,13,true,true
99079,83259,Fracture,,45:17,8,13,true,true
99080,83260,Haven,0,50:20,13,10,true,true
99080,83261,Breeze,1,37:37,13,6,true,true
99081,83263,Breeze,0,53:21,13,11,true,true
99081,83264,Haven,1,46:24,13,10,true,true
99082,83266,Fracture,0,27:56,0,13,true,true
99082,83267,Bind,1,44:18,9,13,true,true
99083,83269,Icebox,1,47:25,8,13,true,true
99083,83270,Haven,0,37:14,6,13,true,true
99084,83272,Split,0,1:13:58,15,17,true,true
99084,83273,Fracture,1,34:38,2,13,true,true
99086,83275,Ascent,1,55:24,13,11,true,true
99086,83276,Split,0,55:40,10,13,true,true
99086,83277,Haven,,39:24,13,5,true,true
99087,83278,Icebox,1,46:52,9,13,true,true
99087,83279,Fracture,0,53:40,13,11,true,true
99087,83280,Ascent,,36:54,13,6,true,true
99244,83435,Ascent,1,46:03,6,13,true,true
99244,83436,Icebox,0,1:17:36,18,16,true,true
99244,83437,Fracture,,42:07,13,6,true,true
99245,83438,Icebox,0,44:50,7,13,true,true
99245,83439,Split,1,1:04:31,12,14,true,true
99246,83441,Fracture,0,39:16,13,3,true,true
99246,83442,Ascent,1,40:25,5,13,true,true
99246,83443,Icebox,,57:12,13,10,true,true
99247,83444,Icebox,1,42:26,13,5,true,true
99247,83445,Split,0,43:24,13,7,true,true
99248,83447,Ascent,1,51:20,13,9,true,true
99248,83448,Haven,0,46:35,13,6,true,true
99249,83450,Fracture,1,1:00:20,14,12,true,true
99249,83451,Icebox,0,56:38,13,11,true,true
99481,83608,Haven,0,39:03,13,6,true,true
99481,83609,Bind,1,52:59,12,14,true,true
99481,83610,Ascent,,40:18,13,8,true,true
99482,83611,Ascent,1,42:02,13,9,true,true
99482,83612,Haven,0,43:23,13,9,true,true
99483,83614,Breeze,1,41:15,13,8,true,true
99483,83615,Haven,0,37:32,13,7,true,true
99484,83617,Ascent,,38:27,7,13,true,true
99484,83618,Bind,,41:37,8,13,true,true
99485,83620,Icebox,,38:08,6,13,true,true
99485,83621,Ascent,,27:15,13,2,true,true
99485,83622,Haven,,43:52,13,10,true,true
99486,83623,Icebox,0,1:32:27,21,19,true,true
99486,83624,Ascent,1,38:03,13,5,true,true
99487,83626,Ascent,0,40:35,13,9,true,true
99487,83627,Bind,1,30:15,13,4,true,true
99488,83629,Fracture,,41:03,13,7,true,true
99488,83630,Ascent,,50:39,9,13,true,true
99488,83631,Haven,,44:08,13,8,true,true
99489,83632,Haven,0,38:35,6,13,true,true
99489,83633,Icebox,1,38:36,5,13,true,true
99490,83635,Bind,1,36:46,13,5,true,true
99490,83636,Haven,0,39:01,13,8,true,true
99491,83638,Fracture,0,37:36,13,5,true,true
99491,83639,Haven,1,45:09,13,8,true,true
99492,83641,Split,1,48:25,9,13,true,true
99492,83642,Ascent,0,33:37,13,4,true,true
99492,83643,Haven,,45:55,13,9,true,true
99493,83644,Icebox,0,33:33,4,13,true,true
99493,83645,Ascent,1,45:48,10,13,true,true
99494,83647,Split,0,33:32,13,5,true,true
99494,83648,Haven,1,38:59,13,9,true,true
99495,83650,Icebox,1,26:15,2,13,true,true
99495,83651,Bind,0,50:41,13,10,true,true
99495,83652,Ascent,,43:38,13,9,true,true
99580,83749,Fracture,0,1:05:36,14,16,true,true
99580,83750,Split,1,53:33,9,13,true,true
99581,83752,Haven,0,36:22,4,13,true,true
99581,83753,Icebox,1,29:25,0,13,true,true
99582,85498,Fracture,1,48:35,13,9,true,true
99582,85500,Ascent,0,51:46,13,10,true,true
99583,83758,Icebox,0,55:31,10,13,true,true
99583,83759,Fracture,1,53:24,13,11,true,true
99583,83760,Haven,,45:24,6,13,true,true
99584,83761,Ascent,0,43:27,5,13,true,true
99584,83762,Bind,1,39:19,13,4,true,true
99584,83763,Icebox,,41:47,3,13,true,true
99585,83764,Bind,1,45:54,13,7,true,true
99585,83765,Ascent,0,50:15,8,13,true,true
99585,83766,Icebox,,46:23,9,13,true,true
99586,83767,Split,0,42:24,3,13,true,true
99586,83768,Icebox,1,45:05,13,6,true,true
99586,83769,Fracture,,41:40,4,13,true,true
99587,83770,Ascent,0,52:05,13,9,true,true
99587,83771,Breeze,1,54:47,10,13,true,true
99587,83772,Fracture,,1:07:16,13,11,true,true
99588,83773,Bind,1,49:16,13,9,true,true
99588,83774,Ascent,0,50:23,9,13,true,true
99588,83775,Haven,,38:02,7,13,true,true
99589,83776,Ascent,0,37:22,4,13,true,true
99589,83777,Icebox,1,43:49,8,13,true,true
99590,83779,Fracture,0,47:49,8,13,true,true
99590,83780,Breeze,1,32:53,5,13,true,true
99591,83782,Breeze,1,50:47,11,13,true,true
99591,83783,Fracture,0,26:05,1,13,true,true
99592,83785,Split,0,40:28,3,13,true,true
99592,83786,Icebox,1,53:21,13,10,true,true
99592,83787,Bind,,56:46,13,11,true,true
99593,83788,Haven,1,55:43,11,13,true,true
99593,83789,Bind,0,52:23,13,11,true,true
99593,83790,Split,,1:04:58,14,16,true,true
99594,83791,Ascent,1,50:58,13,9,true,true
99594,83792,Bind,0,51:23,13,9,true,true
99595,83794,Haven,0,39:48,6,13,true,true
99595,83795,Bind,1,33:13,3,13,true,true
99596,83797,Bind,1,1:22:21,12,14,true,true
99596,83798,Ascent,0,53:19,10,13,true,true
99597,83800,Split,1,47:25,7,13,true,true
99597,83801,Bind,0,34:33,4,13,true,true
99598,83803,Bind,0,41:16,13,6,true,true
99598,83804,Breeze,1,45:10,9,13,true,true
99598,83805,Split,,47:26,13,10,true,true
99599,83806,Icebox,1,56:05,8,13,true,true
99599,83807,Fracture,0,45:35,7,13,true,true
99600,83809,Icebox,1,46:37,13,7,true,true
99600,83810,Breeze,0,59:27,11,13,true,true
99600,83811,Haven,,58:02,13,11,true,true
99601,83812,Breeze,0,42:21,7,13,true,true
99601,83813,Ascent,1,53:22,13,11,true,true
99601,83814,Fracture,,1:10:37,17,15,true,true
99602,83815,Ascent,0,47:22,6,13,true,true
99602,83816,Haven,1,47:20,10,13,true,true
99603,83818,Icebox,0,46:35,13,9,true,true
99603,83819,Split,1,54:12,10,13,true,true
99603,83820,Bind,,52:24,13,11,true,true
99686,83939,Fracture,1,40:22,5,13,true,true
99686,83940,Bind,0,45:11,6,13,true,true
99687,83942,Bind,1,58:33,13,11,true,true
99687,83943,Breeze,0,1:05:55,14,16,true,true
99687,83944,Fracture,,38:29,13,4,true,true
99688,83945,Ascent,1,46:18,13,8,true,true
99688,83946,Fracture,0,55:07,13,9,true,true
99689,83948,Haven,0,53:21,13,11,true,true
99689,83949,Fracture,1,51:43,13,9,true,true
99690,83951,Breeze,0,1:04:11,15,13,true,true
99690,83952,Ascent,1,51:45,13,10,true,true
99691,83954,Icebox,1,1:06:55,15,13,true,true
99691,83955,Fracture,0,48:30,13,9,true,true
99692,83957,Fracture,1,1:01:45,11,13,true,true
99692,83958,Icebox,0,1:02:52,12,14,true,true
99693,83960,Haven,1,34:41,13,1,true,true
99693,83961,Ascent,0,45:26,8,13,true,true
99693,83962,Fracture,,44:58,13,8,true,true
99694,83963,Split,1,1:00:15,13,10,true,true
99694,83964,Haven,0,38:39,13,6,true,true
99695,83966,Ascent,1,56:11,13,11,true,true
99695,83967,Icebox,0,45:48,13,10,true,true
99696,83969,Icebox,1,43:59,4,13,true,true
99696,83970,Ascent,0,42:10,13,5,true,true
99696,83971,Haven,,53:15,13,10,true,true
99697,83972,Bind,1,53:49,13,8,true,true
99697,83973,Split,0,58:34,13,9,true,true
99704,83993,Haven,1,56:31,13,10,true,true
99704,83994,Icebox,0,44:45,13,7,true,true
99705,83996,Icebox,1,42:36,7,13,true,true
99705,83997,Bind,0,33:41,2,13,true,true
99706,83999,Fracture,1,37:02,5,13,true,true
99706,84000,Bind,0,42:29,8,13,true,true
99707,84002,Breeze,1,34:34,13,4,true,true
99707,84003,Bind,0,50:59,13,9,true,true
99708,84005,Fracture,1,35:34,13,5,true,true
99708,84006,Haven,0,40:24,13,8,true,true
99709,84008,Haven,0,40:22,13,6,true,true
99709,84009,Breeze,1,37:55,13,5,true,true
99710,84011,Split,1,1:03:37,14,12,true,true
99710,84012,Icebox,0,44:18,6,13,true,true
99710,84013,Haven,,55:40,11,13,true,true
99711,84014,Bind,,47:34,13,8,true,true
99711,84015,Split,0,58:38,11,13,true,true
99711,84016,Ascent,,49:53,13,11,true,true
99712,84017,Fracture,1,49:54,11,13,true,true
99712,84018,Haven,0,58:23,14,16,true,true
99713,84020,Breeze,1,50:06,9,13,true,true
99713,84021,Split,0,1:04:15,13,15,true,true
99714,84023,Icebox,0,50:40,9,13,true,true
99714,84024,Bind,1,36:59,4,13,true,true
99715,84026,Fracture,1,56:06,11,13,true,true
99715,84027,Icebox,0,51:16,9,13,true,true
99716,84029,Split,0,42:56,13,9,true,true
99716,84030,Haven,1,42:04,13,9,true,true
99717,84032,Icebox,1,1:02:07,15,13,true,true
99717,84033,Breeze,0,45:14,13,9,true,true
99718,84035,Bind,0,54:15,11,13,true,true
99718,84036,Haven,1,54:40,13,10,true,true
99718,84037,Split,,49:21,13,6,true,true
99719,84038,Breeze,1,53:53,11,13,true,true
99719,84039,Icebox,0,44:25,6,13,true,true
99720,84041,Haven,1,30:49,13,2,true,true
99720,84042,Ascent,0,41:07,13,7,true,true
99721,84044,Split,1,55:53,14,12,true,true
99721,84045,Ascent,0,47:10,13,8,true,true
