player_id,player_name,primary_role,map_name,maps_played,rounds_played,adr,kast_pct,fkpr,opening_win_pct,map_win_pct
4,crashies,initiator,Abyss,4,91,141.3,73.8,0.088,0.667,75.0
4,crashies,initiator,Ascent,4,88,123.6,64.9,0.034,0.3,25.0
4,crashies,initiator,Bind,6,154,102.3,65.8,0.039,0.4,50.0
4,crashies,initiator,Breeze,7,152,128.8,70.3,0.046,0.583,42.9
4,crashies,initiator,Corrode,4,101,135.1,71.4,0.03,0.375,50.0
4,crashies,initiator,Fracture,2,41,148.6,83.0,0.146,0.857,100.0
4,crashies,initiator,Haven,6,127,116.7,68.6,0.039,0.417,16.7
4,crashies,initiator,Lotus,6,105,125.8,72.3,0.057,0.462,50.0
4,crashies,initiator,Split,10,233,113.5,76.6,0.043,0.625,70.0
4,crashies,initiator,Summit,4,103,129.4,68.9,0.019,0.222,25.0
4,crashies,initiator,Sunset,2,41,112.7,73.3,0.049,0.5,100.0
53,Inspire,controller,Abyss,3,64,125.3,58.1,0.078,0.455,0.0
53,Inspire,controller,Bind,1,22,149.0,86.0,0.182,0.571,100.0
53,Inspire,controller,Breeze,2,43,143.0,74.7,0.023,1.0,100.0
53,Inspire,controller,Corrode,2,47,128.0,66.2,0.064,0.3,50.0
53,Inspire,controller,Pearl,2,56,146.2,67.8,0.054,0.375,50.0
53,Inspire,controller,Split,1,24,136.0,83.0,0.208,0.833,0.0
195,Desmo,Flex,Bind,1,20,108.0,65.0,0.05,0.25,100.0
195,Desmo,Flex,Breeze,1,22,57.0,86.0,0.045,0.25,100.0
195,Desmo,Flex,Haven,1,16,142.0,63.0,0.125,0.4,0.0
261,Victor,duelist,Breeze,1,22,128.0,59.0,0.273,0.6,0.0
261,Victor,duelist,Lotus,1,21,114.0,52.0,0.19,0.444,0.0
263,Marved,controller,Haven,1,24,116.0,71.0,0.0,0.0,0.0
263,Marved,controller,Lotus,1,30,120.0,73.0,0.067,0.333,100.0
263,Marved,controller,Summit,1,17,100.0,94.0,0.059,0.5,100.0
309,paTiTek,controller,Abyss,3,72,97.7,69.4,0.069,0.625,66.7
309,paTiTek,controller,Haven,2,47,122.4,74.6,0.085,0.667,50.0
309,paTiTek,controller,Lotus,6,116,103.1,67.0,0.06,0.389,50.0
309,paTiTek,controller,Split,2,46,128.5,84.5,0.109,0.714,100.0
309,paTiTek,controller,Summit,2,41,108.0,65.7,0.073,0.5,50.0
384,Shao,controller,Abyss,1,20,134.0,50.0,0.15,0.6,0.0
384,Shao,controller,Bind,3,77,116.8,71.5,0.104,0.667,33.3
384,Shao,controller,Breeze,2,36,72.7,64.1,0.0,0.0,50.0
384,Shao,controller,Haven,3,62,108.3,66.4,0.081,0.625,33.3
384,Shao,controller,Split,3,66,83.7,69.9,0.061,0.364,66.7
438,Boaster,controller,Abyss,4,91,82.4,72.9,0.066,0.5,75.0
438,Boaster,controller,Ascent,4,88,84.2,69.4,0.034,0.2,25.0
438,Boaster,controller,Bind,6,154,104.4,80.6,0.013,0.2,50.0
438,Boaster,controller,Breeze,7,152,91.0,63.3,0.072,0.55,42.9
438,Boaster,controller,Corrode,4,101,96.4,63.6,0.089,0.5,50.0
438,Boaster,controller,Fracture,2,41,120.8,75.5,0.0,0.0,100.0
438,Boaster,controller,Haven,6,127,95.5,62.4,0.071,0.474,16.7
438,Boaster,controller,Lotus,6,105,110.2,73.3,0.057,0.4,50.0
438,Boaster,controller,Split,10,233,84.7,67.9,0.034,0.276,70.0
438,Boaster,controller,Summit,4,103,105.0,66.0,0.078,0.348,25.0
438,Boaster,controller,Sunset,2,41,95.8,75.8,0.024,0.333,100.0
457,nAts,Flex,Abyss,5,116,123.4,64.6,0.06,0.333,60.0
457,nAts,Flex,Ascent,6,124,140.6,68.6,0.065,0.348,66.7
457,nAts,Flex,Bind,7,144,173.0,74.4,0.083,0.571,85.7
457,nAts,Flex,Breeze,10,216,143.4,71.0,0.079,0.436,70.0
457,nAts,Flex,Corrode,4,80,127.1,72.4,0.125,0.833,25.0
457,nAts,Flex,Fracture,1,15,100.0,53.0,0.067,1.0,0.0
457,nAts,Flex,Haven,5,122,132.7,71.4,0.107,0.5,40.0
457,nAts,Flex,Lotus,10,209,140.1,74.7,0.091,0.487,70.0
457,nAts,Flex,Pearl,7,154,139.9,74.6,0.078,0.444,57.1
457,nAts,Flex,Split,10,204,146.8,75.4,0.083,0.472,70.0
457,nAts,Flex,Summit,4,90,138.9,71.2,0.067,0.429,50.0
457,nAts,Flex,Sunset,1,20,107.0,65.0,0.05,0.25,0.0
458,Chronicle,sentinel,Abyss,5,100,145.1,70.2,0.1,0.556,40.0
458,Chronicle,sentinel,Ascent,5,106,155.2,78.2,0.113,0.632,40.0
458,Chronicle,sentinel,Bind,3,61,115.5,62.5,0.082,0.556,0.0
458,Chronicle,sentinel,Breeze,12,237,152.2,72.7,0.097,0.561,66.7
458,Chronicle,sentinel,Corrode,3,57,148.4,79.2,0.105,0.6,100.0
458,Chronicle,sentinel,Fracture,2,42,136.7,71.7,0.095,0.4,50.0
458,Chronicle,sentinel,Haven,11,260,138.4,70.3,0.119,0.484,36.4
458,Chronicle,sentinel,Lotus,10,202,140.8,76.7,0.089,0.439,60.0
458,Chronicle,sentinel,Pearl,6,134,134.7,69.6,0.149,0.513,83.3
458,Chronicle,sentinel,Split,11,228,147.6,75.0,0.053,0.444,54.5
458,Chronicle,sentinel,Summit,1,19,189.0,79.0,0.368,0.875,100.0
458,Chronicle,sentinel,Sunset,2,42,110.9,69.2,0.119,0.556,50.0
485,stax,initiator,Abyss,2,56,123.0,76.6,0.071,0.8,100.0
485,stax,initiator,Ascent,4,79,109.3,69.5,0.051,0.444,50.0
485,stax,initiator,Bind,6,120,87.6,73.3,0.05,0.545,83.3
485,stax,initiator,Breeze,10,190,134.5,73.2,0.063,0.571,60.0
485,stax,initiator,Corrode,1,22,132.0,82.0,0.182,0.8,0.0
485,stax,initiator,Haven,11,243,114.2,74.0,0.033,0.444,63.6
485,stax,initiator,Lotus,10,212,120.8,75.9,0.08,0.708,80.0
485,stax,initiator,Pearl,8,169,125.4,75.8,0.065,0.579,75.0
485,stax,initiator,Split,7,158,107.4,71.1,0.044,0.438,57.1
488,Rb,controller,Abyss,7,146,114.5,73.4,0.075,0.579,57.1
488,Rb,controller,Ascent,6,125,101.6,71.1,0.04,0.263,50.0
488,Rb,controller,Bind,4,82,113.8,81.6,0.037,0.6,100.0
488,Rb,controller,Breeze,8,167,116.1,72.4,0.048,0.421,75.0
488,Rb,controller,Corrode,5,115,117.4,72.2,0.104,0.706,80.0
488,Rb,controller,Fracture,3,77,102.1,74.3,0.026,0.222,66.7
488,Rb,controller,Haven,14,283,111.3,72.8,0.049,0.326,57.1
488,Rb,controller,Lotus,3,60,87.6,58.4,0.1,0.545,0.0
488,Rb,controller,Pearl,3,63,108.7,84.0,0.048,0.429,100.0
488,Rb,controller,Split,11,240,107.7,73.3,0.038,0.375,54.5
488,Rb,controller,Summit,2,44,125.0,70.5,0.023,0.2,50.0
488,Rb,controller,Sunset,5,115,154.5,78.3,0.122,0.583,80.0
565,starxo,initiator,Abyss,4,92,118.7,67.5,0.076,0.583,50.0
565,starxo,initiator,Ascent,5,98,119.2,68.5,0.092,0.429,40.0
565,starxo,initiator,Bind,6,129,104.6,70.7,0.07,0.5,66.7
565,starxo,initiator,Corrode,3,72,107.2,55.3,0.028,0.182,0.0
565,starxo,initiator,Fracture,3,54,122.4,73.9,0.056,0.273,66.7
565,starxo,initiator,Haven,10,236,119.6,67.9,0.055,0.419,50.0
565,starxo,initiator,Lotus,6,130,101.7,68.4,0.046,0.4,33.3
565,starxo,initiator,Pearl,8,183,142.5,77.6,0.077,0.583,87.5
565,starxo,initiator,Split,9,172,111.7,66.9,0.064,0.55,33.3
565,starxo,initiator,Summit,1,22,129.0,64.0,0.091,0.5,0.0
565,starxo,initiator,Sunset,4,86,135.3,69.9,0.14,0.571,50.0
573,cNed,duelist,Abyss,3,62,89.6,56.4,0.129,0.4,33.3
573,cNed,duelist,Bind,1,26,121.0,69.0,0.077,0.4,100.0
573,cNed,duelist,Breeze,2,44,102.5,68.2,0.114,0.385,0.0
573,cNed,duelist,Fracture,1,24,123.0,79.0,0.25,0.75,0.0
573,cNed,duelist,Haven,2,43,125.5,55.9,0.093,0.308,0.0
573,cNed,duelist,Lotus,2,41,130.7,58.9,0.146,0.353,0.0
573,cNed,duelist,Pearl,2,43,121.6,67.4,0.14,0.6,50.0
573,cNed,duelist,Split,7,147,116.0,66.6,0.102,0.429,14.3
601,Asuna,Flex,Abyss,3,52,140.5,84.6,0.077,0.5,66.7
601,Asuna,Flex,Ascent,3,70,178.3,82.7,0.1,0.875,100.0
601,Asuna,Flex,Bind,5,110,131.9,75.4,0.082,0.6,80.0
601,Asuna,Flex,Breeze,10,196,144.4,75.6,0.112,0.468,60.0
601,Asuna,Flex,Corrode,3,64,115.0,78.4,0.063,0.444,66.7
601,Asuna,Flex,Fracture,2,46,175.2,74.0,0.109,0.385,50.0
601,Asuna,Flex,Haven,9,206,114.6,68.1,0.092,0.432,66.7
601,Asuna,Flex,Lotus,3,58,149.7,77.6,0.121,0.583,33.3
601,Asuna,Flex,Pearl,7,141,114.6,74.6,0.085,0.5,42.9
601,Asuna,Flex,Split,10,230,118.3,78.3,0.07,0.39,50.0
601,Asuna,Flex,Summit,3,55,146.8,72.7,0.073,0.5,66.7
601,Asuna,Flex,Sunset,4,101,167.1,75.6,0.119,0.462,50.0
619,C0M,initiator,Abyss,4,87,94.6,64.3,0.08,0.389,50.0
619,C0M,initiator,Ascent,2,43,115.4,70.1,0.023,0.25,0.0
619,C0M,initiator,Bind,3,74,90.3,62.1,0.027,0.4,0.0
619,C0M,initiator,Breeze,6,123,113.4,70.0,0.041,0.417,33.3
619,C0M,initiator,Corrode,2,41,108.4,75.8,0.024,0.333,50.0
619,C0M,initiator,Fracture,1,21,96.0,76.0,0.0,0.0,0.0
619,C0M,initiator,Haven,11,249,123.5,71.9,0.044,0.367,54.5
619,C0M,initiator,Lotus,1,23,92.0,74.0,0.087,0.5,0.0
619,C0M,initiator,Pearl,4,94,117.1,68.5,0.064,0.429,25.0
619,C0M,initiator,Split,2,46,140.5,78.4,0.043,0.333,50.0
619,C0M,initiator,Summit,3,66,81.1,53.1,0.045,0.375,0.0
619,C0M,initiator,Sunset,4,88,89.9,55.7,0.034,0.333,25.0
651,frz,initiator,Ascent,1,24,108.0,63.0,0.083,0.5,100.0
651,frz,initiator,Haven,1,21,92.0,76.0,0.095,0.667,0.0
651,frz,initiator,Split,2,43,104.8,67.5,0.023,0.5,0.0
651,frz,initiator,Sunset,1,23,112.0,70.0,0.0,0.0,0.0
683,pANcada,controller,Abyss,2,50,95.6,82.1,0.06,0.75,0.0
683,pANcada,controller,Bind,1,19,125.0,68.0,0.105,1.0,0.0
683,pANcada,controller,Breeze,1,24,138.0,71.0,0.042,1.0,100.0
683,pANcada,controller,Haven,2,38,106.6,73.5,0.053,0.4,0.0
683,pANcada,controller,Pearl,1,15,111.0,80.0,0.0,0.0,0.0
727,saadhak,controller,Ascent,3,67,107.5,74.5,0.104,0.467,66.7
727,saadhak,controller,Bind,2,36,149.8,72.4,0.111,0.444,50.0
727,saadhak,controller,Breeze,9,191,110.9,65.5,0.042,0.296,22.2
727,saadhak,controller,Haven,5,108,130.1,71.5,0.093,0.588,60.0
727,saadhak,controller,Lotus,9,197,129.5,76.1,0.152,0.566,77.8
727,saadhak,controller,Split,4,71,105.2,57.7,0.056,0.308,25.0
727,saadhak,controller,Summit,3,54,100.4,70.4,0.019,0.125,33.3
727,saadhak,controller,Sunset,5,90,120.2,67.9,0.056,0.455,40.0
729,Zellsis,Flex,Abyss,2,39,83.3,82.2,0.051,1.0,50.0
729,Zellsis,Flex,Bind,2,40,103.3,70.3,0.05,0.333,50.0
729,Zellsis,Flex,Breeze,11,230,101.8,69.8,0.07,0.552,54.5
729,Zellsis,Flex,Corrode,1,24,101.0,67.0,0.0,0.0,0.0
729,Zellsis,Flex,Haven,6,124,103.4,68.6,0.065,0.4,50.0
729,Zellsis,Flex,Lotus,5,104,108.0,62.4,0.087,0.409,0.0
729,Zellsis,Flex,Pearl,6,132,84.1,68.4,0.038,0.278,33.3
729,Zellsis,Flex,Split,10,225,126.6,74.6,0.116,0.578,90.0
729,Zellsis,Flex,Summit,2,38,89.8,71.0,0.026,0.5,0.0
729,Zellsis,Flex,Sunset,3,64,91.6,65.7,0.078,0.556,0.0
754,nerve,controller,Abyss,4,83,125.8,73.6,0.048,0.364,75.0
754,nerve,controller,Bind,2,40,104.7,67.5,0.025,1.0,0.0
754,nerve,controller,Breeze,8,160,105.6,66.3,0.038,0.375,50.0
754,nerve,controller,Haven,8,177,119.6,70.6,0.068,0.462,37.5
754,nerve,controller,Lotus,3,57,135.8,74.1,0.053,0.5,33.3
754,nerve,controller,Pearl,5,97,110.0,75.2,0.01,0.25,60.0
754,nerve,controller,Split,7,133,113.1,73.6,0.045,0.429,71.4
773,Lakia,initiator,Abyss,2,45,91.3,53.3,0.067,0.375,0.0
773,Lakia,initiator,Bind,2,42,128.5,74.0,0.071,0.6,0.0
773,Lakia,initiator,Breeze,5,107,123.6,76.6,0.028,0.375,60.0
773,Lakia,initiator,Fracture,1,16,68.0,63.0,0.0,0.0,0.0
773,Lakia,initiator,Haven,5,116,137.3,76.9,0.043,0.385,60.0
773,Lakia,initiator,Lotus,3,76,135.2,81.7,0.053,1.0,66.7
773,Lakia,initiator,Pearl,4,105,96.4,71.7,0.076,0.571,0.0
773,Lakia,initiator,Split,2,41,144.1,75.7,0.049,0.333,0.0
796,eeiu,initiator,Abyss,4,83,116.2,81.9,0.024,0.4,75.0
796,eeiu,initiator,Bind,2,40,147.6,67.7,0.05,0.333,0.0
796,eeiu,initiator,Breeze,8,160,107.2,66.2,0.038,0.353,50.0
796,eeiu,initiator,Haven,9,198,151.1,72.1,0.096,0.826,33.3
796,eeiu,initiator,Lotus,3,57,101.8,56.2,0.07,0.667,33.3
796,eeiu,initiator,Pearl,5,97,110.6,64.9,0.041,0.4,60.0
796,eeiu,initiator,Split,8,154,141.5,70.6,0.123,0.731,62.5
796,eeiu,initiator,Sunset,1,14,155.0,93.0,0.143,0.667,100.0
804,BuZz,duelist,Abyss,2,56,143.4,73.4,0.089,0.417,100.0
804,BuZz,duelist,Ascent,7,139,129.3,72.0,0.144,0.588,42.9
804,BuZz,duelist,Bind,6,120,155.2,74.3,0.208,0.61,83.3
804,BuZz,duelist,Breeze,11,222,139.0,74.4,0.171,0.521,63.6
804,BuZz,duelist,Corrode,1,22,109.0,59.0,0.045,0.25,0.0
804,BuZz,duelist,Haven,14,308,145.5,72.4,0.149,0.535,64.3
804,BuZz,duelist,Lotus,10,212,149.1,70.4,0.156,0.569,80.0
804,BuZz,duelist,Pearl,8,169,139.9,71.5,0.142,0.436,75.0
804,BuZz,duelist,Split,8,184,161.2,69.6,0.152,0.583,50.0
804,BuZz,duelist,Sunset,2,44,131.2,75.0,0.068,0.75,50.0
826,supamen,controller,Abyss,3,69,96.6,68.1,0.043,0.429,66.7
826,supamen,controller,Ascent,2,32,80.4,71.7,0.063,0.4,50.0
826,supamen,controller,Bind,4,93,111.5,68.8,0.075,0.438,0.0
826,supamen,controller,Breeze,6,114,117.8,65.7,0.096,0.458,33.3
826,supamen,controller,Corrode,2,41,190.9,82.8,0.171,0.778,50.0
826,supamen,controller,Fracture,1,21,125.0,76.0,0.048,0.5,0.0
826,supamen,controller,Haven,10,221,124.1,72.5,0.081,0.439,40.0
826,supamen,controller,Lotus,5,117,111.1,68.2,0.077,0.375,20.0
826,supamen,controller,Pearl,4,94,113.4,72.4,0.106,0.833,25.0
826,supamen,controller,Split,1,18,164.0,56.0,0.0,0.0,0.0
826,supamen,controller,Summit,2,40,146.0,77.8,0.175,0.778,100.0
826,supamen,controller,Sunset,5,107,125.8,71.0,0.065,0.438,60.0
872,Autumn,Flex,Abyss,6,130,127.1,65.2,0.092,0.324,83.3
872,Autumn,Flex,Ascent,6,128,157.5,72.7,0.133,0.436,66.7
872,Autumn,Flex,Bind,3,68,129.4,70.8,0.147,0.556,33.3
872,Autumn,Flex,Breeze,13,278,135.2,71.6,0.155,0.558,61.5
872,Autumn,Flex,Corrode,1,23,158.0,57.0,0.13,0.5,0.0
872,Autumn,Flex,Fracture,2,45,113.3,71.4,0.089,0.667,0.0
872,Autumn,Flex,Haven,9,204,138.7,73.6,0.108,0.458,66.7
872,Autumn,Flex,Lotus,7,145,113.2,64.2,0.103,0.455,42.9
872,Autumn,Flex,Pearl,6,122,127.4,66.2,0.123,0.484,66.7
872,Autumn,Flex,Split,14,290,122.5,72.7,0.11,0.471,50.0
872,Autumn,Flex,Summit,4,88,132.5,72.5,0.125,0.524,75.0
872,Autumn,Flex,Sunset,4,92,121.3,71.7,0.12,0.44,25.0
939,mwzera,initiator,Ascent,3,67,127.1,76.4,0.06,0.667,66.7
939,mwzera,initiator,Bind,2,36,144.5,80.4,0.083,0.75,50.0
939,mwzera,initiator,Breeze,9,191,134.3,72.7,0.089,0.607,22.2
939,mwzera,initiator,Haven,5,108,143.0,69.3,0.046,0.556,60.0
939,mwzera,initiator,Lotus,9,197,125.2,80.7,0.036,0.538,77.8
939,mwzera,initiator,Split,4,71,121.5,64.8,0.07,0.714,25.0
939,mwzera,initiator,Summit,3,54,128.3,64.8,0.111,0.75,33.3
939,mwzera,initiator,Sunset,5,90,142.2,73.2,0.089,0.615,40.0
985,Efina,initiator,Ascent,3,61,84.7,68.9,0.016,0.333,33.3
985,Efina,initiator,Breeze,1,21,105.0,76.0,0.048,0.333,0.0
985,Efina,initiator,Haven,2,37,86.0,59.2,0.027,0.333,50.0
985,Efina,initiator,Lotus,2,39,101.3,69.1,0.051,0.667,50.0
985,Efina,initiator,Split,3,72,100.3,69.3,0.028,0.4,66.7
985,Efina,initiator,Summit,3,70,99.3,62.7,0.029,0.4,100.0
985,Efina,initiator,Sunset,5,121,116.9,74.4,0.058,0.538,60.0
1129,Rossy,controller,Abyss,3,64,120.0,70.3,0.063,0.667,0.0
1129,Rossy,controller,Ascent,6,125,112.4,77.4,0.064,0.5,66.7
1129,Rossy,controller,Bind,3,55,151.9,80.1,0.073,0.571,66.7
1129,Rossy,controller,Breeze,5,105,139.1,72.4,0.057,0.462,40.0
1129,Rossy,controller,Corrode,3,65,117.1,67.8,0.015,0.2,33.3
1129,Rossy,controller,Fracture,1,17,71.0,59.0,0.0,0.0,0.0
1129,Rossy,controller,Haven,7,145,118.9,75.8,0.048,0.538,28.6
1129,Rossy,controller,Lotus,3,60,138.9,66.6,0.083,0.714,33.3
1129,Rossy,controller,Pearl,5,128,117.2,69.4,0.039,0.455,40.0
1129,Rossy,controller,Split,5,107,120.4,65.6,0.019,0.125,20.0
1129,Rossy,controller,Summit,2,37,86.8,65.3,0.027,0.2,50.0
1129,Rossy,controller,Sunset,3,56,125.3,68.0,0.107,0.6,66.7
1144,Boo,controller,Abyss,3,62,112.0,77.6,0.065,0.5,0.0
1144,Boo,controller,Ascent,9,196,116.5,78.7,0.061,0.48,66.7
1144,Boo,controller,Bind,5,103,100.0,62.0,0.039,0.286,20.0
1144,Boo,controller,Breeze,6,116,111.7,77.6,0.052,0.545,50.0
1144,Boo,controller,Corrode,1,24,80.0,88.0,0.0,0.0,100.0
1144,Boo,controller,Fracture,5,103,123.1,81.6,0.097,0.714,80.0
1144,Boo,controller,Haven,12,254,110.3,77.2,0.047,0.364,58.3
1144,Boo,controller,Lotus,14,292,100.2,71.6,0.051,0.429,57.1
1144,Boo,controller,Pearl,4,86,125.9,74.5,0.081,0.538,25.0
1144,Boo,controller,Split,4,74,98.1,65.1,0.054,0.5,50.0
1144,Boo,controller,Summit,3,66,157.0,83.2,0.061,0.8,100.0
1144,Boo,controller,Sunset,3,60,94.6,61.9,0.017,0.083,33.3
1265,johnqt,controller,Abyss,1,21,195.0,90.0,0.048,1.0,100.0
1265,johnqt,controller,Ascent,3,64,130.8,79.8,0.063,0.667,0.0
1265,johnqt,controller,Bind,2,50,76.0,60.1,0.0,0.0,50.0
1265,johnqt,controller,Breeze,8,172,124.8,73.3,0.023,0.571,50.0
1265,johnqt,controller,Corrode,2,47,146.3,74.5,0.064,1.0,0.0
1265,johnqt,controller,Fracture,1,24,79.0,67.0,0.0,0.0,0.0
1265,johnqt,controller,Haven,5,105,126.6,76.1,0.019,0.25,60.0
1265,johnqt,controller,Lotus,4,86,133.2,70.8,0.035,0.333,25.0
1265,johnqt,controller,Pearl,1,24,129.0,92.0,0.083,1.0,100.0
1265,johnqt,controller,Split,6,145,140.4,70.9,0.041,0.353,33.3
1265,johnqt,controller,Summit,2,35,106.7,68.5,0.029,0.5,50.0
1265,johnqt,controller,Sunset,2,47,128.9,72.2,0.043,1.0,50.0
1294,NagZ,Flex,Abyss,2,40,102.6,77.5,0.05,0.286,50.0
1294,NagZ,Flex,Bind,1,17,116.0,53.0,0.0,,0.0
1294,NagZ,Flex,Breeze,2,43,106.5,63.0,0.116,0.5,0.0
1294,NagZ,Flex,Pearl,2,41,107.3,63.6,0.024,0.25,50.0
1294,NagZ,Flex,Split,1,23,140.0,65.0,0.043,0.25,0.0
1311,Melser,Flex,Ascent,1,18,86.0,67.0,0.167,0.75,0.0
1311,Melser,Flex,Breeze,3,60,114.7,76.8,0.05,1.0,66.7
1311,Melser,Flex,Lotus,1,21,180.0,90.0,0.0,0.0,100.0
1311,Melser,Flex,Summit,1,19,95.0,63.0,0.211,0.667,0.0
1311,Melser,Flex,Sunset,1,14,94.0,64.0,0.071,0.25,0.0
1369,doma,sentinel,Ascent,3,69,99.4,66.8,0.043,0.375,33.3
1369,doma,sentinel,Breeze,2,42,127.5,76.5,0.095,0.444,100.0
1369,doma,sentinel,Lotus,4,87,105.6,71.6,0.069,0.6,75.0
1369,doma,sentinel,Split,4,91,118.8,73.9,0.055,0.556,25.0
1428,sheydos,initiator,Abyss,2,30,102.0,87.0,0.033,1.0,100.0
1428,sheydos,initiator,Breeze,1,23,108.0,74.0,0.0,0.0,0.0
1428,sheydos,initiator,Corrode,1,24,110.0,75.0,0.042,0.5,0.0
1428,sheydos,initiator,Haven,3,67,107.0,70.3,0.03,0.333,33.3
1428,sheydos,initiator,Pearl,1,20,122.0,75.0,0.0,0.0,100.0
1428,sheydos,initiator,Split,3,66,85.4,66.7,0.091,0.667,0.0
1430,crazyguy,Flex,Abyss,2,60,75.6,71.8,0.017,0.167,50.0
1430,crazyguy,Flex,Ascent,2,39,121.3,61.6,0.026,0.111,0.0
1430,crazyguy,Flex,Bind,4,87,90.1,70.3,0.057,0.385,50.0
1430,crazyguy,Flex,Breeze,9,187,138.9,68.0,0.053,0.357,22.2
1430,crazyguy,Flex,Corrode,3,67,127.6,68.7,0.03,0.182,100.0
1430,crazyguy,Flex,Fracture,3,56,147.0,85.6,0.018,0.333,100.0
1430,crazyguy,Flex,Haven,11,242,110.8,66.4,0.058,0.359,45.5
1430,crazyguy,Flex,Lotus,4,90,116.3,75.5,0.1,0.474,75.0
1430,crazyguy,Flex,Pearl,6,127,105.7,66.9,0.079,0.417,16.7
1430,crazyguy,Flex,Split,2,50,103.0,69.8,0.1,0.385,50.0
1430,crazyguy,Flex,Summit,4,93,151.9,70.9,0.097,0.474,50.0
1430,crazyguy,Flex,Sunset,6,123,135.4,66.7,0.114,0.5,33.3
1475,kamyk,controller,Ascent,3,69,118.3,63.8,0.101,0.438,33.3
1475,kamyk,controller,Breeze,2,42,158.5,76.0,0.024,0.5,100.0
1475,kamyk,controller,Lotus,4,87,124.9,70.1,0.046,0.333,75.0
1475,kamyk,controller,Split,4,91,132.5,79.2,0.066,0.462,25.0
1524,H1ber,sentinel,Haven,1,22,68.0,55.0,0.0,0.0,0.0
1524,H1ber,sentinel,Lotus,1,19,146.0,53.0,0.0,0.0,0.0
1524,H1ber,sentinel,Split,1,24,139.0,67.0,0.042,0.167,0.0
1524,H1ber,sentinel,Summit,1,22,96.0,59.0,0.045,0.5,0.0
1575,qck,duelist,Ascent,1,24,138.0,71.0,0.125,0.5,100.0
1575,qck,duelist,Haven,1,21,108.0,62.0,0.0,0.0,0.0
1575,qck,duelist,Split,2,43,130.8,74.5,0.186,0.667,0.0
1575,qck,duelist,Sunset,1,23,106.0,65.0,0.13,0.5,0.0
1818,tex,sentinel,Abyss,5,97,94.6,66.0,0.062,0.4,20.0
1818,tex,sentinel,Ascent,3,57,94.5,68.5,0.053,0.5,66.7
1818,tex,sentinel,Bind,3,59,124.5,72.8,0.136,0.667,66.7
1818,tex,sentinel,Breeze,9,189,127.9,71.4,0.106,0.571,55.6
1818,tex,sentinel,Corrode,3,62,128.3,71.3,0.113,0.389,66.7
1818,tex,sentinel,Fracture,2,41,133.9,65.8,0.073,0.375,50.0
1818,tex,sentinel,Haven,11,226,104.4,63.0,0.066,0.375,54.5
1818,tex,sentinel,Lotus,3,78,126.7,68.2,0.141,0.55,33.3
1818,tex,sentinel,Split,9,205,108.6,66.4,0.049,0.357,44.4
1818,tex,sentinel,Summit,1,17,68.0,53.0,0.059,0.167,0.0
1818,tex,sentinel,Sunset,7,142,116.3,68.3,0.127,0.529,57.1
1885,purp0,Flex,Abyss,5,116,92.1,61.4,0.069,0.381,60.0
1885,purp0,Flex,Ascent,6,124,142.3,73.6,0.161,0.556,66.7
1885,purp0,Flex,Bind,7,144,96.3,79.3,0.083,0.571,85.7
1885,purp0,Flex,Breeze,10,216,128.2,74.1,0.097,0.6,70.0
1885,purp0,Flex,Corrode,4,80,117.5,67.6,0.063,0.5,25.0
1885,purp0,Flex,Fracture,1,15,67.0,53.0,0.0,,0.0
1885,purp0,Flex,Haven,5,122,128.2,70.6,0.123,0.469,40.0
1885,purp0,Flex,Lotus,11,224,118.9,71.0,0.138,0.47,63.6
1885,purp0,Flex,Pearl,7,154,112.9,75.4,0.058,0.375,57.1
1885,purp0,Flex,Split,11,223,126.0,80.3,0.139,0.689,63.6
1885,purp0,Flex,Summit,4,90,100.7,67.7,0.133,0.5,50.0
1885,purp0,Flex,Sunset,1,20,43.0,45.0,0.0,0.0,0.0
1916,free1ng,Flex,Abyss,3,64,98.7,62.5,0.109,0.412,33.3
1916,free1ng,Flex,Ascent,3,72,126.4,67.8,0.181,0.542,33.3
1916,free1ng,Flex,Bind,3,59,135.3,57.4,0.136,0.615,33.3
1916,free1ng,Flex,Breeze,6,119,122.2,69.6,0.126,0.469,33.3
1916,free1ng,Flex,Corrode,3,60,126.7,71.4,0.05,0.214,66.7
1916,free1ng,Flex,Fracture,4,97,135.5,75.3,0.155,0.517,50.0
1916,free1ng,Flex,Haven,10,205,127.2,74.5,0.107,0.468,60.0
1916,free1ng,Flex,Lotus,9,215,111.8,62.3,0.13,0.378,44.4
1916,free1ng,Flex,Pearl,4,86,145.6,70.8,0.14,0.571,50.0
1916,free1ng,Flex,Split,7,144,111.7,69.5,0.076,0.478,42.9
1916,free1ng,Flex,Summit,3,53,125.0,69.7,0.151,0.5,66.7
1916,free1ng,Flex,Sunset,6,124,125.0,74.1,0.081,0.37,50.0
1960,eKo,Flex,Abyss,2,46,126.0,71.8,0.13,0.545,50.0
1960,eKo,Flex,Ascent,2,37,145.5,75.9,0.162,0.667,0.0
1960,eKo,Flex,Bind,4,83,128.5,72.3,0.145,0.632,50.0
1960,eKo,Flex,Breeze,4,90,129.8,74.4,0.1,0.563,50.0
1960,eKo,Flex,Corrode,1,17,138.0,65.0,0.294,0.714,0.0
1960,eKo,Flex,Fracture,3,60,119.3,60.0,0.05,0.375,33.3
1960,eKo,Flex,Haven,9,189,134.9,69.4,0.143,0.482,33.3
1960,eKo,Flex,Lotus,3,64,121.9,64.2,0.078,0.313,0.0
1960,eKo,Flex,Pearl,1,18,67.0,44.0,0.0,0.0,0.0
1960,eKo,Flex,Split,9,184,132.6,70.2,0.103,0.396,22.2
1960,eKo,Flex,Sunset,5,122,142.0,76.2,0.049,0.545,80.0
2149,C1ndeR,controller,Abyss,1,20,40.0,55.0,0.0,0.0,0.0
2149,C1ndeR,controller,Bind,3,65,110.3,72.3,0.077,0.333,33.3
2149,C1ndeR,controller,Breeze,2,45,73.8,62.1,0.067,0.429,0.0
2149,C1ndeR,controller,Corrode,1,23,100.0,87.0,0.174,1.0,100.0
2149,C1ndeR,controller,Fracture,2,44,62.5,70.5,0.023,0.5,0.0
2149,C1ndeR,controller,Haven,5,109,108.6,64.4,0.083,0.429,20.0
2149,C1ndeR,controller,Lotus,5,115,96.3,70.5,0.009,0.1,20.0
2149,C1ndeR,controller,Pearl,2,55,109.2,67.1,0.055,0.375,50.0
2149,C1ndeR,controller,Split,8,191,96.6,66.3,0.073,0.483,37.5
2149,C1ndeR,controller,Summit,2,42,88.3,62.3,0.024,0.5,50.0
2164,Paincakes,initiator,Ascent,2,32,100.2,65.2,0.031,0.5,50.0
2164,Paincakes,initiator,Bind,1,19,99.0,74.0,0.0,0.0,0.0
2164,Paincakes,initiator,Breeze,5,97,100.0,69.1,0.031,0.3,40.0
2164,Paincakes,initiator,Haven,5,112,135.3,73.2,0.036,0.333,40.0
2164,Paincakes,initiator,Lotus,4,94,98.7,64.9,0.011,0.25,25.0
2164,Paincakes,initiator,Split,1,18,53.0,67.0,0.0,0.0,0.0
2164,Paincakes,initiator,Summit,2,40,131.2,75.4,0.075,0.75,100.0
2164,Paincakes,initiator,Sunset,5,107,116.6,69.4,0.112,0.667,60.0
2168,trexx,initiator,Abyss,1,26,162.0,81.0,0.038,1.0,100.0
2168,trexx,initiator,Ascent,4,77,140.3,78.0,0.039,0.75,75.0
2168,trexx,initiator,Breeze,2,45,162.2,84.4,0.0,0.0,100.0
2168,trexx,initiator,Haven,3,71,147.8,73.2,0.014,0.2,33.3
2168,trexx,initiator,Lotus,8,159,124.4,75.5,0.044,0.538,62.5
2168,trexx,initiator,Split,4,71,116.9,79.0,0.042,0.375,75.0
2168,trexx,initiator,Summit,4,90,142.3,77.9,0.078,0.583,50.0
2168,trexx,initiator,Sunset,1,20,138.0,55.0,0.15,0.75,0.0
2170,BABYBAY,sentinel,Abyss,7,134,147.3,71.4,0.172,0.605,71.4
2170,BABYBAY,sentinel,Ascent,7,145,133.8,71.0,0.117,0.5,28.6
2170,BABYBAY,sentinel,Bind,4,91,138.5,74.8,0.099,0.474,75.0
2170,BABYBAY,sentinel,Breeze,14,284,117.7,71.6,0.137,0.574,64.3
2170,BABYBAY,sentinel,Corrode,6,115,108.0,59.3,0.078,0.333,33.3
2170,BABYBAY,sentinel,Fracture,1,26,100.0,69.0,0.115,0.5,100.0
2170,BABYBAY,sentinel,Haven,13,279,117.4,69.0,0.147,0.594,61.5
2170,BABYBAY,sentinel,Lotus,12,251,151.7,78.0,0.096,0.558,75.0
2170,BABYBAY,sentinel,Pearl,6,121,152.8,82.8,0.083,0.588,100.0
2170,BABYBAY,sentinel,Split,15,335,132.1,70.2,0.11,0.521,46.7
2170,BABYBAY,sentinel,Summit,2,40,129.4,72.2,0.05,0.333,50.0
2170,BABYBAY,sentinel,Sunset,5,120,139.6,72.6,0.2,0.649,80.0
2172,brawk,initiator,Abyss,10,203,122.4,71.0,0.064,0.52,50.0
2172,brawk,initiator,Ascent,3,63,194.8,76.1,0.048,0.429,33.3
2172,brawk,initiator,Bind,3,68,125.7,67.6,0.029,0.4,33.3
2172,brawk,initiator,Breeze,13,281,147.2,77.5,0.057,0.516,76.9
2172,brawk,initiator,Corrode,3,61,135.6,67.1,0.098,0.75,33.3
2172,brawk,initiator,Fracture,4,91,99.1,77.1,0.088,0.8,75.0
2172,brawk,initiator,Haven,11,236,141.0,75.4,0.068,0.516,81.8
2172,brawk,initiator,Lotus,11,221,138.3,74.7,0.081,0.667,72.7
2172,brawk,initiator,Pearl,13,260,146.6,76.5,0.065,0.486,61.5
2172,brawk,initiator,Split,8,187,123.4,65.9,0.048,0.5,25.0
2172,brawk,initiator,Summit,4,82,166.6,76.8,0.085,0.636,100.0
2172,brawk,initiator,Sunset,4,82,131.8,73.2,0.073,0.429,0.0
2173,MAGNUM,sentinel,Abyss,3,72,129.3,80.2,0.042,0.375,66.7
2173,MAGNUM,sentinel,Haven,2,47,124.3,68.5,0.064,0.25,50.0
2173,MAGNUM,sentinel,Lotus,6,116,148.2,67.2,0.078,0.474,50.0
2173,MAGNUM,sentinel,Split,2,46,128.5,67.5,0.13,0.545,100.0
2173,MAGNUM,sentinel,Summit,2,41,117.7,63.7,0.073,0.6,50.0
2334,JessieVash,initiator,Abyss,1,24,152.0,75.0,0.083,0.4,0.0
2334,JessieVash,initiator,Bind,2,38,127.9,78.7,0.026,0.5,50.0
2334,JessieVash,initiator,Breeze,3,58,88.2,70.8,0.017,0.333,33.3
2334,JessieVash,initiator,Fracture,2,49,120.1,79.9,0.102,0.625,50.0
2334,JessieVash,initiator,Haven,1,18,121.0,67.0,0.056,0.5,0.0
2334,JessieVash,initiator,Lotus,2,46,120.4,73.9,0.043,1.0,0.0
2334,JessieVash,initiator,Pearl,2,36,96.0,67.0,0.0,0.0,0.0
2334,JessieVash,initiator,Split,6,133,114.8,74.3,0.045,0.545,16.7
2366,aLerT,controller,Haven,1,24,159.0,83.0,0.125,1.0,0.0
2366,aLerT,controller,Split,1,22,123.0,91.0,0.091,0.5,100.0
2366,aLerT,controller,Summit,1,21,110.0,71.0,0.048,0.5,0.0
2366,aLerT,controller,Sunset,2,46,107.5,69.5,0.022,0.25,0.0
2408,tuyz,controller,Ascent,1,24,109.0,67.0,0.0,0.0,0.0
2408,tuyz,controller,Breeze,1,17,98.0,71.0,0.0,0.0,0.0
2408,tuyz,controller,Lotus,2,41,129.3,73.3,0.024,0.333,50.0
2408,tuyz,controller,Split,1,17,132.0,65.0,0.059,1.0,0.0
2462,keznit,duelist,Abyss,3,64,106.4,70.3,0.094,0.429,0.0
2462,keznit,duelist,Ascent,6,125,139.8,72.1,0.184,0.523,66.7
2462,keznit,duelist,Bind,3,55,154.0,78.2,0.073,0.5,66.7
2462,keznit,duelist,Breeze,5,105,136.3,65.8,0.229,0.545,40.0
2462,keznit,duelist,Corrode,3,65,148.3,66.6,0.123,0.471,33.3
2462,keznit,duelist,Fracture,1,17,101.0,65.0,0.0,0.0,0.0
2462,keznit,duelist,Haven,7,145,130.6,68.4,0.172,0.556,28.6
2462,keznit,duelist,Lotus,3,60,146.6,61.8,0.183,0.611,33.3
2462,keznit,duelist,Pearl,5,128,137.3,71.0,0.133,0.447,40.0
2462,keznit,duelist,Split,5,107,148.6,66.3,0.206,0.5,20.0
2462,keznit,duelist,Summit,2,37,95.7,70.4,0.108,0.571,50.0
2462,keznit,duelist,Sunset,3,56,103.5,71.4,0.196,0.579,66.7
2489,Munchkin,controller,Abyss,2,56,124.5,84.2,0.036,0.25,100.0
2489,Munchkin,controller,Ascent,7,139,102.5,69.1,0.043,0.333,42.9
2489,Munchkin,controller,Bind,6,120,130.5,82.5,0.05,0.462,83.3
2489,Munchkin,controller,Breeze,11,222,118.1,71.2,0.059,0.5,63.6
2489,Munchkin,controller,Corrode,1,22,96.0,64.0,0.136,0.6,0.0
2489,Munchkin,controller,Haven,14,308,124.0,73.8,0.091,0.491,64.3
2489,Munchkin,controller,Lotus,10,212,126.0,72.2,0.08,0.459,80.0
2489,Munchkin,controller,Pearl,8,169,114.9,78.0,0.036,0.316,75.0
2489,Munchkin,controller,Split,8,184,107.1,72.2,0.065,0.333,50.0
2489,Munchkin,controller,Sunset,2,44,117.1,63.5,0.045,0.4,50.0
2653,Jesse,controller,Ascent,5,110,98.1,66.5,0.036,0.333,20.0
2653,Jesse,controller,Breeze,1,19,43.0,58.0,0.0,0.0,0.0
2653,Jesse,controller,Haven,2,40,83.5,67.7,0.05,0.5,0.0
2653,Jesse,controller,Lotus,1,18,193.0,94.0,0.056,0.5,100.0
2653,Jesse,controller,Split,4,76,76.4,64.4,0.013,0.143,25.0
2653,Jesse,controller,Summit,1,22,161.0,77.0,0.182,0.667,100.0
2653,Jesse,controller,Sunset,3,64,118.9,68.6,0.063,0.4,0.0
2858,SUYGETSU,Flex,Abyss,3,52,106.1,71.1,0.038,0.333,66.7
2858,SUYGETSU,Flex,Ascent,3,55,121.4,78.3,0.109,0.667,100.0
2858,SUYGETSU,Flex,Bind,1,21,123.0,67.0,0.095,1.0,0.0
2858,SUYGETSU,Flex,Breeze,2,45,101.5,64.5,0.044,0.333,0.0
2858,SUYGETSU,Flex,Corrode,1,24,140.0,79.0,0.083,0.286,0.0
2858,SUYGETSU,Flex,Fracture,2,42,127.0,68.9,0.095,0.308,0.0
2858,SUYGETSU,Flex,Haven,11,242,118.8,70.7,0.091,0.564,72.7
2858,SUYGETSU,Flex,Lotus,9,185,120.6,72.6,0.086,0.593,55.6
2858,SUYGETSU,Flex,Pearl,3,62,130.9,78.9,0.065,0.444,33.3
2858,SUYGETSU,Flex,Split,4,98,121.9,62.5,0.082,0.533,0.0
2858,SUYGETSU,Flex,Summit,3,77,104.6,66.3,0.104,0.571,33.3
2858,SUYGETSU,Flex,Sunset,3,56,110.6,78.5,0.036,0.333,100.0
2881,LohaN,controller,Lotus,1,15,63.0,47.0,0.0,0.0,0.0
2881,LohaN,controller,Split,1,19,101.0,63.0,0.105,0.4,0.0
3017,nobody,initiator,Abyss,4,80,89.7,57.4,0.049,0.429,75.0
3017,nobody,initiator,Ascent,4,92,132.0,69.2,0.044,0.273,50.0
3017,nobody,initiator,Bind,4,82,92.6,53.7,0.012,0.143,50.0
3017,nobody,initiator,Breeze,13,262,121.2,67.8,0.076,0.531,69.2
3017,nobody,initiator,Corrode,3,57,139.6,69.3,0.051,0.5,100.0
3017,nobody,initiator,Fracture,7,142,115.8,72.5,0.063,0.409,57.1
3017,nobody,initiator,Haven,15,319,127.6,71.5,0.057,0.4,53.3
3017,nobody,initiator,Lotus,9,181,99.9,70.2,0.033,0.353,55.6
3017,nobody,initiator,Pearl,7,141,117.0,64.5,0.064,0.429,42.9
3017,nobody,initiator,Split,13,272,112.2,77.0,0.077,0.488,53.8
3017,nobody,initiator,Summit,1,22,104.0,55.0,0.227,0.625,0.0
3017,nobody,initiator,Sunset,5,113,138.7,72.5,0.062,0.412,60.0
3021,Biank,initiator,Abyss,2,53,117.5,70.0,0.113,0.545,50.0
3021,Biank,initiator,Bind,1,17,62.0,53.0,0.059,0.333,0.0
3021,Biank,initiator,Breeze,1,26,153.0,85.0,0.077,0.667,100.0
3021,Biank,initiator,Haven,1,23,75.0,74.0,0.0,0.0,0.0
3021,Biank,initiator,Pearl,2,46,139.7,76.0,0.109,0.625,50.0
3021,Biank,initiator,Split,2,36,67.1,61.5,0.083,0.5,0.0
3028,Life,duelist,Ascent,4,75,121.6,71.9,0.12,0.429,75.0
3028,Life,duelist,Bind,4,96,113.7,70.8,0.115,0.355,25.0
3028,Life,duelist,Breeze,10,201,129.4,65.2,0.159,0.525,40.0
3028,Life,duelist,Fracture,1,22,51.0,68.0,0.182,0.364,0.0
3028,Life,duelist,Haven,15,320,133.3,69.1,0.174,0.505,53.3
3028,Life,duelist,Lotus,15,297,144.5,67.7,0.152,0.488,46.7
3028,Life,duelist,Pearl,4,75,120.1,64.3,0.186,0.458,25.0
3028,Life,duelist,Split,7,156,128.6,67.9,0.173,0.509,28.6
3028,Life,duelist,Summit,3,69,129.4,66.9,0.159,0.5,33.3
3028,Life,duelist,Sunset,3,69,131.7,65.8,0.213,0.5,66.7
3031,Septem7,controller,Bind,1,21,145.0,90.0,0.048,0.5,0.0
3031,Septem7,controller,Breeze,1,28,90.0,71.0,0.071,0.5,100.0
3031,Septem7,controller,Lotus,1,20,68.0,85.0,0.05,1.0,100.0
3031,Septem7,controller,Pearl,1,19,75.0,63.0,0.105,0.333,0.0
3031,Septem7,controller,Split,1,18,71.0,61.0,0.111,0.4,0.0
3045,LuoK1ng,controller,Abyss,4,95,122.5,75.9,0.107,0.5,25.0
3045,LuoK1ng,controller,Ascent,6,122,120.7,79.3,0.077,0.545,33.3
3045,LuoK1ng,controller,Bind,2,39,128.0,81.0,0.048,1.0,50.0
3045,LuoK1ng,controller,Breeze,5,106,114.6,75.7,0.065,0.333,20.0
3045,LuoK1ng,controller,Corrode,1,17,88.0,76.0,0.0,0.0,100.0
3045,LuoK1ng,controller,Haven,2,44,97.0,70.0,0.05,0.5,0.0
3045,LuoK1ng,controller,Lotus,5,111,102.2,79.1,0.054,0.5,60.0
3045,LuoK1ng,controller,Pearl,1,16,57.0,50.0,0.125,0.4,0.0
3045,LuoK1ng,controller,Split,6,137,122.8,68.0,0.044,0.6,66.7
3045,LuoK1ng,controller,Summit,3,63,104.8,63.4,0.032,0.2,33.3
3045,LuoK1ng,controller,Sunset,9,203,115.4,71.5,0.071,0.382,55.6
3049,sword9,initiator,Abyss,2,44,93.6,67.8,0.0,0.0,50.0
3049,sword9,initiator,Bind,6,130,125.0,72.9,0.038,0.385,66.7
3049,sword9,initiator,Breeze,4,82,109.6,70.8,0.073,0.545,100.0
3049,sword9,initiator,Corrode,4,83,83.2,67.5,0.048,0.4,50.0
3049,sword9,initiator,Fracture,4,79,109.1,70.8,0.038,0.5,75.0
3049,sword9,initiator,Haven,8,163,115.6,69.9,0.055,0.471,50.0
3049,sword9,initiator,Pearl,6,119,98.8,73.9,0.019,0.2,16.7
3049,sword9,initiator,Split,7,165,105.1,67.7,0.05,0.438,57.1
3127,MONSTEERR,sentinel,Ascent,2,36,151.9,66.8,0.028,0.143,50.0
3127,MONSTEERR,sentinel,Haven,2,42,147.0,78.4,0.095,0.5,100.0
3127,MONSTEERR,sentinel,Lotus,4,85,159.1,70.8,0.071,0.462,75.0
3127,MONSTEERR,sentinel,Split,3,58,139.5,65.5,0.034,0.4,66.7
3127,MONSTEERR,sentinel,Summit,1,22,176.0,55.0,0.091,0.4,0.0
3401,PTC,controller,Ascent,3,71,123.7,71.9,0.099,0.636,100.0
3401,PTC,controller,Breeze,3,68,126.7,74.8,0.059,0.571,66.7
3401,PTC,controller,Haven,3,56,117.5,62.4,0.107,0.353,33.3
3401,PTC,controller,Sunset,3,58,138.5,76.0,0.069,0.667,0.0
3455,Zanatsu,duelist,Ascent,1,24,137.0,58.0,0.083,0.333,0.0
3455,Zanatsu,duelist,Breeze,1,17,176.0,65.0,0.059,0.5,0.0
3455,Zanatsu,duelist,Lotus,2,41,128.7,63.3,0.22,0.529,50.0
3455,Zanatsu,duelist,Split,1,17,144.0,71.0,0.059,0.167,0.0
3519,jkuro,Flex,Abyss,3,66,138.0,79.0,0.125,0.5,66.7
3519,jkuro,Flex,Ascent,4,89,96.6,56.8,0.045,0.174,50.0
3519,jkuro,Flex,Bind,4,92,122.1,74.0,0.065,0.429,50.0
3519,jkuro,Flex,Breeze,8,172,126.9,62.2,0.102,0.464,37.5
3519,jkuro,Flex,Corrode,4,76,91.5,62.0,0.154,0.5,25.0
3519,jkuro,Flex,Fracture,4,89,147.0,65.4,0.09,0.5,50.0
3519,jkuro,Flex,Haven,12,242,107.6,78.2,0.038,0.333,50.0
3519,jkuro,Flex,Lotus,8,152,127.9,68.9,0.092,0.424,62.5
3519,jkuro,Flex,Pearl,5,95,120.9,71.7,0.021,0.25,40.0
3519,jkuro,Flex,Split,11,238,115.9,70.9,0.092,0.5,45.5
3519,jkuro,Flex,Summit,6,119,122.8,62.4,0.092,0.44,33.3
3519,jkuro,Flex,Sunset,4,91,133.3,62.6,0.11,0.435,25.0
3520,ZmjjKK,duelist,Abyss,4,80,180.6,78.9,0.295,0.667,75.0
3520,ZmjjKK,duelist,Ascent,4,92,130.9,67.6,0.162,0.423,50.0
3520,ZmjjKK,duelist,Bind,4,82,140.7,64.8,0.159,0.448,50.0
3520,ZmjjKK,duelist,Breeze,13,262,148.0,66.0,0.188,0.483,69.2
3520,ZmjjKK,duelist,Corrode,3,57,142.1,69.0,0.256,0.769,100.0
3520,ZmjjKK,duelist,Fracture,7,142,145.3,73.2,0.183,0.531,57.1
3520,ZmjjKK,duelist,Haven,15,319,147.5,69.5,0.225,0.589,53.3
3520,ZmjjKK,duelist,Lotus,9,181,171.6,74.1,0.182,0.55,55.6
3520,ZmjjKK,duelist,Pearl,7,141,152.0,71.7,0.199,0.509,42.9
3520,ZmjjKK,duelist,Split,13,272,157.3,70.8,0.173,0.58,53.8
3520,ZmjjKK,duelist,Summit,1,22,216.0,73.0,0.182,0.8,0.0
3520,ZmjjKK,duelist,Sunset,5,113,134.9,68.8,0.177,0.455,60.0
3674,iluri,initiator,Abyss,3,72,86.7,69.4,0.083,0.5,66.7
3674,iluri,initiator,Haven,2,47,116.9,55.4,0.085,0.8,50.0
3674,iluri,initiator,Lotus,6,116,131.2,71.7,0.017,0.182,50.0
3674,iluri,initiator,Split,2,46,98.0,61.0,0.065,0.429,100.0
3674,iluri,initiator,Summit,2,41,86.2,56.0,0.049,0.333,50.0
3722,koalanoob,duelist,Abyss,5,101,142.3,75.1,0.149,0.536,60.0
3722,koalanoob,duelist,Ascent,2,43,81.0,46.5,0.14,0.286,0.0
3722,koalanoob,duelist,Bind,2,40,123.1,59.9,0.175,0.636,0.0
3722,koalanoob,duelist,Breeze,13,266,140.6,66.5,0.165,0.524,46.2
3722,koalanoob,duelist,Haven,15,338,114.5,67.5,0.142,0.471,46.7
3722,koalanoob,duelist,Lotus,3,57,111.1,63.4,0.123,0.5,33.3
3722,koalanoob,duelist,Pearl,5,97,144.4,72.1,0.165,0.5,60.0
3722,koalanoob,duelist,Split,10,200,144.8,75.6,0.165,0.559,60.0
3722,koalanoob,duelist,Summit,3,66,101.5,50.1,0.091,0.231,0.0
3722,koalanoob,duelist,Sunset,5,102,131.9,68.6,0.167,0.425,40.0
3741,vo0kashu,sentinel,Abyss,3,62,114.0,58.2,0.048,0.75,0.0
3741,vo0kashu,sentinel,Ascent,4,75,173.4,72.0,0.133,0.833,75.0
3741,vo0kashu,sentinel,Bind,3,76,165.3,68.5,0.026,0.333,33.3
3741,vo0kashu,sentinel,Breeze,11,222,132.4,75.2,0.068,0.455,45.5
3741,vo0kashu,sentinel,Corrode,4,84,158.7,72.6,0.095,0.889,50.0
3741,vo0kashu,sentinel,Fracture,1,22,193.0,82.0,0.091,0.667,0.0
3741,vo0kashu,sentinel,Haven,13,283,172.8,76.3,0.084,0.667,61.5
3741,vo0kashu,sentinel,Lotus,15,297,143.9,71.3,0.087,0.522,46.7
3741,vo0kashu,sentinel,Pearl,3,53,152.0,71.8,0.094,0.714,33.3
3741,vo0kashu,sentinel,Split,10,218,146.7,78.8,0.064,0.609,40.0
3741,vo0kashu,sentinel,Summit,3,69,152.8,75.4,0.058,0.5,33.3
3741,vo0kashu,sentinel,Sunset,3,69,183.9,76.5,0.064,1.0,66.7
3828,Tacolilla,duelist,Ascent,1,18,136.0,56.0,0.111,0.25,0.0
3828,Tacolilla,duelist,Breeze,3,60,141.8,73.5,0.183,0.579,66.7
3828,Tacolilla,duelist,Lotus,1,21,139.0,81.0,0.19,0.444,100.0
3828,Tacolilla,duelist,Summit,1,19,116.0,63.0,0.158,0.375,0.0
3828,Tacolilla,duelist,Sunset,1,14,132.0,64.0,0.0,0.0,0.0
3880,bang,controller,Abyss,3,52,117.7,74.9,0.019,0.5,66.7
3880,bang,controller,Ascent,3,70,108.3,78.5,0.0,0.0,100.0
3880,bang,controller,Bind,5,110,134.2,73.8,0.073,0.471,80.0
3880,bang,controller,Breeze,10,196,109.9,74.9,0.056,0.524,60.0
3880,bang,controller,Corrode,3,64,119.0,81.3,0.078,0.556,66.7
3880,bang,controller,Fracture,2,46,94.5,69.8,0.0,0.0,50.0
3880,bang,controller,Haven,9,206,118.3,74.8,0.053,0.44,66.7
3880,bang,controller,Lotus,3,58,153.4,75.8,0.069,0.571,33.3
3880,bang,controller,Pearl,7,141,116.5,77.3,0.057,0.667,42.9
3880,bang,controller,Split,10,230,127.4,73.0,0.074,0.586,50.0
3880,bang,controller,Summit,3,55,88.8,61.8,0.036,0.5,66.7
3880,bang,controller,Sunset,4,101,109.1,74.1,0.059,0.75,50.0
3885,valyn,controller,Abyss,7,134,113.5,74.8,0.037,0.357,71.4
3885,valyn,controller,Ascent,7,145,123.5,68.9,0.09,0.481,28.6
3885,valyn,controller,Bind,4,91,143.8,77.8,0.11,0.769,75.0
3885,valyn,controller,Breeze,14,284,119.2,71.9,0.063,0.45,64.3
3885,valyn,controller,Corrode,6,115,116.1,63.5,0.078,0.529,33.3
3885,valyn,controller,Fracture,1,26,102.0,85.0,0.115,0.5,100.0
3885,valyn,controller,Haven,13,279,136.4,74.9,0.068,0.487,61.5
3885,valyn,controller,Lotus,12,251,128.4,75.9,0.124,0.62,75.0
3885,valyn,controller,Pearl,6,121,134.9,74.5,0.066,0.4,100.0
3885,valyn,controller,Split,15,335,119.5,75.0,0.054,0.462,46.7
3885,valyn,controller,Summit,2,40,169.7,69.8,0.1,0.667,50.0
3885,valyn,controller,Sunset,5,120,145.5,77.5,0.075,0.643,80.0
3977,Crws,controller,Ascent,3,58,130.5,70.7,0.052,0.5,66.7
3977,Crws,controller,Bind,2,41,109.8,75.5,0.073,0.6,100.0
3977,Crws,controller,Breeze,4,78,95.3,62.7,0.09,0.467,25.0
3977,Crws,controller,Fracture,5,94,107.8,75.5,0.032,0.25,40.0
3977,Crws,controller,Haven,7,145,96.8,64.9,0.034,0.313,14.3
3977,Crws,controller,Lotus,7,153,116.5,71.2,0.072,0.44,57.1
3977,Crws,controller,Pearl,6,125,119.5,66.3,0.08,0.476,50.0
3977,Crws,controller,Split,7,160,109.0,74.9,0.081,0.542,85.7
3977,Crws,controller,Summit,4,72,109.6,59.6,0.056,0.308,25.0
3977,Crws,controller,Sunset,5,110,93.9,70.8,0.045,0.333,40.0
3980,Governor,initiator,Abyss,2,40,90.5,67.6,0.075,0.333,50.0
3980,Governor,initiator,Bind,1,17,97.0,59.0,0.0,,0.0
3980,Governor,initiator,Breeze,2,43,115.8,64.8,0.023,0.167,0.0
3980,Governor,initiator,Pearl,2,41,89.5,53.8,0.098,0.364,50.0
3980,Governor,initiator,Split,1,23,113.0,70.0,0.0,0.0,0.0
3983,Virtyy,duelist,Abyss,2,50,111.4,66.1,0.1,0.417,0.0
3983,Virtyy,duelist,Bind,2,35,142.0,77.1,0.114,0.571,0.0
3983,Virtyy,duelist,Breeze,5,113,124.4,64.5,0.177,0.5,80.0
3983,Virtyy,duelist,Haven,5,106,114.1,66.9,0.113,0.387,20.0
3983,Virtyy,duelist,Lotus,2,36,130.0,77.7,0.167,0.75,50.0
3983,Virtyy,duelist,Pearl,3,62,99.2,67.9,0.113,0.35,33.3
3983,Virtyy,duelist,Split,3,55,88.6,52.7,0.073,0.235,0.0
3993,jawgemo,duelist,Abyss,7,134,116.2,67.2,0.127,0.354,71.4
3993,jawgemo,duelist,Ascent,7,145,101.0,56.7,0.145,0.5,28.6
3993,jawgemo,duelist,Bind,4,91,109.9,62.9,0.132,0.375,75.0
3993,jawgemo,duelist,Breeze,14,284,140.9,71.5,0.162,0.484,64.3
3993,jawgemo,duelist,Corrode,6,115,124.8,66.9,0.157,0.486,33.3
3993,jawgemo,duelist,Fracture,1,26,125.0,65.0,0.077,0.4,100.0
3993,jawgemo,duelist,Haven,13,279,157.7,72.2,0.115,0.457,61.5
3993,jawgemo,duelist,Lotus,12,251,135.6,74.9,0.12,0.441,75.0
3993,jawgemo,duelist,Pearl,6,121,158.1,76.8,0.215,0.553,100.0
3993,jawgemo,duelist,Split,15,335,128.6,65.7,0.173,0.492,46.7
3993,jawgemo,duelist,Summit,2,40,122.7,70.1,0.2,0.471,50.0
3993,jawgemo,duelist,Sunset,5,120,157.1,77.8,0.142,0.531,80.0
4004,zekken,duelist,Abyss,5,97,106.1,67.0,0.093,0.409,20.0
4004,zekken,duelist,Ascent,3,57,132.9,77.4,0.175,0.5,66.7
4004,zekken,duelist,Bind,3,59,112.2,69.8,0.153,0.643,66.7
4004,zekken,duelist,Breeze,9,189,137.8,72.0,0.153,0.527,55.6
4004,zekken,duelist,Corrode,3,62,132.8,79.0,0.048,0.3,66.7
4004,zekken,duelist,Fracture,2,41,131.3,65.5,0.244,0.556,50.0
4004,zekken,duelist,Haven,11,226,148.0,71.2,0.142,0.525,54.5
4004,zekken,duelist,Lotus,3,78,146.6,80.7,0.038,0.429,33.3
4004,zekken,duelist,Split,9,205,144.0,71.2,0.19,0.565,44.4
4004,zekken,duelist,Summit,1,17,114.0,53.0,0.059,1.0,0.0
4004,zekken,duelist,Sunset,7,142,138.6,75.6,0.085,0.4,57.1
4056,Sylvan,controller,Abyss,1,24,98.0,83.0,0.042,0.333,0.0
4056,Sylvan,controller,Ascent,3,63,124.6,68.4,0.079,0.5,0.0
4056,Sylvan,controller,Bind,2,38,90.1,70.9,0.079,0.6,50.0
4056,Sylvan,controller,Breeze,5,95,134.6,70.5,0.053,0.357,20.0
4056,Sylvan,controller,Fracture,2,49,161.1,89.4,0.082,0.571,50.0
4056,Sylvan,controller,Haven,4,78,133.6,61.6,0.09,0.5,50.0
4056,Sylvan,controller,Lotus,2,46,99.8,74.0,0.022,0.25,0.0
4056,Sylvan,controller,Pearl,2,36,120.0,67.0,0.028,0.5,0.0
4056,Sylvan,controller,Split,9,199,121.5,71.9,0.065,0.382,11.1
4056,Sylvan,controller,Summit,4,90,125.2,72.3,0.033,0.3,25.0
4056,Sylvan,controller,Sunset,2,41,138.0,73.1,0.049,0.5,100.0
4147,Cryocells,sentinel,Abyss,3,52,104.8,71.2,0.135,0.583,66.7
4147,Cryocells,sentinel,Ascent,3,70,140.1,80.2,0.143,0.769,100.0
4147,Cryocells,sentinel,Bind,5,110,157.2,78.2,0.182,0.541,80.0
4147,Cryocells,sentinel,Breeze,10,196,139.0,73.0,0.097,0.633,60.0
4147,Cryocells,sentinel,Corrode,3,64,141.5,76.8,0.078,0.5,66.7
4147,Cryocells,sentinel,Fracture,2,46,94.5,60.9,0.065,0.429,50.0
4147,Cryocells,sentinel,Haven,9,206,132.3,70.4,0.107,0.489,66.7
4147,Cryocells,sentinel,Lotus,3,58,103.3,63.9,0.069,0.267,33.3
4147,Cryocells,sentinel,Pearl,7,141,134.4,65.2,0.142,0.606,42.9
4147,Cryocells,sentinel,Split,10,230,141.3,75.3,0.083,0.633,50.0
4147,Cryocells,sentinel,Summit,3,55,117.3,76.4,0.073,0.5,66.7
4147,Cryocells,sentinel,Sunset,4,101,126.2,69.1,0.099,0.556,50.0
4181,Cloud,initiator,Abyss,3,57,145.4,73.8,0.035,0.222,66.7
4181,Cloud,initiator,Ascent,3,60,153.0,75.0,0.05,0.6,33.3
4181,Cloud,initiator,Bind,4,99,135.0,67.6,0.081,0.571,0.0
4181,Cloud,initiator,Breeze,5,107,127.1,75.8,0.047,0.357,0.0
4181,Cloud,initiator,Haven,6,126,124.5,77.1,0.087,0.5,66.7
4181,Cloud,initiator,Lotus,4,78,94.9,70.5,0.038,0.429,25.0
4181,Cloud,initiator,Pearl,4,84,108.4,75.1,0.095,0.533,25.0
4181,Cloud,initiator,Split,8,183,142.2,71.1,0.109,0.625,62.5
4181,Cloud,initiator,Summit,4,103,103.6,65.9,0.019,0.2,25.0
4181,Cloud,initiator,Sunset,2,41,166.1,82.8,0.073,0.75,100.0
4325,musashi,initiator,Ascent,2,36,107.6,69.6,0.139,0.714,50.0
4325,musashi,initiator,Haven,2,42,115.4,69.0,0.095,0.571,100.0
4325,musashi,initiator,Lotus,4,85,92.3,63.4,0.071,0.5,75.0
4325,musashi,initiator,Split,3,58,146.2,69.0,0.19,0.688,66.7
4325,musashi,initiator,Summit,1,22,138.0,86.0,0.091,1.0,0.0
4382,sScary,controller,Bind,2,48,90.3,58.3,0.021,0.5,0.0
4382,sScary,controller,Haven,2,37,126.0,65.0,0.25,0.625,0.0
4382,sScary,controller,Pearl,3,56,133.4,87.4,0.075,0.75,33.3
4426,Klaus,Flex,Abyss,1,20,121.0,70.0,0.1,0.5,0.0
4426,Klaus,Flex,Ascent,1,16,102.0,81.0,0.063,1.0,100.0
4426,Klaus,Flex,Bind,3,65,96.4,61.6,0.046,0.273,33.3
4426,Klaus,Flex,Breeze,2,45,108.7,60.1,0.133,0.429,0.0
4426,Klaus,Flex,Corrode,1,23,139.0,70.0,0.087,0.667,100.0
4426,Klaus,Flex,Fracture,2,44,128.5,68.5,0.227,0.588,0.0
4426,Klaus,Flex,Haven,8,183,117.8,65.8,0.087,0.444,37.5
4426,Klaus,Flex,Lotus,2,50,131.0,73.8,0.12,0.429,0.0
4426,Klaus,Flex,Pearl,2,55,131.4,59.9,0.036,0.4,50.0
4426,Klaus,Flex,Split,3,73,150.0,72.7,0.11,0.5,0.0
4426,Klaus,Flex,Summit,1,19,82.0,74.0,0.053,0.333,0.0
4426,Klaus,Flex,Sunset,3,68,93.3,73.9,0.088,0.667,100.0
4428,UdoTan,duelist,Abyss,6,130,126.8,71.0,0.146,0.633,83.3
4428,UdoTan,duelist,Ascent,6,128,128.7,71.2,0.125,0.516,66.7
4428,UdoTan,duelist,Bind,3,68,137.6,74.8,0.147,0.556,33.3
4428,UdoTan,duelist,Breeze,13,278,144.4,73.0,0.137,0.551,61.5
4428,UdoTan,duelist,Corrode,1,23,152.0,70.0,0.174,0.5,0.0
4428,UdoTan,duelist,Fracture,2,45,168.1,62.3,0.178,0.533,0.0
4428,UdoTan,duelist,Haven,9,204,134.1,75.1,0.162,0.589,66.7
4428,UdoTan,duelist,Lotus,7,145,151.8,74.5,0.145,0.467,42.9
4428,UdoTan,duelist,Pearl,6,122,123.4,68.8,0.115,0.389,66.7
4428,UdoTan,duelist,Split,14,290,145.6,71.1,0.114,0.446,50.0
4428,UdoTan,duelist,Summit,4,88,153.7,72.8,0.193,0.607,75.0
4428,UdoTan,duelist,Sunset,4,92,149.0,65.3,0.185,0.5,25.0
4462,MaKo,controller,Abyss,3,64,122.7,74.8,0.063,0.571,33.3
4462,MaKo,controller,Ascent,3,72,110.2,73.5,0.056,0.571,33.3
4462,MaKo,controller,Bind,3,59,83.8,72.6,0.034,0.222,33.3
4462,MaKo,controller,Breeze,6,119,113.5,65.5,0.025,0.143,33.3
4462,MaKo,controller,Corrode,3,60,171.2,81.9,0.117,0.583,66.7
4462,MaKo,controller,Fracture,4,97,165.4,81.3,0.155,0.682,50.0
4462,MaKo,controller,Haven,10,205,120.7,74.2,0.088,0.621,60.0
4462,MaKo,controller,Lotus,9,215,124.6,75.0,0.07,0.556,44.4
4462,MaKo,controller,Pearl,4,86,124.3,76.5,0.081,0.583,50.0
4462,MaKo,controller,Split,7,144,144.7,74.3,0.111,0.64,42.9
4462,MaKo,controller,Summit,3,53,113.7,84.6,0.057,0.5,66.7
4462,MaKo,controller,Sunset,6,124,125.6,71.9,0.081,0.455,50.0
4521,UNFAKE,initiator,Abyss,3,52,112.6,77.0,0.0,0.0,33.3
4521,UNFAKE,initiator,Ascent,3,69,115.9,68.2,0.072,0.455,33.3
4521,UNFAKE,initiator,Bind,2,37,73.8,56.8,0.108,0.667,0.0
4521,UNFAKE,initiator,Breeze,6,128,108.9,72.0,0.047,0.4,83.3
4521,UNFAKE,initiator,Corrode,3,57,126.4,77.4,0.053,0.6,100.0
4521,UNFAKE,initiator,Haven,1,22,96.0,73.0,0.045,0.25,0.0
4521,UNFAKE,initiator,Lotus,4,87,101.2,66.9,0.0,0.0,75.0
4521,UNFAKE,initiator,Pearl,1,26,90.0,58.0,0.038,0.25,0.0
4521,UNFAKE,initiator,Split,4,91,102.9,71.3,0.066,0.75,25.0
4544,Filu,duelist,Abyss,1,20,87.0,45.0,0.1,0.333,0.0
4544,Filu,duelist,Bind,6,143,123.8,68.6,0.14,0.526,33.3
4544,Filu,duelist,Breeze,3,58,153.8,74.3,0.155,0.643,66.7
4544,Filu,duelist,Fracture,1,22,131.0,86.0,0.091,0.667,100.0
4544,Filu,duelist,Haven,3,62,112.1,63.1,0.097,0.333,33.3
4544,Filu,duelist,Lotus,4,85,152.6,68.2,0.129,0.524,50.0
4544,Filu,duelist,Pearl,2,45,109.0,60.0,0.156,0.467,0.0
4544,Filu,duelist,Split,5,107,136.8,70.1,0.084,0.375,60.0
4581,JonahP,initiator,Ascent,3,64,110.3,70.3,0.016,0.167,0.0
4581,JonahP,initiator,Bind,1,24,130.0,71.0,0.125,0.429,100.0
4581,JonahP,initiator,Breeze,7,148,141.7,76.3,0.034,0.278,57.1
4581,JonahP,initiator,Fracture,1,24,109.0,63.0,0.083,1.0,0.0
4581,JonahP,initiator,Haven,6,129,122.8,71.3,0.047,0.375,50.0
4581,JonahP,initiator,Lotus,5,116,108.0,61.4,0.034,0.286,40.0
4581,JonahP,initiator,Split,4,97,116.9,65.0,0.072,0.389,50.0
4581,JonahP,initiator,Summit,3,52,130.3,71.2,0.077,0.4,66.7
4581,JonahP,initiator,Sunset,2,47,89.4,61.8,0.064,0.75,50.0
4629,azury,Flex,Ascent,2,36,125.9,69.6,0.028,0.25,50.0
4629,azury,Flex,Haven,2,42,154.0,90.5,0.048,1.0,100.0
4629,azury,Flex,Lotus,4,85,146.8,75.2,0.106,0.643,75.0
4629,azury,Flex,Split,3,58,130.2,77.8,0.086,0.714,66.7
4629,azury,Flex,Summit,1,22,94.0,77.0,0.0,0.0,0.0
4678,BeYN,initiator,Abyss,3,64,114.6,75.1,0.078,0.556,33.3
4678,BeYN,initiator,Ascent,3,72,112.9,64.0,0.056,0.364,33.3
4678,BeYN,initiator,Bind,3,59,91.8,69.6,0.017,0.167,33.3
4678,BeYN,initiator,Breeze,6,119,113.5,70.7,0.059,0.5,33.3
4678,BeYN,initiator,Corrode,3,60,129.9,75.2,0.083,0.625,66.7
4678,BeYN,initiator,Fracture,4,97,116.0,71.9,0.041,0.5,50.0
4678,BeYN,initiator,Haven,10,205,135.0,77.5,0.098,0.625,60.0
4678,BeYN,initiator,Lotus,9,215,121.1,72.7,0.047,0.476,44.4
4678,BeYN,initiator,Pearl,4,86,108.2,75.7,0.047,0.364,50.0
4678,BeYN,initiator,Split,7,144,120.9,70.2,0.076,0.5,42.9
4678,BeYN,initiator,Summit,3,53,107.8,66.0,0.038,0.333,66.7
4678,BeYN,initiator,Sunset,6,124,126.2,70.2,0.065,0.615,50.0
4705,Flex1n,controller,Abyss,3,62,88.2,59.7,0.081,0.625,0.0
4705,Flex1n,controller,Ascent,1,20,118.0,90.0,0.0,0.0,100.0
4705,Flex1n,controller,Bind,3,76,131.1,74.7,0.092,0.583,33.3
4705,Flex1n,controller,Breeze,9,169,113.4,71.6,0.047,0.364,44.4
4705,Flex1n,controller,Corrode,4,84,118.1,66.7,0.071,0.667,50.0
4705,Flex1n,controller,Fracture,1,22,139.0,82.0,0.091,0.5,0.0
4705,Flex1n,controller,Haven,6,124,110.5,82.1,0.056,0.412,83.3
4705,Flex1n,controller,Lotus,10,186,113.0,70.3,0.038,0.333,60.0
4705,Flex1n,controller,Pearl,3,53,103.4,75.3,0.038,0.4,33.3
4705,Flex1n,controller,Split,8,173,110.7,68.8,0.098,0.548,25.0
4712,heybay,initiator,Abyss,1,18,121.0,78.0,0.056,0.5,100.0
4712,heybay,initiator,Corrode,1,17,147.0,53.0,0.0,0.0,0.0
4712,heybay,initiator,Haven,1,16,129.0,63.0,0.0,0.0,0.0
4712,heybay,initiator,Pearl,2,54,59.0,71.0,0.0,0.0,0.0
4712,heybay,initiator,Split,2,43,68.0,61.0,0.043,0.2,0.0
4720,Haodong,Flex,Abyss,1,23,,,,,0.0
4720,Haodong,Flex,Ascent,5,97,101.5,63.4,0.062,0.667,60.0
4720,Haodong,Flex,Bind,3,59,153.0,79.6,0.119,0.778,66.7
4720,Haodong,Flex,Breeze,9,220,119.2,70.2,0.036,0.32,33.3
4720,Haodong,Flex,Corrode,2,42,140.0,87.0,0.043,0.5,50.0
4720,Haodong,Flex,Fracture,6,125,121.0,68.0,0.112,0.467,50.0
4720,Haodong,Flex,Haven,9,191,106.9,72.6,0.085,0.448,44.4
4720,Haodong,Flex,Lotus,2,40,95.0,75.0,0.0,0.0,0.0
4720,Haodong,Flex,Pearl,1,21,106.0,62.0,0.143,0.5,100.0
4720,Haodong,Flex,Split,9,209,103.0,72.7,0.037,0.375,33.3
4720,Haodong,Flex,Summit,7,165,122.1,73.5,0.073,0.5,57.1
4720,Haodong,Flex,Sunset,8,166,102.8,58.5,0.054,0.375,0.0
4742,Smoggy,controller,Abyss,4,80,143.8,73.7,0.066,0.571,75.0
4742,Smoggy,controller,Ascent,4,92,113.9,69.3,0.015,0.25,50.0
4742,Smoggy,controller,Bind,4,82,134.0,62.1,0.11,0.692,50.0
4742,Smoggy,controller,Breeze,13,262,106.8,70.4,0.067,0.417,69.2
4742,Smoggy,controller,Corrode,3,57,110.7,79.5,0.051,0.667,100.0
4742,Smoggy,controller,Fracture,7,142,156.1,80.2,0.085,0.545,57.1
4742,Smoggy,controller,Haven,15,319,141.2,76.0,0.082,0.511,53.3
4742,Smoggy,controller,Lotus,9,181,153.0,75.9,0.144,0.52,55.6
4742,Smoggy,controller,Pearl,7,141,129.5,74.5,0.05,0.35,42.9
4742,Smoggy,controller,Split,13,272,130.7,73.9,0.14,0.644,53.8
4742,Smoggy,controller,Summit,1,22,86.0,73.0,0.091,0.4,0.0
4742,Smoggy,controller,Sunset,5,113,130.2,72.6,0.08,0.474,60.0
4770,FengF,Flex,Abyss,4,95,124.5,74.5,0.027,0.286,25.0
4770,FengF,Flex,Ascent,6,122,135.3,74.3,0.077,0.545,33.3
4770,FengF,Flex,Bind,2,39,173.0,76.0,0.238,0.625,50.0
4770,FengF,Flex,Breeze,5,106,123.3,75.6,0.048,0.25,20.0
4770,FengF,Flex,Corrode,1,17,175.0,82.0,0.118,0.667,100.0
4770,FengF,Flex,Haven,2,44,106.0,75.0,0.05,0.5,0.0
4770,FengF,Flex,Lotus,5,111,139.8,68.5,0.099,0.324,60.0
4770,FengF,Flex,Pearl,1,16,70.0,44.0,0.0,0.0,0.0
4770,FengF,Flex,Split,6,137,147.5,69.4,0.168,0.479,66.7
4770,FengF,Flex,Summit,3,63,135.0,66.6,0.032,0.25,33.3
4770,FengF,Flex,Sunset,9,203,144.5,70.0,0.055,0.455,55.6
4774,Knight,initiator,Abyss,4,74,98.1,73.1,0.027,0.222,75.0
4774,Knight,initiator,Ascent,2,44,,50.0,0.0,0.0,50.0
4774,Knight,initiator,Bind,3,72,122.8,62.7,0.028,0.222,33.3
4774,Knight,initiator,Breeze,5,112,134.4,74.9,0.063,0.583,40.0
4774,Knight,initiator,Fracture,3,64,113.6,72.2,0.047,0.5,33.3
4774,Knight,initiator,Haven,6,127,159.7,75.9,0.111,0.706,50.0
4774,Knight,initiator,Lotus,8,159,138.3,72.9,0.083,0.571,50.0
4774,Knight,initiator,Pearl,4,69,144.2,75.6,0.029,0.222,100.0
4774,Knight,initiator,Split,8,177,124.4,74.9,0.065,0.5,25.0
4774,Knight,initiator,Summit,5,107,116.7,68.5,0.095,0.545,60.0
4774,Knight,initiator,Sunset,3,78,157.8,78.2,0.09,0.583,66.7
4828,NiSMO,Flex,Ascent,1,18,146.0,78.0,0.056,0.5,0.0
4828,NiSMO,Flex,Breeze,1,26,143.0,77.0,0.192,0.625,0.0
4828,NiSMO,Flex,Split,1,24,157.0,71.0,0.167,0.571,0.0
4828,NiSMO,Flex,Sunset,1,20,123.0,65.0,0.1,0.5,0.0
4866,Kushy,initiator,Abyss,2,60,121.4,68.4,0.067,0.444,50.0
4866,Kushy,initiator,Ascent,1,22,136.0,77.0,0.0,,0.0
4866,Kushy,initiator,Bind,4,87,103.4,71.3,0.08,0.5,50.0
4866,Kushy,initiator,Breeze,6,124,115.5,67.0,0.04,0.385,16.7
4866,Kushy,initiator,Corrode,3,67,127.5,77.6,0.075,0.556,100.0
4866,Kushy,initiator,Fracture,3,56,92.9,85.4,0.036,0.333,100.0
4866,Kushy,initiator,Haven,8,174,127.7,75.3,0.052,0.529,50.0
4866,Kushy,initiator,Lotus,3,70,124.3,83.0,0.071,0.714,100.0
4866,Kushy,initiator,Pearl,6,127,121.4,70.1,0.087,0.611,16.7
4866,Kushy,initiator,Split,2,50,112.2,74.0,0.0,0.0,50.0
4866,Kushy,initiator,Summit,2,54,113.9,61.1,0.037,0.143,0.0
4866,Kushy,initiator,Sunset,2,40,107.0,57.7,0.05,0.25,0.0
4871,xffero,Flex,Abyss,2,60,116.0,81.8,0.033,0.4,50.0
4871,xffero,Flex,Ascent,2,39,157.9,66.7,0.154,0.545,0.0
4871,xffero,Flex,Bind,4,87,155.5,68.8,0.08,0.875,50.0
4871,xffero,Flex,Breeze,9,187,115.1,68.1,0.053,0.4,22.2
4871,xffero,Flex,Corrode,3,67,163.7,80.7,0.09,0.545,100.0
4871,xffero,Flex,Fracture,3,56,180.8,80.6,0.161,0.6,100.0
4871,xffero,Flex,Haven,11,242,155.9,76.4,0.095,0.676,45.5
4871,xffero,Flex,Lotus,4,90,130.7,75.7,0.044,0.5,75.0
4871,xffero,Flex,Pearl,6,127,102.5,70.2,0.039,0.455,16.7
4871,xffero,Flex,Split,2,50,90.2,68.0,0.08,0.5,50.0
4871,xffero,Flex,Summit,4,93,133.1,65.7,0.022,0.222,50.0
4871,xffero,Flex,Sunset,6,123,125.0,74.0,0.057,0.412,33.3
4874,BerserX,Flex,Abyss,1,24,123.0,67.0,0.0,0.0,0.0
4874,BerserX,Flex,Bind,2,38,146.8,76.5,0.079,0.5,50.0
4874,BerserX,Flex,Breeze,3,58,137.6,72.6,0.034,0.5,33.3
4874,BerserX,Flex,Fracture,2,49,133.3,75.3,0.102,0.714,50.0
4874,BerserX,Flex,Haven,1,18,64.0,50.0,0.0,0.0,0.0
4874,BerserX,Flex,Lotus,2,46,104.1,78.2,0.109,0.556,0.0
4874,BerserX,Flex,Pearl,2,36,116.0,72.0,0.056,0.4,0.0
4874,BerserX,Flex,Split,6,133,120.6,73.5,0.068,0.429,16.7
4881,Spitfires,duelist,Ascent,1,20,183.0,65.0,0.1,0.4,0.0
4881,Spitfires,duelist,Bind,1,21,100.0,81.0,0.095,0.333,100.0
4881,Spitfires,duelist,Breeze,6,152,126.3,68.2,0.158,0.558,33.3
4881,Spitfires,duelist,Fracture,6,125,123.9,67.3,0.144,0.514,50.0
4881,Spitfires,duelist,Haven,4,88,121.7,59.5,0.116,0.333,25.0
4881,Spitfires,duelist,Lotus,2,40,167.5,62.5,0.075,0.429,0.0
4881,Spitfires,duelist,Pearl,1,21,91.0,62.0,0.095,0.4,100.0
4881,Spitfires,duelist,Split,5,119,146.4,71.1,0.186,0.667,40.0
4881,Spitfires,duelist,Summit,2,49,92.0,65.0,0.077,0.25,50.0
4881,Spitfires,duelist,Sunset,2,35,113.2,71.7,0.0,0.0,0.0
4885,whzy,duelist,Abyss,6,127,143.0,75.7,0.173,0.524,66.7
4885,whzy,duelist,Ascent,2,44,,65.0,0.25,0.417,50.0
4885,whzy,duelist,Bind,4,89,151.6,69.6,0.124,0.44,25.0
4885,whzy,duelist,Breeze,6,138,158.4,74.6,0.225,0.633,50.0
4885,whzy,duelist,Fracture,3,64,122.6,70.5,0.188,0.522,33.3
4885,whzy,duelist,Haven,7,150,159.1,74.8,0.191,0.694,42.9
4885,whzy,duelist,Lotus,8,159,132.1,65.3,0.16,0.548,50.0
4885,whzy,duelist,Pearl,6,115,159.1,79.1,0.139,0.571,83.3
4885,whzy,duelist,Split,10,213,135.6,65.5,0.131,0.403,20.0
4885,whzy,duelist,Summit,5,107,201.2,73.0,0.19,0.706,60.0
4885,whzy,duelist,Sunset,3,78,146.6,69.2,0.115,0.409,66.7
5011,Abo,Flex,Abyss,1,23,,,,,0.0
5011,Abo,Flex,Ascent,1,20,125.0,70.0,0.05,0.5,0.0
5011,Abo,Flex,Bind,5,106,131.5,73.7,0.123,0.65,40.0
5011,Abo,Flex,Breeze,5,112,122.9,67.9,0.152,0.567,60.0
5011,Abo,Flex,Corrode,2,42,85.0,74.0,0.043,0.333,50.0
5011,Abo,Flex,Fracture,1,21,107.0,76.0,0.048,0.333,0.0
5011,Abo,Flex,Haven,4,89,132.6,65.7,0.114,0.615,50.0
5011,Abo,Flex,Lotus,7,141,122.9,66.4,0.057,0.389,42.9
5011,Abo,Flex,Split,5,107,120.4,66.1,0.091,0.381,40.0
5022,Derke,duelist,Abyss,5,100,116.8,66.0,0.11,0.393,40.0
5022,Derke,duelist,Ascent,5,106,146.8,70.7,0.16,0.567,40.0
5022,Derke,duelist,Bind,3,61,129.4,57.7,0.164,0.37,0.0
5022,Derke,duelist,Breeze,12,237,168.3,71.8,0.241,0.606,66.7
5022,Derke,duelist,Corrode,3,57,188.4,84.2,0.246,0.737,100.0
5022,Derke,duelist,Fracture,2,42,152.9,69.0,0.024,0.167,50.0
5022,Derke,duelist,Haven,11,260,137.4,71.4,0.146,0.521,36.4
5022,Derke,duelist,Lotus,10,202,157.2,78.8,0.168,0.567,60.0
5022,Derke,duelist,Pearl,6,134,147.7,71.7,0.164,0.564,83.3
5022,Derke,duelist,Split,11,228,135.0,69.7,0.189,0.551,54.5
5022,Derke,duelist,Summit,1,19,136.0,74.0,0.105,0.333,100.0
5022,Derke,duelist,Sunset,2,42,154.4,71.4,0.095,0.5,50.0
5132,mada,duelist,Abyss,10,203,127.9,67.4,0.158,0.508,50.0
5132,mada,duelist,Ascent,3,63,109.2,66.7,0.127,0.421,33.3
5132,mada,duelist,Bind,3,68,125.0,63.2,0.221,0.577,33.3
5132,mada,duelist,Breeze,13,281,134.3,78.3,0.121,0.515,76.9
5132,mada,duelist,Corrode,3,61,118.2,62.1,0.213,0.5,33.3
5132,mada,duelist,Fracture,4,91,164.6,80.1,0.242,0.595,75.0
5132,mada,duelist,Haven,11,236,133.0,73.1,0.182,0.544,81.8
5132,mada,duelist,Lotus,11,221,140.8,71.5,0.208,0.523,72.7
5132,mada,duelist,Pearl,13,260,126.3,68.2,0.196,0.5,61.5
5132,mada,duelist,Split,8,187,135.1,66.4,0.193,0.486,25.0
5132,mada,duelist,Summit,4,82,134.5,78.0,0.244,0.606,100.0
5132,mada,duelist,Sunset,4,82,115.9,57.3,0.134,0.355,0.0
5203,Bati,Flex,Breeze,1,21,120.0,81.0,0.048,0.5,100.0
5203,Bati,Flex,Haven,2,45,94.1,62.7,0.044,0.222,0.0
5203,Bati,Flex,Lotus,1,22,74.0,64.0,0.045,0.167,0.0
5203,Bati,Flex,Pearl,2,47,80.8,72.1,0.021,0.25,50.0
5203,Bati,Flex,Split,1,17,87.0,47.0,0.0,0.0,0.0
5292,al0rante,controller,Abyss,3,62,148.9,74.1,0.081,0.385,33.3
5292,al0rante,controller,Ascent,5,96,100.2,62.4,0.052,0.455,20.0
5292,al0rante,controller,Bind,1,26,140.0,69.0,0.0,0.0,100.0
5292,al0rante,controller,Breeze,2,44,126.9,65.9,0.091,0.5,0.0
5292,al0rante,controller,Fracture,1,24,122.0,67.0,0.042,0.333,0.0
5292,al0rante,controller,Haven,3,62,131.2,67.7,0.081,0.556,0.0
5292,al0rante,controller,Lotus,5,108,126.2,59.4,0.083,0.563,40.0
5292,al0rante,controller,Pearl,2,43,113.4,51.3,0.093,0.4,50.0
5292,al0rante,controller,Split,11,230,145.9,71.3,0.096,0.489,18.2
5292,al0rante,controller,Summit,2,44,121.9,70.8,0.091,0.4,0.0
5292,al0rante,controller,Sunset,3,58,169.3,75.8,0.103,0.667,0.0
5395,cortezia,Flex,Abyss,1,21,90.0,71.0,0.143,0.5,100.0
5395,cortezia,Flex,Ascent,3,64,83.3,55.0,0.063,0.286,0.0
5395,cortezia,Flex,Bind,2,50,158.3,64.2,0.06,0.5,50.0
5395,cortezia,Flex,Breeze,8,172,139.3,67.5,0.11,0.594,50.0
5395,cortezia,Flex,Corrode,2,47,130.7,68.1,0.064,0.6,0.0
5395,cortezia,Flex,Fracture,1,24,105.0,63.0,0.125,0.333,0.0
5395,cortezia,Flex,Haven,6,129,136.5,72.1,0.186,0.75,50.0
5395,cortezia,Flex,Lotus,5,116,142.7,71.7,0.078,0.474,40.0
5395,cortezia,Flex,Pearl,1,24,124.0,63.0,0.0,0.0,100.0
5395,cortezia,Flex,Split,6,145,137.5,74.6,0.069,0.435,33.3
5395,cortezia,Flex,Summit,3,52,171.9,76.7,0.038,0.286,66.7
5395,cortezia,Flex,Sunset,2,47,127.6,68.1,0.085,0.4,50.0
5550,grubinho,controller,Abyss,3,57,94.5,66.6,0.07,0.5,66.7
5550,grubinho,controller,Bind,4,99,93.7,64.4,0.03,0.375,0.0
5550,grubinho,controller,Breeze,4,86,124.4,67.5,0.105,0.45,0.0
5550,grubinho,controller,Haven,5,102,97.8,77.4,0.059,0.429,80.0
5550,grubinho,controller,Lotus,1,20,109.0,75.0,0.05,0.5,0.0
5550,grubinho,controller,Pearl,4,84,153.4,77.1,0.06,0.625,25.0
5550,grubinho,controller,Split,4,92,114.2,72.7,0.076,0.636,75.0
5554,PROFEK,controller,Abyss,5,100,109.8,76.9,0.08,0.571,40.0
5554,PROFEK,controller,Ascent,5,106,114.7,71.8,0.047,0.417,40.0
5554,PROFEK,controller,Bind,3,61,137.2,73.8,0.033,0.4,0.0
5554,PROFEK,controller,Breeze,12,237,107.3,72.7,0.076,0.667,66.7
5554,PROFEK,controller,Corrode,3,57,102.3,78.9,0.07,0.4,100.0
5554,PROFEK,controller,Fracture,2,42,166.3,69.1,0.167,0.875,50.0
5554,PROFEK,controller,Haven,11,260,128.3,75.4,0.062,0.485,36.4
5554,PROFEK,controller,Lotus,10,202,112.9,74.2,0.084,0.586,60.0
5554,PROFEK,controller,Pearl,6,134,130.3,76.0,0.104,0.824,83.3
5554,PROFEK,controller,Split,11,228,96.5,69.9,0.061,0.452,54.5
5554,PROFEK,controller,Summit,1,19,128.0,79.0,0.053,1.0,100.0
5554,PROFEK,controller,Sunset,2,42,155.0,76.0,0.095,0.5,50.0
5564,DeadInk,duelist,Abyss,2,48,113.5,71.0,0.146,0.7,50.0
5564,DeadInk,duelist,Ascent,2,46,114.6,76.0,0.174,0.727,100.0
5564,DeadInk,duelist,Haven,1,23,88.0,48.0,0.087,0.5,0.0
5564,DeadInk,duelist,Lotus,3,72,130.7,68.3,0.181,0.684,33.3
5564,DeadInk,duelist,Split,4,84,115.4,72.5,0.167,0.778,75.0
5564,DeadInk,duelist,Summit,3,64,116.7,73.8,0.109,0.538,66.7
5564,DeadInk,duelist,Sunset,1,15,138.0,80.0,0.133,0.5,100.0
5565,Rosé,initiator,Abyss,6,136,119.2,67.9,0.029,0.4,66.7
5565,Rosé,initiator,Ascent,5,104,123.8,74.1,0.067,0.538,60.0
5565,Rosé,initiator,Breeze,7,147,118.0,70.1,0.041,0.375,57.1
5565,Rosé,initiator,Corrode,1,19,112.0,79.0,0.0,,100.0
5565,Rosé,initiator,Fracture,1,18,98.0,28.0,0.056,0.333,0.0
5565,Rosé,initiator,Haven,11,231,108.3,63.0,0.061,0.341,45.5
5565,Rosé,initiator,Lotus,5,106,116.2,72.5,0.075,0.381,40.0
5565,Rosé,initiator,Pearl,4,85,114.0,59.9,0.071,0.375,50.0
5565,Rosé,initiator,Split,7,162,96.3,61.1,0.086,0.483,28.6
5565,Rosé,initiator,Summit,2,45,135.5,75.5,0.089,0.667,50.0
5565,Rosé,initiator,Sunset,4,83,104.5,74.9,0.06,0.357,75.0
5568,sociablEE,controller,Abyss,1,20,72.0,70.0,0.05,0.333,0.0
5568,sociablEE,controller,Ascent,10,188,107.4,73.4,0.074,0.378,60.0
5568,sociablEE,controller,Bind,6,141,117.0,73.7,0.099,0.483,66.7
5568,sociablEE,controller,Breeze,4,72,96.5,51.6,0.042,0.231,50.0
5568,sociablEE,controller,Fracture,5,103,124.0,73.1,0.068,0.389,40.0
5568,sociablEE,controller,Haven,16,355,127.7,73.7,0.087,0.564,75.0
5568,sociablEE,controller,Lotus,12,271,115.6,69.4,0.044,0.279,25.0
5568,sociablEE,controller,Pearl,5,123,118.5,71.8,0.049,0.353,0.0
5568,sociablEE,controller,Split,13,268,122.8,69.6,0.09,0.462,53.8
5568,sociablEE,controller,Summit,2,45,93.3,71.2,0.0,,50.0
5568,sociablEE,controller,Sunset,3,69,153.0,76.7,0.101,0.538,100.0
5654,Avez,initiator,Abyss,3,52,145.4,72.9,0.038,0.5,66.7
5654,Avez,initiator,Ascent,3,55,191.0,83.6,0.036,1.0,100.0
5654,Avez,initiator,Bind,1,21,100.0,67.0,0.143,0.6,0.0
5654,Avez,initiator,Breeze,2,45,107.4,60.1,0.044,0.286,0.0
5654,Avez,initiator,Corrode,1,24,152.0,71.0,0.042,0.2,0.0
5654,Avez,initiator,Fracture,2,42,119.3,78.7,0.071,0.429,0.0
5654,Avez,initiator,Haven,11,242,127.6,76.9,0.107,0.464,72.7
5654,Avez,initiator,Lotus,9,185,97.6,70.8,0.043,0.25,55.6
5654,Avez,initiator,Pearl,3,62,131.6,64.7,0.113,0.368,33.3
5654,Avez,initiator,Split,4,98,134.1,61.4,0.112,0.611,0.0
5654,Avez,initiator,Summit,3,77,102.5,69.1,0.039,0.429,33.3
5654,Avez,initiator,Sunset,3,56,132.1,69.4,0.125,0.583,100.0
5796,Kr1stal,initiator,Abyss,6,130,132.9,74.6,0.069,0.5,83.3
5796,Kr1stal,initiator,Ascent,6,128,128.1,72.6,0.078,0.625,66.7
5796,Kr1stal,initiator,Bind,3,68,117.5,72.1,0.044,0.333,33.3
5796,Kr1stal,initiator,Breeze,13,278,122.0,70.6,0.05,0.519,61.5
5796,Kr1stal,initiator,Corrode,1,23,124.0,78.0,0.087,1.0,0.0
5796,Kr1stal,initiator,Fracture,2,45,72.3,62.3,0.067,0.333,0.0
5796,Kr1stal,initiator,Haven,9,204,126.6,75.1,0.074,0.517,66.7
5796,Kr1stal,initiator,Lotus,7,145,129.8,70.2,0.062,0.391,42.9
5796,Kr1stal,initiator,Pearl,6,122,162.3,74.4,0.074,0.529,66.7
5796,Kr1stal,initiator,Split,14,290,114.9,74.5,0.079,0.605,50.0
5796,Kr1stal,initiator,Summit,4,88,109.1,71.5,0.034,0.333,75.0
5796,Kr1stal,initiator,Sunset,4,92,96.7,64.0,0.033,0.273,25.0
5957,artzin,controller,Abyss,5,101,118.8,72.2,0.109,0.458,60.0
5957,artzin,controller,Ascent,2,43,77.6,67.4,0.047,0.286,0.0
5957,artzin,controller,Bind,2,40,86.8,64.8,0.075,0.429,0.0
5957,artzin,controller,Breeze,13,266,126.3,73.4,0.083,0.5,46.2
5957,artzin,controller,Haven,15,338,144.3,69.3,0.068,0.371,46.7
5957,artzin,controller,Lotus,3,57,129.7,64.6,0.035,0.4,33.3
5957,artzin,controller,Pearl,5,97,139.4,77.1,0.103,0.588,60.0
5957,artzin,controller,Split,10,200,117.0,72.0,0.045,0.321,60.0
5957,artzin,controller,Summit,3,66,145.5,66.9,0.106,0.438,0.0
5957,artzin,controller,Sunset,5,102,133.2,66.7,0.078,0.421,40.0
6022,yosemite,sentinel,Abyss,4,83,181.6,73.0,0.127,0.571,25.0
6022,yosemite,sentinel,Ascent,3,62,171.8,68.0,0.161,0.625,66.7
6022,yosemite,sentinel,Bind,5,103,140.6,69.4,0.094,0.5,40.0
6022,yosemite,sentinel,Breeze,3,55,115.8,52.6,0.036,0.167,0.0
6022,yosemite,sentinel,Fracture,3,66,124.7,71.4,0.091,0.462,33.3
6022,yosemite,sentinel,Haven,8,171,151.8,75.1,0.104,0.619,37.5
6022,yosemite,sentinel,Lotus,11,237,115.9,66.5,0.074,0.444,27.3
6022,yosemite,sentinel,Pearl,2,43,213.3,86.2,0.093,0.667,100.0
6022,yosemite,sentinel,Split,3,52,103.6,61.4,0.038,0.222,33.3
6022,yosemite,sentinel,Summit,4,101,131.2,59.2,0.139,0.636,25.0
6022,yosemite,sentinel,Sunset,4,86,112.3,76.8,0.109,0.583,50.0
6126,sibeastw0w,initiator,Ascent,1,15,198.0,,0.133,0.667,0.0
6126,sibeastw0w,initiator,Breeze,1,23,114.0,70.0,0.0,,0.0
6126,sibeastw0w,initiator,Summit,1,30,140.0,77.0,0.1,0.6,0.0
6126,sibeastw0w,initiator,Sunset,2,44,111.5,68.6,0.0,0.0,50.0
6193,cauanzin,initiator,Abyss,2,50,118.1,72.2,0.06,0.273,0.0
6193,cauanzin,initiator,Bind,2,35,93.9,71.2,0.029,0.333,0.0
6193,cauanzin,initiator,Breeze,5,113,135.7,74.4,0.071,0.615,80.0
6193,cauanzin,initiator,Haven,5,106,113.1,70.1,0.057,0.462,20.0
6193,cauanzin,initiator,Lotus,2,36,90.4,72.2,0.028,0.25,50.0
6193,cauanzin,initiator,Pearl,3,62,115.6,66.1,0.065,0.5,33.3
6193,cauanzin,initiator,Split,3,55,100.2,60.1,0.073,0.444,0.0
6582,neT,initiator,Ascent,5,110,124.9,72.6,0.073,0.615,20.0
6582,neT,initiator,Breeze,1,19,110.0,79.0,0.0,0.0,0.0
6582,neT,initiator,Haven,2,40,112.5,70.1,0.1,0.8,0.0
6582,neT,initiator,Lotus,1,18,116.0,72.0,0.0,0.0,100.0
6582,neT,initiator,Split,4,76,139.3,70.8,0.105,0.471,25.0
6582,neT,initiator,Summit,1,22,179.0,73.0,0.136,0.75,100.0
6582,neT,initiator,Sunset,3,64,137.2,62.7,0.063,0.4,0.0
6668,SugarZ3ro,controller,Abyss,2,46,157.3,80.4,0.152,0.636,50.0
6668,SugarZ3ro,controller,Ascent,2,37,91.4,59.6,0.081,0.6,0.0
6668,SugarZ3ro,controller,Bind,4,83,115.1,73.7,0.048,0.667,50.0
6668,SugarZ3ro,controller,Breeze,4,90,119.1,72.2,0.089,0.533,50.0
6668,SugarZ3ro,controller,Corrode,1,17,66.0,59.0,0.059,0.25,0.0
6668,SugarZ3ro,controller,Fracture,3,60,139.6,76.8,0.117,0.583,33.3
6668,SugarZ3ro,controller,Haven,9,189,123.4,72.4,0.053,0.37,33.3
6668,SugarZ3ro,controller,Lotus,3,64,105.5,70.2,0.063,0.364,0.0
6668,SugarZ3ro,controller,Pearl,1,18,51.0,56.0,0.0,0.0,0.0
6668,SugarZ3ro,controller,Split,9,184,112.3,70.2,0.038,0.304,22.2
6668,SugarZ3ro,controller,Sunset,5,122,100.9,76.3,0.057,0.292,80.0
6672,Meiy,duelist,Abyss,1,21,103.0,71.0,0.19,0.5,100.0
6672,Meiy,duelist,Ascent,8,173,138.3,73.3,0.185,0.571,50.0
6672,Meiy,duelist,Bind,3,65,148.5,72.3,0.077,0.417,33.3
6672,Meiy,duelist,Breeze,5,102,147.9,70.0,0.118,0.4,40.0
6672,Meiy,duelist,Corrode,1,18,177.0,56.0,0.111,1.0,0.0
6672,Meiy,duelist,Fracture,2,43,170.1,81.5,0.279,0.706,50.0
6672,Meiy,duelist,Haven,8,188,155.8,70.2,0.186,0.686,37.5
6672,Meiy,duelist,Lotus,7,160,158.8,75.7,0.163,0.565,42.9
6672,Meiy,duelist,Pearl,7,150,155.2,74.6,0.207,0.596,42.9
6672,Meiy,duelist,Split,8,160,178.6,78.9,0.181,0.537,75.0
6672,Meiy,duelist,Summit,2,43,147.0,69.7,0.186,0.615,0.0
6672,Meiy,duelist,Sunset,3,59,102.2,62.9,0.169,0.5,66.7
6959,Flickless,Flex,Abyss,3,57,92.4,68.4,0.035,0.5,66.7
6959,Flickless,Flex,Ascent,5,110,120.1,68.1,0.109,0.444,20.0
6959,Flickless,Flex,Bind,4,99,131.5,63.6,0.131,0.722,0.0
6959,Flickless,Flex,Breeze,5,105,123.6,60.1,0.029,0.12,0.0
6959,Flickless,Flex,Haven,7,142,131.8,72.5,0.07,0.625,57.1
6959,Flickless,Flex,Lotus,2,38,115.2,71.2,0.079,0.429,50.0
6959,Flickless,Flex,Pearl,4,84,108.9,79.8,0.083,0.583,25.0
6959,Flickless,Flex,Split,8,168,134.0,72.5,0.077,0.481,50.0
6959,Flickless,Flex,Summit,1,22,136.0,68.0,0.091,0.333,100.0
6959,Flickless,Flex,Sunset,3,64,86.5,64.4,0.047,0.25,0.0
7049,natz,sentinel,Ascent,2,42,142.1,64.6,0.167,0.778,0.0
7049,natz,sentinel,Breeze,2,37,94.2,62.2,0.027,0.167,0.0
7049,natz,sentinel,Haven,3,60,127.5,64.8,0.1,0.462,66.7
7049,natz,sentinel,Split,3,66,120.5,65.2,0.106,0.5,0.0
7049,natz,sentinel,Summit,3,67,117.7,65.4,0.104,0.538,33.3
7049,natz,sentinel,Sunset,2,41,110.7,65.6,0.073,0.6,100.0
7105,qpert,controller,Abyss,3,62,106.0,70.9,0.065,0.4,33.3
7105,qpert,controller,Ascent,5,96,110.6,69.7,0.115,0.647,20.0
7105,qpert,controller,Bind,1,26,123.0,81.0,0.038,0.5,100.0
7105,qpert,controller,Breeze,2,44,85.3,70.5,0.023,0.167,0.0
7105,qpert,controller,Fracture,1,24,117.0,88.0,0.125,0.75,0.0
7105,qpert,controller,Haven,3,62,99.3,62.8,0.016,0.143,0.0
7105,qpert,controller,Lotus,5,108,110.8,70.4,0.065,0.412,40.0
7105,qpert,controller,Pearl,2,43,102.9,67.5,0.023,0.333,50.0
7105,qpert,controller,Split,11,230,96.9,72.6,0.03,0.269,18.2
7105,qpert,controller,Summit,2,44,125.0,70.5,0.091,0.667,0.0
7105,qpert,controller,Sunset,3,58,93.9,60.4,0.052,0.25,0.0
7378,Jinggg,duelist,Abyss,3,60,119.6,58.3,0.067,0.235,33.3
7378,Jinggg,duelist,Ascent,9,200,126.2,77.4,0.05,0.417,77.8
7378,Jinggg,duelist,Bind,4,87,141.6,62.2,0.161,0.583,25.0
7378,Jinggg,duelist,Breeze,18,386,134.4,74.3,0.101,0.574,66.7
7378,Jinggg,duelist,Corrode,8,168,152.8,75.4,0.089,0.536,50.0
7378,Jinggg,duelist,Fracture,6,127,198.0,80.5,0.205,0.619,83.3
7378,Jinggg,duelist,Haven,8,190,143.0,77.3,0.105,0.526,62.5
7378,Jinggg,duelist,Lotus,9,171,172.5,80.4,0.123,0.568,66.7
7378,Jinggg,duelist,Pearl,10,216,138.1,71.8,0.167,0.563,50.0
7378,Jinggg,duelist,Split,20,417,139.5,73.1,0.141,0.551,70.0
7378,Jinggg,duelist,Summit,3,60,150.1,72.1,0.133,0.5,100.0
7378,Jinggg,duelist,Sunset,3,73,148.3,67.3,0.164,0.522,0.0
7416,skye,sentinel,Ascent,1,21,103.0,52.0,0.095,0.5,0.0
7416,skye,sentinel,Summit,1,23,137.0,70.0,0.13,0.75,0.0
7437,kellyS,Flex,Abyss,1,24,118.0,63.0,0.042,0.25,0.0
7437,kellyS,Flex,Ascent,3,63,119.5,68.2,0.063,0.4,0.0
7437,kellyS,Flex,Bind,2,38,169.1,79.3,0.132,0.417,50.0
7437,kellyS,Flex,Breeze,5,95,113.9,74.7,0.116,0.55,20.0
7437,kellyS,Flex,Fracture,2,49,136.3,83.7,0.041,0.333,50.0
7437,kellyS,Flex,Haven,4,78,145.9,71.6,0.064,0.5,50.0
7437,kellyS,Flex,Lotus,2,46,144.2,76.0,0.174,0.615,0.0
7437,kellyS,Flex,Pearl,2,36,160.5,75.0,0.139,0.625,0.0
7437,kellyS,Flex,Split,9,199,137.4,68.7,0.08,0.444,11.1
7437,kellyS,Flex,Summit,4,90,124.0,73.4,0.089,0.5,25.0
7437,kellyS,Flex,Sunset,2,41,163.6,82.7,0.146,0.75,100.0
7603,Mazino,controller,Abyss,5,97,122.1,67.1,0.113,0.5,20.0
7603,Mazino,controller,Ascent,3,57,124.1,73.5,0.088,0.625,66.7
7603,Mazino,controller,Bind,3,59,129.8,71.2,0.068,0.4,66.7
7603,Mazino,controller,Breeze,9,189,107.9,69.7,0.063,0.387,55.6
7603,Mazino,controller,Corrode,3,62,166.5,72.5,0.032,0.2,66.7
7603,Mazino,controller,Fracture,2,41,128.4,65.5,0.024,0.5,50.0
7603,Mazino,controller,Haven,11,226,124.5,72.6,0.071,0.432,54.5
7603,Mazino,controller,Lotus,3,78,142.4,68.0,0.141,0.579,33.3
7603,Mazino,controller,Split,9,205,118.0,72.3,0.068,0.467,44.4
7603,Mazino,controller,Summit,1,17,81.0,71.0,0.059,1.0,0.0
7603,Mazino,controller,Sunset,7,142,130.8,72.4,0.07,0.5,57.1
7660,Fizzy,controller,Ascent,2,36,104.7,66.5,0.083,0.75,50.0
7660,Fizzy,controller,Haven,2,42,135.0,73.7,0.119,0.714,100.0
7660,Fizzy,controller,Lotus,4,85,112.7,73.0,0.071,0.462,75.0
7660,Fizzy,controller,Split,3,58,102.0,76.0,0.052,0.333,66.7
7660,Fizzy,controller,Summit,1,22,145.0,64.0,0.045,0.5,0.0
7716,penny,duelist,Abyss,2,39,115.6,69.2,0.103,0.333,50.0
7716,penny,duelist,Bind,2,40,119.9,62.7,0.1,0.4,50.0
7716,penny,duelist,Breeze,4,89,124.9,69.8,0.169,0.556,50.0
7716,penny,duelist,Corrode,1,24,168.0,67.0,0.083,0.333,0.0
7716,penny,duelist,Haven,3,60,117.8,69.9,0.083,0.455,33.3
7716,penny,duelist,Pearl,6,132,117.9,64.5,0.121,0.432,33.3
7716,penny,duelist,Split,5,119,140.9,76.6,0.059,0.35,100.0
7754,xavi8k,controller,Abyss,6,130,140.8,73.8,0.085,0.611,83.3
7754,xavi8k,controller,Ascent,6,128,153.1,75.9,0.078,0.526,66.7
7754,xavi8k,controller,Bind,3,68,112.4,70.6,0.044,0.429,33.3
7754,xavi8k,controller,Breeze,13,278,111.8,71.2,0.058,0.444,61.5
7754,xavi8k,controller,Corrode,1,23,84.0,70.0,0.0,0.0,0.0
7754,xavi8k,controller,Fracture,2,45,92.3,55.2,0.022,0.167,0.0
7754,xavi8k,controller,Haven,9,204,139.1,73.4,0.093,0.679,66.7
7754,xavi8k,controller,Lotus,7,145,115.4,69.1,0.048,0.28,42.9
7754,xavi8k,controller,Pearl,6,122,99.6,73.8,0.049,0.375,66.7
7754,xavi8k,controller,Split,14,290,115.2,70.8,0.059,0.405,50.0
7754,xavi8k,controller,Summit,4,88,146.0,84.3,0.091,0.667,75.0
7754,xavi8k,controller,Sunset,4,92,143.5,70.5,0.054,0.5,25.0
7849,SiuFatBB,initiator,Abyss,4,83,138.6,69.8,0.032,0.667,25.0
7849,SiuFatBB,initiator,Ascent,3,62,153.9,80.8,0.048,0.667,33.3
7849,SiuFatBB,initiator,Bind,5,103,87.8,77.6,0.047,0.444,40.0
7849,SiuFatBB,initiator,Breeze,8,155,104.1,71.0,0.065,0.667,25.0
7849,SiuFatBB,initiator,Fracture,3,66,116.3,71.2,0.015,0.2,33.3
7849,SiuFatBB,initiator,Haven,4,80,87.7,74.7,0.089,0.833,75.0
7849,SiuFatBB,initiator,Lotus,9,195,95.9,66.2,0.023,0.25,22.2
7849,SiuFatBB,initiator,Pearl,2,43,90.1,70.1,0.023,0.333,100.0
7849,SiuFatBB,initiator,Split,7,167,113.0,74.3,0.056,0.667,71.4
7849,SiuFatBB,initiator,Summit,5,104,109.8,75.2,0.019,0.333,80.0
7849,SiuFatBB,initiator,Sunset,6,125,117.8,77.5,0.04,0.385,100.0
7857,BerLIN,initiator,Ascent,4,89,161.8,64.1,0.09,0.444,50.0
7857,BerLIN,initiator,Bind,3,66,103.6,66.7,0.076,0.313,0.0
7857,BerLIN,initiator,Breeze,7,151,140.2,73.7,0.104,0.579,42.9
7857,BerLIN,initiator,Fracture,2,37,80.3,73.1,0.054,0.333,50.0
7857,BerLIN,initiator,Haven,3,57,80.0,50.0,0.05,0.25,0.0
7857,BerLIN,initiator,Lotus,6,125,109.7,72.0,0.056,0.368,66.7
7857,BerLIN,initiator,Pearl,7,134,190.3,83.0,0.085,0.417,57.1
7857,BerLIN,initiator,Split,12,260,102.7,76.5,0.051,0.353,41.7
7857,BerLIN,initiator,Summit,6,119,118.2,66.6,0.067,0.348,33.3
7857,BerLIN,initiator,Sunset,4,91,101.6,65.9,0.044,0.4,25.0
7871,Xeppaa,initiator,Abyss,2,39,128.5,71.7,0.0,0.0,50.0
7871,Xeppaa,initiator,Bind,2,40,83.3,67.6,0.025,0.5,50.0
7871,Xeppaa,initiator,Breeze,5,113,111.9,72.6,0.044,0.385,40.0
7871,Xeppaa,initiator,Corrode,1,24,83.0,63.0,0.125,0.5,0.0
7871,Xeppaa,initiator,Haven,3,60,103.8,70.3,0.017,0.143,33.3
7871,Xeppaa,initiator,Lotus,2,33,118.0,60.5,0.03,0.5,0.0
7871,Xeppaa,initiator,Pearl,6,132,158.9,71.3,0.045,0.4,33.3
7871,Xeppaa,initiator,Split,7,162,138.5,82.0,0.068,0.579,85.7
7873,leaf,controller,Abyss,7,134,116.2,75.3,0.082,0.55,71.4
7873,leaf,controller,Ascent,7,145,158.5,77.3,0.09,0.419,28.6
7873,leaf,controller,Bind,4,91,137.0,69.5,0.066,0.316,75.0
7873,leaf,controller,Breeze,14,284,124.5,67.2,0.067,0.38,64.3
7873,leaf,controller,Corrode,6,115,141.2,68.8,0.087,0.476,33.3
7873,leaf,controller,Fracture,1,26,178.0,69.0,0.077,0.333,100.0
7873,leaf,controller,Haven,13,279,131.5,71.8,0.122,0.442,61.5
7873,leaf,controller,Lotus,12,251,129.1,70.2,0.112,0.438,75.0
7873,leaf,controller,Pearl,6,121,145.4,77.5,0.149,0.563,100.0
7873,leaf,controller,Split,15,335,143.5,70.0,0.099,0.516,46.7
7873,leaf,controller,Summit,2,40,106.7,57.5,0.05,0.333,50.0
7873,leaf,controller,Sunset,5,120,131.8,71.5,0.075,0.321,80.0
7987,KovaQ,controller,Ascent,4,82,135.3,69.8,0.065,0.364,50.0
7987,KovaQ,controller,Bind,1,18,119.0,61.0,0.111,0.667,0.0
7987,KovaQ,controller,Breeze,3,66,118.5,74.1,0.106,0.636,100.0
7987,KovaQ,controller,Fracture,2,37,145.9,70.1,0.027,0.5,50.0
7987,KovaQ,controller,Lotus,6,131,114.8,64.7,0.103,0.393,16.7
7987,KovaQ,controller,Pearl,4,78,119.8,77.6,0.077,0.429,75.0
7987,KovaQ,controller,Split,7,149,120.3,74.0,0.07,0.538,28.6
7987,KovaQ,controller,Summit,2,35,144.3,82.6,0.057,0.333,100.0
7987,KovaQ,controller,Sunset,5,104,140.1,73.9,0.087,0.45,60.0
8044,MrFaliN,Flex,Abyss,2,37,86.5,56.7,0.0,0.0,0.0
8044,MrFaliN,Flex,Corrode,1,34,139.0,74.0,0.176,0.667,100.0
8044,MrFaliN,Flex,Haven,1,26,91.0,62.0,0.115,0.5,0.0
8044,MrFaliN,Flex,Pearl,1,20,138.0,65.0,0.0,0.0,0.0
8044,MrFaliN,Flex,Split,3,70,125.3,67.1,0.057,0.444,33.3
8226,waddle,initiator,Ascent,5,96,156.0,67.9,0.031,0.273,20.0
8226,waddle,initiator,Haven,1,19,129.0,58.0,0.0,,0.0
8226,waddle,initiator,Lotus,3,67,95.1,71.5,0.045,0.333,66.7
8226,waddle,initiator,Split,4,83,160.9,74.9,0.072,0.6,25.0
8226,waddle,initiator,Summit,2,44,99.0,61.7,0.0,0.0,0.0
8226,waddle,initiator,Sunset,3,58,125.9,63.9,0.017,0.167,0.0
8240,Layla,sentinel,Ascent,1,21,187.0,71.0,0.286,0.667,0.0
8240,Layla,sentinel,Haven,1,24,115.0,63.0,0.042,0.333,100.0
8240,Layla,sentinel,Lotus,1,19,131.0,47.0,0.053,0.25,0.0
8240,Layla,sentinel,Summit,1,30,96.0,57.0,0.133,0.364,0.0
8240,Layla,sentinel,Sunset,1,24,172.0,79.0,0.125,0.75,0.0
8286,GLYPH,controller,Abyss,4,92,96.0,71.6,0.098,0.643,50.0
8286,GLYPH,controller,Ascent,8,166,111.3,75.8,0.03,0.385,62.5
8286,GLYPH,controller,Bind,6,129,107.8,75.2,0.023,0.25,66.7
8286,GLYPH,controller,Breeze,2,41,114.7,71.0,0.0,0.0,0.0
8286,GLYPH,controller,Corrode,3,72,108.7,68.1,0.028,0.4,0.0
8286,GLYPH,controller,Fracture,3,54,103.7,81.6,0.056,0.75,66.7
8286,GLYPH,controller,Haven,10,230,111.0,68.6,0.091,0.6,30.0
8286,GLYPH,controller,Lotus,5,107,142.8,82.2,0.103,0.786,20.0
8286,GLYPH,controller,Pearl,8,183,108.7,78.6,0.027,0.357,87.5
8286,GLYPH,controller,Split,9,169,105.1,67.6,0.071,0.6,44.4
8286,GLYPH,controller,Summit,2,37,92.5,70.1,0.0,0.0,50.0
8286,GLYPH,controller,Sunset,3,56,114.0,71.5,0.018,0.333,66.7
8369,yetujey,Flex,Abyss,2,37,81.0,57.1,0.081,0.333,0.0
8369,yetujey,Flex,Ascent,10,188,133.6,72.2,0.053,0.556,60.0
8369,yetujey,Flex,Bind,3,64,143.7,78.0,0.078,0.556,100.0
8369,yetujey,Flex,Breeze,2,36,129.6,75.0,0.111,0.571,50.0
8369,yetujey,Flex,Corrode,1,34,119.0,71.0,0.029,0.25,100.0
8369,yetujey,Flex,Fracture,5,103,140.8,72.0,0.107,0.688,40.0
8369,yetujey,Flex,Haven,14,319,126.6,71.8,0.094,0.566,78.6
8369,yetujey,Flex,Lotus,12,271,131.3,69.4,0.055,0.536,25.0
8369,yetujey,Flex,Pearl,6,143,131.3,72.8,0.056,0.571,0.0
8369,yetujey,Flex,Split,13,272,128.6,70.8,0.066,0.367,46.2
8369,yetujey,Flex,Summit,2,45,90.3,57.9,0.044,0.25,50.0
8369,yetujey,Flex,Sunset,3,69,140.8,66.9,0.101,0.5,100.0
8373,Okeanos,Flex,Abyss,3,69,94.9,67.9,0.0,0.0,66.7
8373,Okeanos,Flex,Bind,3,74,134.2,66.3,0.095,0.467,0.0
8373,Okeanos,Flex,Breeze,1,17,105.0,65.0,0.059,0.5,0.0
8373,Okeanos,Flex,Corrode,2,41,142.0,70.9,0.171,0.5,50.0
8373,Okeanos,Flex,Fracture,1,21,109.0,57.0,0.048,0.167,0.0
8373,Okeanos,Flex,Haven,5,109,108.3,61.5,0.046,0.333,40.0
8373,Okeanos,Flex,Lotus,1,23,137.0,78.0,0.043,0.5,0.0
8373,Okeanos,Flex,Pearl,4,94,110.7,64.7,0.128,0.522,25.0
8376,seven,duelist,Abyss,3,62,162.5,77.2,0.097,0.5,33.3
8376,seven,duelist,Ascent,5,96,103.4,61.6,0.042,0.154,20.0
8376,seven,duelist,Bind,1,26,149.0,62.0,0.192,0.455,100.0
8376,seven,duelist,Breeze,2,44,170.6,72.9,0.205,0.75,0.0
8376,seven,duelist,Fracture,1,24,151.0,79.0,0.167,0.667,0.0
8376,seven,duelist,Haven,3,62,135.4,67.9,0.145,0.45,0.0
8376,seven,duelist,Lotus,5,108,132.6,72.1,0.074,0.333,40.0
8376,seven,duelist,Pearl,2,43,99.0,56.0,0.116,0.417,50.0
8376,seven,duelist,Split,11,230,132.8,70.1,0.152,0.427,18.2
8376,seven,duelist,Summit,2,44,161.3,75.0,0.136,0.4,0.0
8376,seven,duelist,Sunset,3,58,116.4,62.2,0.103,0.316,0.0
8419,Reduxx,Flex,Abyss,1,21,158.0,76.0,0.19,0.8,100.0
8419,Reduxx,Flex,Ascent,3,64,131.7,67.3,0.094,0.4,0.0
8419,Reduxx,Flex,Bind,2,50,125.9,66.3,0.1,0.385,50.0
8419,Reduxx,Flex,Breeze,8,172,119.7,66.9,0.116,0.465,50.0
8419,Reduxx,Flex,Corrode,2,47,99.6,65.7,0.191,0.429,0.0
8419,Reduxx,Flex,Fracture,1,24,192.0,67.0,0.125,0.429,0.0
8419,Reduxx,Flex,Haven,6,129,126.3,76.0,0.101,0.65,50.0
8419,Reduxx,Flex,Lotus,5,116,135.3,75.8,0.095,0.524,40.0
8419,Reduxx,Flex,Pearl,1,24,149.0,71.0,0.292,0.7,100.0
8419,Reduxx,Flex,Split,6,145,142.7,74.7,0.138,0.625,33.3
8419,Reduxx,Flex,Summit,3,52,140.8,72.8,0.135,0.438,66.7
8419,Reduxx,Flex,Sunset,2,47,150.1,78.8,0.191,0.818,50.0
8422,Spaz,controller,Ascent,1,18,81.0,78.0,0.0,0.0,0.0
8422,Spaz,controller,Breeze,1,26,52.0,58.0,0.0,0.0,0.0
8422,Spaz,controller,Split,1,24,167.0,75.0,0.208,1.0,0.0
8422,Spaz,controller,Sunset,1,20,148.0,65.0,0.05,0.333,0.0
8447,Less,controller,Ascent,3,67,138.6,68.5,0.075,0.556,66.7
8447,Less,controller,Bind,2,36,134.5,64.1,0.278,0.714,50.0
8447,Less,controller,Breeze,9,191,126.4,60.8,0.073,0.389,22.2
8447,Less,controller,Haven,5,108,174.4,78.6,0.148,0.696,60.0
8447,Less,controller,Lotus,9,197,162.6,75.6,0.091,0.462,77.8
8447,Less,controller,Split,4,71,148.1,62.2,0.07,0.455,25.0
8447,Less,controller,Summit,3,54,121.1,70.4,0.093,0.357,33.3
8447,Less,controller,Sunset,5,90,116.1,71.2,0.044,0.444,40.0
8480,aspas,duelist,Abyss,5,97,120.4,71.2,0.124,0.429,20.0
8480,aspas,duelist,Ascent,3,57,150.1,82.2,0.175,0.714,66.7
8480,aspas,duelist,Bind,3,59,161.4,66.1,0.136,0.571,66.7
8480,aspas,duelist,Breeze,9,189,145.7,71.8,0.143,0.587,55.6
8480,aspas,duelist,Corrode,3,62,139.0,74.2,0.161,0.667,66.7
8480,aspas,duelist,Fracture,2,41,164.8,85.1,0.22,0.818,50.0
8480,aspas,duelist,Haven,11,226,135.1,71.8,0.137,0.492,54.5
8480,aspas,duelist,Lotus,3,78,150.6,69.2,0.115,0.409,33.3
8480,aspas,duelist,Split,9,205,139.9,73.1,0.146,0.577,44.4
8480,aspas,duelist,Summit,1,17,96.0,47.0,0.118,0.333,0.0
8480,aspas,duelist,Sunset,7,142,153.3,72.7,0.155,0.537,57.1
8497,Monyet,Flex,Abyss,2,60,140.4,76.6,0.167,0.435,50.0
8497,Monyet,Flex,Ascent,2,39,117.0,74.2,0.0,0.0,0.0
8497,Monyet,Flex,Bind,4,87,119.8,57.4,0.08,0.269,50.0
8497,Monyet,Flex,Breeze,9,187,132.5,69.5,0.091,0.472,22.2
8497,Monyet,Flex,Corrode,3,67,130.8,73.0,0.075,0.313,100.0
8497,Monyet,Flex,Fracture,3,56,154.3,85.7,0.232,0.565,100.0
8497,Monyet,Flex,Haven,11,242,108.2,67.8,0.083,0.385,45.5
8497,Monyet,Flex,Lotus,4,90,136.1,70.1,0.133,0.632,75.0
8497,Monyet,Flex,Pearl,6,127,148.7,69.4,0.102,0.317,16.7
8497,Monyet,Flex,Split,2,50,123.0,72.0,0.22,0.524,50.0
8497,Monyet,Flex,Summit,4,93,142.7,72.8,0.086,0.571,50.0
8497,Monyet,Flex,Sunset,6,123,146.1,78.1,0.049,0.429,33.3
8504,invy,initiator,Abyss,3,60,92.6,56.8,0.017,0.2,33.3
8504,invy,initiator,Ascent,9,200,155.7,76.1,0.075,0.577,77.8
8504,invy,initiator,Bind,4,87,134.5,72.4,0.023,0.182,25.0
8504,invy,initiator,Breeze,18,386,142.2,78.4,0.057,0.629,66.7
8504,invy,initiator,Corrode,8,168,118.4,64.8,0.077,0.433,50.0
8504,invy,initiator,Fracture,6,127,125.9,83.4,0.055,0.583,83.3
8504,invy,initiator,Haven,8,190,121.5,75.9,0.068,0.448,62.5
8504,invy,initiator,Lotus,9,171,127.3,78.9,0.07,0.5,66.7
8504,invy,initiator,Pearl,10,216,138.2,72.2,0.074,0.457,50.0
8504,invy,initiator,Split,20,417,137.6,77.1,0.074,0.608,70.0
8504,invy,initiator,Summit,3,60,117.6,76.7,0.067,0.667,100.0
8504,invy,initiator,Sunset,3,73,140.5,72.7,0.041,0.25,0.0
8549,kiNgg,controller,Abyss,2,42,106.6,76.3,0.095,0.5,50.0
8549,kiNgg,controller,Ascent,7,138,89.2,79.7,0.036,0.333,85.7
8549,kiNgg,controller,Bind,7,142,129.8,67.8,0.063,0.45,71.4
8549,kiNgg,controller,Breeze,6,133,94.0,67.6,0.068,0.75,0.0
8549,kiNgg,controller,Corrode,1,23,78.0,65.0,0.087,0.667,100.0
8549,kiNgg,controller,Fracture,5,99,112.9,77.8,0.02,0.4,40.0
8549,kiNgg,controller,Haven,9,193,100.9,74.6,0.073,0.519,66.7
8549,kiNgg,controller,Lotus,7,131,97.6,71.9,0.053,0.538,42.9
8549,kiNgg,controller,Pearl,9,177,120.6,73.4,0.056,0.625,55.6
8549,kiNgg,controller,Split,18,373,139.1,81.3,0.099,0.587,83.3
8549,kiNgg,controller,Summit,4,85,127.2,74.1,0.094,0.533,25.0
8549,kiNgg,controller,Sunset,4,72,119.4,79.0,0.056,0.444,75.0
8582,Laz,sentinel,Ascent,3,71,123.6,68.8,0.113,0.571,100.0
8582,Laz,sentinel,Breeze,3,68,126.8,76.4,0.029,0.222,66.7
8582,Laz,sentinel,Haven,3,56,133.9,66.0,0.018,0.333,33.3
8582,Laz,sentinel,Sunset,3,58,104.2,58.9,0.052,0.5,0.0
8673,heat,Flex,Ascent,3,67,146.1,74.4,0.179,0.632,66.7
8673,heat,Flex,Breeze,6,128,124.2,66.5,0.133,0.654,16.7
8673,heat,Flex,Haven,1,21,114.0,76.0,0.095,0.5,100.0
8673,heat,Flex,Lotus,4,88,128.5,75.0,0.136,0.667,75.0
8673,heat,Flex,Split,2,31,126.0,61.2,0.032,0.143,0.0
8673,heat,Flex,Summit,3,54,123.4,70.7,0.111,0.6,33.3
8673,heat,Flex,Sunset,5,90,139.2,71.1,0.189,0.586,40.0
8872,mazin,initiator,Ascent,1,24,93.0,63.0,0.042,0.5,0.0
8872,mazin,initiator,Breeze,1,17,117.0,65.0,0.118,0.5,0.0
8872,mazin,initiator,Lotus,2,41,90.0,61.2,0.049,0.4,50.0
8872,mazin,initiator,Split,1,17,45.0,65.0,0.0,0.0,0.0
8873,dgzin,duelist,Abyss,3,69,137.9,77.0,0.217,0.6,66.7
8873,dgzin,duelist,Ascent,2,32,147.4,71.7,0.219,0.875,50.0
8873,dgzin,duelist,Bind,4,93,142.1,63.6,0.183,0.5,0.0
8873,dgzin,duelist,Breeze,6,114,142.9,63.2,0.202,0.535,33.3
8873,dgzin,duelist,Corrode,2,41,203.8,78.0,0.195,0.727,50.0
8873,dgzin,duelist,Fracture,1,21,123.0,57.0,0.238,0.455,0.0
8873,dgzin,duelist,Haven,10,221,160.9,74.6,0.222,0.613,40.0
8873,dgzin,duelist,Lotus,5,117,139.7,66.8,0.145,0.395,20.0
8873,dgzin,duelist,Pearl,4,94,128.2,66.2,0.16,0.5,25.0
8873,dgzin,duelist,Split,1,18,128.0,56.0,0.278,0.556,0.0
8873,dgzin,duelist,Summit,2,40,172.0,75.4,0.2,0.667,100.0
8873,dgzin,duelist,Sunset,5,107,139.5,60.9,0.168,0.486,60.0
9063,infiltrator,duelist,Abyss,2,40,186.1,87.4,0.125,0.714,50.0
9063,infiltrator,duelist,Bind,1,17,90.0,41.0,0.176,0.3,0.0
9063,infiltrator,duelist,Breeze,2,43,121.9,67.6,0.163,0.438,0.0
9063,infiltrator,duelist,Pearl,2,41,112.9,61.2,0.146,0.429,50.0
9063,infiltrator,duelist,Split,1,23,133.0,65.0,0.087,0.286,0.0
9152,Deryeon,controller,Ascent,3,62,86.7,71.2,0.032,0.222,66.7
9152,Deryeon,controller,Haven,5,110,116.0,71.8,0.045,0.5,20.0
9152,Deryeon,controller,Lotus,6,127,111.9,71.9,0.066,0.467,50.0
9152,Deryeon,controller,Split,2,33,222.0,75.9,0.03,0.2,50.0
9152,Deryeon,controller,Summit,4,101,108.0,74.1,0.099,0.476,25.0
9152,Deryeon,controller,Sunset,4,86,153.0,73.5,0.047,0.75,50.0
9192,Cloudy,initiator,Abyss,1,24,118.0,71.0,0.083,0.667,0.0
9192,Cloudy,initiator,Ascent,3,57,109.5,59.8,0.07,0.5,33.3
9192,Cloudy,initiator,Breeze,1,26,102.0,77.0,0.0,0.0,100.0
9192,Cloudy,initiator,Haven,2,41,82.5,68.1,0.049,0.333,100.0
9192,Cloudy,initiator,Lotus,1,23,61.0,57.0,0.043,0.2,0.0
9192,Cloudy,initiator,Split,1,23,104.0,74.0,0.0,0.0,100.0
9192,Cloudy,initiator,Sunset,2,40,97.1,64.9,0.05,0.5,50.0
9196,t3xture,duelist,Abyss,2,45,133.7,68.7,0.089,0.333,0.0
9196,t3xture,duelist,Ascent,3,61,164.3,67.1,0.262,0.64,33.3
9196,t3xture,duelist,Bind,2,42,171.5,78.5,0.214,0.529,0.0
9196,t3xture,duelist,Breeze,6,128,142.9,60.3,0.164,0.5,50.0
9196,t3xture,duelist,Fracture,1,16,152.0,69.0,0.188,0.5,0.0
9196,t3xture,duelist,Haven,7,153,136.1,73.8,0.144,0.478,57.1
9196,t3xture,duelist,Lotus,5,115,153.8,75.5,0.157,0.474,60.0
9196,t3xture,duelist,Pearl,4,105,131.7,68.5,0.21,0.564,0.0
9196,t3xture,duelist,Split,5,113,151.6,70.8,0.204,0.59,40.0
9196,t3xture,duelist,Summit,3,70,149.3,78.3,0.243,0.654,100.0
9196,t3xture,duelist,Sunset,5,121,152.5,69.5,0.19,0.676,60.0
9554,kaajak,duelist,Abyss,4,91,152.9,66.0,0.231,0.538,75.0
9554,kaajak,duelist,Ascent,4,88,104.7,54.7,0.125,0.344,25.0
9554,kaajak,duelist,Bind,6,154,144.9,73.4,0.169,0.531,50.0
9554,kaajak,duelist,Breeze,7,152,148.7,63.3,0.178,0.54,42.9
9554,kaajak,duelist,Corrode,4,101,116.1,56.4,0.178,0.474,50.0
9554,kaajak,duelist,Fracture,2,41,166.7,73.2,0.171,0.583,100.0
9554,kaajak,duelist,Haven,6,127,138.6,61.6,0.134,0.395,16.7
9554,kaajak,duelist,Lotus,6,105,133.7,72.3,0.181,0.543,50.0
9554,kaajak,duelist,Split,10,233,135.3,74.1,0.155,0.563,70.0
9554,kaajak,duelist,Summit,4,103,140.0,63.1,0.126,0.394,25.0
9554,kaajak,duelist,Sunset,2,41,146.6,70.6,0.146,0.545,100.0
9780,Jamppi,initiator,Abyss,5,100,124.2,64.3,0.15,0.417,40.0
9780,Jamppi,initiator,Ascent,5,106,136.6,76.7,0.104,0.407,40.0
9780,Jamppi,initiator,Bind,3,61,94.2,60.8,0.082,0.625,0.0
9780,Jamppi,initiator,Breeze,12,237,126.9,72.6,0.097,0.46,66.7
9780,Jamppi,initiator,Corrode,3,57,132.3,72.1,0.105,0.462,100.0
9780,Jamppi,initiator,Fracture,2,42,79.6,74.0,0.024,0.2,50.0
9780,Jamppi,initiator,Haven,11,260,129.6,73.2,0.104,0.54,36.4
9780,Jamppi,initiator,Lotus,10,202,131.4,77.8,0.064,0.464,60.0
9780,Jamppi,initiator,Pearl,6,134,138.5,77.0,0.06,0.421,83.3
9780,Jamppi,initiator,Split,11,228,119.7,67.4,0.101,0.451,54.5
9780,Jamppi,initiator,Summit,1,19,142.0,74.0,0.105,0.667,100.0
9780,Jamppi,initiator,Sunset,2,42,148.9,64.5,0.167,0.583,50.0
9801,f0rsakeN,controller,Abyss,3,60,115.3,59.9,0.1,0.333,33.3
9801,f0rsakeN,controller,Ascent,9,200,142.7,77.7,0.115,0.575,77.8
9801,f0rsakeN,controller,Bind,4,87,124.7,70.2,0.08,0.438,25.0
9801,f0rsakeN,controller,Breeze,18,386,142.6,71.8,0.145,0.475,66.7
9801,f0rsakeN,controller,Corrode,8,168,156.0,71.6,0.125,0.618,50.0
9801,f0rsakeN,controller,Fracture,6,127,155.4,80.4,0.087,0.458,83.3
9801,f0rsakeN,controller,Haven,8,190,138.4,73.2,0.105,0.588,62.5
9801,f0rsakeN,controller,Lotus,9,171,117.2,74.7,0.082,0.424,66.7
9801,f0rsakeN,controller,Pearl,10,216,145.3,71.7,0.088,0.442,50.0
9801,f0rsakeN,controller,Split,20,417,128.9,71.2,0.096,0.533,70.0
9801,f0rsakeN,controller,Summit,3,60,146.1,73.4,0.083,0.385,100.0
9801,f0rsakeN,controller,Sunset,3,73,108.3,72.5,0.027,0.167,0.0
9803,d4v41,Flex,Abyss,3,60,113.1,55.1,0.05,0.5,33.3
9803,d4v41,Flex,Ascent,9,200,129.6,68.6,0.125,0.51,77.8
9803,d4v41,Flex,Bind,4,87,106.0,69.0,0.08,0.538,25.0
9803,d4v41,Flex,Breeze,18,386,137.0,75.7,0.114,0.657,66.7
9803,d4v41,Flex,Corrode,8,168,125.9,70.8,0.054,0.391,50.0
9803,d4v41,Flex,Fracture,6,127,144.2,74.7,0.134,0.63,83.3
9803,d4v41,Flex,Haven,8,190,151.9,70.6,0.158,0.75,62.5
9803,d4v41,Flex,Lotus,9,171,128.8,72.0,0.088,0.714,66.7
9803,d4v41,Flex,Pearl,10,216,119.1,66.7,0.019,0.182,50.0
9803,d4v41,Flex,Split,20,417,134.4,73.1,0.113,0.58,70.0
9803,d4v41,Flex,Summit,3,60,151.1,80.4,0.083,0.5,100.0
9803,d4v41,Flex,Sunset,3,73,137.6,80.9,0.082,0.462,0.0
9810,Alfajer,Flex,Abyss,4,91,156.0,76.9,0.143,0.813,75.0
9810,Alfajer,Flex,Ascent,4,88,147.5,64.9,0.102,0.45,25.0
9810,Alfajer,Flex,Bind,6,154,166.6,76.6,0.188,0.592,50.0
9810,Alfajer,Flex,Breeze,7,152,143.5,65.9,0.112,0.486,42.9
9810,Alfajer,Flex,Corrode,4,101,173.9,74.0,0.129,0.619,50.0
9810,Alfajer,Flex,Fracture,2,41,103.2,66.0,0.098,0.444,100.0
9810,Alfajer,Flex,Haven,6,127,127.0,65.2,0.11,0.412,16.7
9810,Alfajer,Flex,Lotus,6,105,144.1,66.6,0.143,0.577,50.0
9810,Alfajer,Flex,Split,10,233,176.7,74.7,0.189,0.571,70.0
9810,Alfajer,Flex,Summit,4,103,152.9,62.1,0.126,0.464,25.0
9810,Alfajer,Flex,Sunset,2,41,172.4,78.1,0.366,0.789,100.0
10053,FireBallOps,sentinel,Breeze,6,117,123.9,68.5,0.06,0.368,66.7
10053,FireBallOps,sentinel,Haven,3,64,126.6,73.3,0.125,0.471,66.7
10053,FireBallOps,sentinel,Lotus,3,71,115.3,70.5,0.042,0.333,0.0
10053,FireBallOps,sentinel,Split,3,63,133.1,72.8,0.111,0.467,100.0
10053,FireBallOps,sentinel,Summit,2,38,160.7,71.1,0.237,0.818,0.0
10053,FireBallOps,sentinel,Sunset,3,64,129.4,72.0,0.109,0.583,0.0
10114,baha,controller,Abyss,2,37,104.5,54.0,0.027,0.2,0.0
10114,baha,controller,Corrode,1,34,101.0,68.0,0.029,0.25,100.0
10114,baha,controller,Haven,1,26,95.0,54.0,0.038,0.25,0.0
10114,baha,controller,Pearl,1,20,90.0,50.0,0.1,0.5,0.0
10114,baha,controller,Split,3,70,111.6,59.9,0.071,0.5,33.3
10146,reazy,controller,Abyss,2,48,109.0,69.0,0.0,0.0,50.0
10146,reazy,controller,Ascent,2,46,112.9,76.1,0.087,0.8,100.0
10146,reazy,controller,Haven,1,23,149.0,74.0,0.087,0.5,0.0
10146,reazy,controller,Lotus,3,72,126.1,72.3,0.083,0.545,33.3
10146,reazy,controller,Split,4,84,133.1,70.3,0.071,0.429,75.0
10146,reazy,controller,Summit,3,64,95.3,74.8,0.094,0.545,66.7
10146,reazy,controller,Sunset,1,15,77.0,93.0,0.0,0.0,100.0
10160,Izzy,duelist,Ascent,3,58,150.0,67.3,0.19,0.478,33.3
10160,Izzy,duelist,Bind,2,56,134.6,68.1,0.161,0.429,100.0
10160,Izzy,duelist,Breeze,2,49,119.0,77.7,0.265,0.591,50.0
10160,Izzy,duelist,Fracture,3,67,107.9,62.8,0.149,0.455,33.3
10160,Izzy,duelist,Lotus,8,165,139.2,70.9,0.145,0.414,75.0
10160,Izzy,duelist,Pearl,3,58,140.7,75.8,0.241,0.737,100.0
10160,Izzy,duelist,Split,5,112,88.2,66.1,0.08,0.375,60.0
10160,Izzy,duelist,Sunset,1,19,134.0,68.0,0.211,0.571,0.0
10307,marteen,duelist,Abyss,4,92,162.8,79.4,0.261,0.706,50.0
10307,marteen,duelist,Ascent,5,98,147.0,72.5,0.133,0.619,40.0
10307,marteen,duelist,Bind,6,129,151.6,75.8,0.163,0.618,66.7
10307,marteen,duelist,Corrode,3,72,165.2,67.8,0.167,0.48,0.0
10307,marteen,duelist,Fracture,3,54,165.8,70.6,0.074,0.25,66.7
10307,marteen,duelist,Haven,10,236,163.7,74.6,0.136,0.542,50.0
10307,marteen,duelist,Lotus,6,130,186.9,74.7,0.138,0.529,33.3
10307,marteen,duelist,Pearl,8,183,163.8,79.2,0.131,0.649,87.5
10307,marteen,duelist,Split,9,172,158.5,73.4,0.134,0.5,33.3
10307,marteen,duelist,Summit,1,22,95.0,59.0,0.091,0.286,0.0
10307,marteen,duelist,Sunset,4,86,143.5,73.2,0.105,0.563,50.0
10338,Lime,duelist,Abyss,3,72,135.7,75.0,0.125,0.429,66.7
10338,Lime,duelist,Haven,2,47,121.3,70.2,0.128,0.545,50.0
10338,Lime,duelist,Lotus,6,116,115.3,68.1,0.207,0.615,50.0
10338,Lime,duelist,Split,2,46,129.5,76.5,0.087,0.571,100.0
10338,Lime,duelist,Summit,2,41,120.3,67.9,0.049,0.333,50.0
10557,Darker,controller,Abyss,5,113,108.4,77.0,0.053,0.5,60.0
10557,Darker,controller,Ascent,2,46,103.1,65.2,0.109,0.556,0.0
10557,Darker,controller,Bind,2,35,129.6,65.8,0.143,0.625,0.0
10557,Darker,controller,Breeze,7,165,129.5,74.0,0.067,0.458,71.4
10557,Darker,controller,Haven,10,211,124.4,67.4,0.066,0.4,20.0
10557,Darker,controller,Lotus,8,148,145.8,73.0,0.074,0.55,50.0
10557,Darker,controller,Pearl,3,62,138.4,80.8,0.081,0.714,33.3
10557,Darker,controller,Split,4,75,101.7,58.6,0.067,0.357,25.0
10557,Darker,controller,Summit,6,119,125.2,77.4,0.101,0.6,66.7
10557,Darker,controller,Sunset,6,134,126.1,78.6,0.045,0.75,83.3
10628,Misaya,initiator,Ascent,1,22,118.0,73.0,0.045,0.5,0.0
10628,Misaya,initiator,Breeze,1,20,102.0,60.0,0.1,0.667,0.0
10628,Misaya,initiator,Haven,1,21,128.0,76.0,0.143,1.0,100.0
10628,Misaya,initiator,Lotus,1,26,91.0,69.0,0.038,0.5,100.0
10628,Misaya,initiator,Split,1,20,111.0,50.0,0.05,1.0,0.0
10628,Misaya,initiator,Summit,1,17,62.0,29.0,0.059,0.5,0.0
10698,nephh,controller,Abyss,6,127,131.7,74.1,0.094,0.571,66.7
10698,nephh,controller,Ascent,2,44,,70.0,0.0,,50.0
10698,nephh,controller,Bind,4,89,126.0,72.0,0.045,0.308,25.0
10698,nephh,controller,Breeze,6,138,124.5,76.8,0.08,0.611,50.0
10698,nephh,controller,Fracture,3,64,121.7,76.4,0.047,0.333,33.3
10698,nephh,controller,Haven,7,150,113.3,76.4,0.061,0.444,42.9
10698,nephh,controller,Lotus,8,159,106.7,75.0,0.09,0.542,50.0
10698,nephh,controller,Pearl,6,115,154.5,80.1,0.122,0.667,83.3
10698,nephh,controller,Split,10,213,107.0,68.7,0.047,0.281,20.0
10698,nephh,controller,Summit,5,107,125.3,71.6,0.048,0.429,60.0
10698,nephh,controller,Sunset,3,78,116.6,69.4,0.051,0.308,66.7
10821,deLb,Flex,Abyss,4,95,161.9,62.2,0.24,0.667,25.0
10821,deLb,Flex,Ascent,7,142,144.6,74.3,0.051,0.556,28.6
10821,deLb,Flex,Bind,5,107,173.8,85.4,0.101,0.563,40.0
10821,deLb,Flex,Breeze,8,172,136.0,68.8,0.109,0.609,37.5
10821,deLb,Flex,Corrode,1,17,158.0,88.0,0.118,0.333,100.0
10821,deLb,Flex,Fracture,1,21,141.0,67.0,0.0,0.0,0.0
10821,deLb,Flex,Haven,3,70,119.7,69.4,0.109,0.556,0.0
10821,deLb,Flex,Lotus,12,252,138.4,72.9,0.116,0.6,50.0
10821,deLb,Flex,Pearl,1,16,145.0,56.0,0.063,0.333,0.0
10821,deLb,Flex,Split,9,201,134.8,67.5,0.071,0.481,66.7
10821,deLb,Flex,Summit,3,63,97.5,60.4,0.063,0.667,33.3
10821,deLb,Flex,Sunset,9,203,162.7,75.0,0.077,0.609,55.6
10885,DaviH,initiator,Abyss,3,63,114.9,79.7,0.095,0.667,100.0
10885,DaviH,initiator,Ascent,2,46,133.4,62.9,0.0,0.0,0.0
10885,DaviH,initiator,Breeze,2,52,117.2,61.8,0.038,0.4,50.0
10885,DaviH,initiator,Haven,5,105,114.7,70.7,0.048,0.455,20.0
10885,DaviH,initiator,Lotus,6,112,93.4,74.1,0.018,0.4,50.0
10885,DaviH,initiator,Split,1,20,158.0,80.0,0.1,0.667,100.0
10885,DaviH,initiator,Summit,6,119,116.9,75.0,0.034,0.8,66.7
10885,DaviH,initiator,Sunset,6,134,108.3,74.1,0.037,0.5,83.3
10971,RieNs,initiator,Abyss,3,62,126.9,59.7,0.113,0.583,0.0
10971,RieNs,initiator,Ascent,9,196,154.8,74.9,0.061,0.5,66.7
10971,RieNs,initiator,Bind,5,103,137.6,68.1,0.049,0.417,20.0
10971,RieNs,initiator,Breeze,6,116,166.5,77.5,0.069,0.533,50.0
10971,RieNs,initiator,Corrode,1,24,114.0,75.0,0.125,0.6,100.0
10971,RieNs,initiator,Fracture,5,103,133.9,76.7,0.068,0.636,80.0
10971,RieNs,initiator,Haven,12,254,131.6,75.9,0.067,0.531,58.3
10971,RieNs,initiator,Lotus,14,292,138.0,74.6,0.096,0.683,57.1
10971,RieNs,initiator,Pearl,4,86,131.3,75.7,0.047,0.4,25.0
10971,RieNs,initiator,Split,4,74,110.5,66.4,0.054,0.5,50.0
10971,RieNs,initiator,Summit,3,66,116.9,69.8,0.091,0.6,100.0
10971,RieNs,initiator,Sunset,3,60,146.4,73.1,0.1,0.545,33.3
11118,skuba,controller,Abyss,10,203,137.5,74.4,0.064,0.481,50.0
11118,skuba,controller,Ascent,3,63,118.3,74.5,0.063,0.364,33.3
11118,skuba,controller,Bind,3,68,146.8,68.0,0.103,0.467,33.3
11118,skuba,controller,Breeze,13,281,117.4,77.0,0.078,0.55,76.9
11118,skuba,controller,Corrode,3,61,136.0,81.9,0.066,0.8,33.3
11118,skuba,controller,Fracture,4,91,107.5,72.4,0.088,0.615,75.0
11118,skuba,controller,Haven,11,236,127.7,78.3,0.076,0.581,81.8
11118,skuba,controller,Lotus,11,221,119.3,73.7,0.081,0.529,72.7
11118,skuba,controller,Pearl,13,260,119.4,75.3,0.1,0.591,61.5
11118,skuba,controller,Split,8,187,117.2,64.8,0.064,0.4,25.0
11118,skuba,controller,Summit,4,82,121.9,79.2,0.073,0.75,100.0
11118,skuba,controller,Sunset,4,82,116.3,70.6,0.085,0.636,0.0
11134,Kicks,controller,Abyss,1,26,139.0,85.0,0.077,0.667,100.0
11134,Kicks,controller,Ascent,4,77,106.1,79.2,0.078,0.6,75.0
11134,Kicks,controller,Breeze,3,69,100.0,70.9,0.087,0.75,66.7
11134,Kicks,controller,Corrode,1,22,111.0,73.0,0.045,1.0,0.0
11134,Kicks,controller,Haven,3,71,87.8,61.9,0.056,0.286,33.3
11134,Kicks,controller,Lotus,8,159,117.6,71.7,0.069,0.478,62.5
11134,Kicks,controller,Pearl,1,26,124.0,73.0,0.077,1.0,100.0
11134,Kicks,controller,Split,4,71,110.7,81.7,0.014,0.333,75.0
11134,Kicks,controller,Summit,4,90,115.0,72.2,0.089,0.533,50.0
11134,Kicks,controller,Sunset,1,20,115.0,60.0,0.05,0.5,0.0
11218,Yuicaw,Flex,Abyss,3,66,143.0,71.0,0.208,0.714,66.7
11218,Yuicaw,Flex,Ascent,4,89,146.4,69.9,0.079,0.583,50.0
11218,Yuicaw,Flex,Bind,4,92,128.3,70.8,0.12,0.478,50.0
11218,Yuicaw,Flex,Breeze,8,172,109.2,71.6,0.063,0.421,37.5
11218,Yuicaw,Flex,Corrode,4,76,143.7,64.1,0.026,0.333,25.0
11218,Yuicaw,Flex,Fracture,4,89,122.8,70.7,0.112,0.5,50.0
11218,Yuicaw,Flex,Haven,12,242,135.0,72.9,0.163,0.536,50.0
11218,Yuicaw,Flex,Lotus,8,152,130.3,68.9,0.099,0.577,62.5
11218,Yuicaw,Flex,Pearl,5,95,116.9,60.2,0.084,0.364,40.0
11218,Yuicaw,Flex,Split,11,238,162.9,77.2,0.105,0.556,45.5
11218,Yuicaw,Flex,Summit,6,119,138.0,74.1,0.134,0.64,33.3
11218,Yuicaw,Flex,Sunset,4,91,97.5,62.6,0.033,0.273,25.0
11225,Ethan,initiator,Abyss,10,203,112.2,74.3,0.084,0.425,50.0
11225,Ethan,initiator,Ascent,3,63,118.7,71.3,0.079,0.455,33.3
11225,Ethan,initiator,Bind,3,68,92.8,66.3,0.029,0.25,33.3
11225,Ethan,initiator,Breeze,13,281,126.9,75.4,0.107,0.588,76.9
11225,Ethan,initiator,Corrode,3,61,111.9,62.5,0.082,0.455,33.3
11225,Ethan,initiator,Fracture,4,91,121.0,72.5,0.077,0.538,75.0
11225,Ethan,initiator,Haven,11,236,113.0,70.3,0.093,0.415,81.8
11225,Ethan,initiator,Lotus,11,221,116.4,74.3,0.068,0.441,72.7
11225,Ethan,initiator,Pearl,13,260,126.3,73.4,0.065,0.459,61.5
11225,Ethan,initiator,Split,8,187,114.2,70.7,0.091,0.472,25.0
11225,Ethan,initiator,Summit,4,82,147.5,84.3,0.11,0.563,100.0
11225,Ethan,initiator,Sunset,4,82,122.8,79.3,0.049,0.571,0.0
11332,ara,duelist,Abyss,3,57,132.2,66.7,0.158,0.45,66.7
11332,ara,duelist,Ascent,5,110,154.1,63.6,0.182,0.526,20.0
11332,ara,duelist,Bind,4,99,117.9,66.7,0.172,0.515,0.0
11332,ara,duelist,Breeze,5,105,115.4,59.4,0.133,0.467,0.0
11332,ara,duelist,Haven,7,142,139.9,73.9,0.232,0.623,57.1
11332,ara,duelist,Lotus,2,38,155.1,76.2,0.184,0.636,50.0
11332,ara,duelist,Pearl,4,84,115.2,71.4,0.179,0.5,25.0
11332,ara,duelist,Split,8,168,127.8,67.3,0.119,0.377,50.0
11332,ara,duelist,Summit,1,22,125.0,86.0,0.045,0.25,100.0
11332,ara,duelist,Sunset,3,64,143.0,61.1,0.094,0.545,0.0
11494,keiko,Flex,Abyss,10,203,133.2,75.9,0.133,0.628,50.0
11494,keiko,Flex,Ascent,3,63,128.3,71.6,0.095,0.4,33.3
11494,keiko,Flex,Bind,3,68,126.8,70.6,0.103,0.5,33.3
11494,keiko,Flex,Breeze,13,281,153.7,70.7,0.181,0.548,76.9
11494,keiko,Flex,Corrode,3,61,116.4,67.3,0.098,0.545,33.3
11494,keiko,Flex,Fracture,4,91,155.4,68.3,0.132,0.667,75.0
11494,keiko,Flex,Haven,11,236,147.3,72.8,0.119,0.667,81.8
11494,keiko,Flex,Lotus,11,221,147.1,77.0,0.086,0.514,72.7
11494,keiko,Flex,Pearl,13,260,146.7,73.6,0.108,0.651,61.5
11494,keiko,Flex,Split,8,187,115.5,71.2,0.064,0.429,25.0
11494,keiko,Flex,Summit,4,82,119.2,75.8,0.073,0.429,100.0
11494,keiko,Flex,Sunset,4,82,127.2,68.6,0.098,0.421,0.0
11524,Nicc,initiator,Abyss,3,62,113.8,68.0,0.016,0.333,0.0
11524,Nicc,initiator,Ascent,4,75,163.8,78.8,0.053,0.444,75.0
11524,Nicc,initiator,Bind,3,76,109.4,80.1,0.053,0.444,33.3
11524,Nicc,initiator,Breeze,11,222,124.4,74.0,0.063,0.452,45.5
11524,Nicc,initiator,Corrode,4,84,97.4,65.6,0.024,0.25,50.0
11524,Nicc,initiator,Fracture,1,22,157.0,68.0,0.045,0.5,0.0
11524,Nicc,initiator,Haven,13,283,117.8,77.9,0.05,0.464,61.5
11524,Nicc,initiator,Lotus,15,297,111.1,72.9,0.033,0.391,46.7
11524,Nicc,initiator,Pearl,3,53,113.9,66.2,0.094,0.625,33.3
11524,Nicc,initiator,Split,10,218,129.0,76.2,0.055,0.5,40.0
11524,Nicc,initiator,Summit,3,69,117.1,81.5,0.029,0.4,33.3
11524,Nicc,initiator,Sunset,3,69,133.6,80.7,0.106,0.714,66.7
11527,NoMan,duelist,Abyss,5,112,106.8,67.9,0.143,0.457,40.0
11527,NoMan,duelist,Ascent,3,61,155.4,83.6,0.135,0.455,66.7
11527,NoMan,duelist,Bind,7,149,114.6,67.1,0.128,0.442,100.0
11527,NoMan,duelist,Breeze,11,230,110.4,67.3,0.117,0.458,45.5
11527,NoMan,duelist,Fracture,3,64,128.9,70.6,0.063,0.4,66.7
11527,NoMan,duelist,Haven,13,265,111.4,65.4,0.103,0.455,38.5
11527,NoMan,duelist,Lotus,19,363,115.1,67.6,0.115,0.482,47.4
11527,NoMan,duelist,Pearl,6,115,118.0,67.8,0.148,0.586,50.0
11527,NoMan,duelist,Split,15,306,128.8,71.3,0.121,0.42,66.7
11527,NoMan,duelist,Summit,4,99,95.0,51.9,0.111,0.353,75.0
11527,NoMan,duelist,Sunset,1,23,180.0,83.0,0.261,1.0,100.0
11600,Foxy9,Flex,Ascent,1,16,166.0,81.0,0.063,0.333,100.0
11600,Foxy9,Flex,Bind,1,21,86.0,71.0,0.0,0.0,0.0
11600,Foxy9,Flex,Haven,5,118,146.9,66.1,0.144,0.567,40.0
11600,Foxy9,Flex,Lotus,3,65,131.6,72.3,0.154,0.769,33.3
11600,Foxy9,Flex,Split,6,135,153.2,70.3,0.133,0.514,50.0
11600,Foxy9,Flex,Summit,3,61,112.0,55.7,0.066,0.333,33.3
11600,Foxy9,Flex,Sunset,3,68,185.2,74.9,0.279,0.76,100.0
11704,STYRON,initiator,Ascent,3,63,114.5,76.3,0.063,0.667,0.0
11704,STYRON,initiator,Breeze,2,37,125.0,73.0,0.054,0.5,0.0
11704,STYRON,initiator,Haven,3,60,123.8,66.4,0.1,0.75,66.7
11704,STYRON,initiator,Split,3,66,126.3,65.2,0.045,0.3,0.0
11704,STYRON,initiator,Summit,4,90,124.8,77.6,0.089,0.889,25.0
11704,STYRON,initiator,Sunset,2,41,124.3,70.9,0.122,0.625,100.0
11737,Xan,duelist,Ascent,1,17,87.0,47.0,0.118,0.4,0.0
11737,Xan,duelist,Breeze,3,63,116.3,66.8,0.127,0.4,33.3
11737,Xan,duelist,Haven,4,88,162.9,75.1,0.261,0.793,50.0
11737,Xan,duelist,Lotus,1,20,101.0,55.0,0.1,0.333,0.0
11737,Xan,duelist,Summit,3,63,131.2,79.3,0.095,0.545,66.7
11737,Xan,duelist,Sunset,5,101,119.2,60.5,0.069,0.25,40.0
11917,ExiT,duelist,Ascent,4,96,131.1,67.0,0.156,0.385,50.0
11917,ExiT,duelist,Breeze,2,40,113.6,62.5,0.15,0.545,0.0
11917,ExiT,duelist,Haven,3,68,143.6,66.2,0.088,0.3,66.7
11917,ExiT,duelist,Split,3,61,148.2,67.1,0.164,0.417,66.7
11917,ExiT,duelist,Summit,2,46,121.7,65.0,0.174,0.667,50.0
11917,ExiT,duelist,Sunset,4,89,139.9,74.2,0.135,0.387,25.0
11921,silentzz,sentinel,Bind,2,36,125.3,66.9,0.056,0.667,50.0
11921,silentzz,sentinel,Breeze,3,63,94.2,66.9,0.095,0.545,33.3
11921,silentzz,sentinel,Haven,4,87,111.8,66.7,0.115,0.556,50.0
11921,silentzz,sentinel,Lotus,5,109,115.2,74.3,0.073,0.667,80.0
11921,silentzz,sentinel,Split,2,40,133.9,77.5,0.075,1.0,50.0
12098,Kadoom,duelist,Ascent,3,71,139.2,65.2,0.141,0.476,100.0
12098,Kadoom,duelist,Breeze,3,68,171.9,76.4,0.206,0.56,66.7
12098,Kadoom,duelist,Haven,3,56,113.8,60.8,0.089,0.227,33.3
12098,Kadoom,duelist,Sunset,3,58,117.8,65.3,0.224,0.52,0.0
12226,sturNN,controller,Abyss,1,21,94.0,86.0,0.048,1.0,100.0
12226,sturNN,controller,Bind,1,21,112.0,71.0,0.095,0.5,0.0
12226,sturNN,controller,Breeze,2,34,101.5,64.5,0.0,0.0,0.0
12226,sturNN,controller,Corrode,1,14,93.0,43.0,0.0,0.0,0.0
12226,sturNN,controller,Haven,1,20,55.0,40.0,0.0,0.0,0.0
12226,sturNN,controller,Pearl,1,26,93.0,58.0,0.154,0.364,0.0
12226,sturNN,controller,Split,2,39,121.2,71.5,0.128,0.714,100.0
12365,coconut,initiator,Abyss,3,66,139.0,67.0,0.083,0.5,66.7
12365,coconut,initiator,Ascent,4,82,91.2,54.9,0.016,0.143,50.0
12365,coconut,initiator,Bind,4,92,93.9,72.0,0.054,0.556,50.0
12365,coconut,initiator,Breeze,4,87,117.1,73.5,0.011,0.333,75.0
12365,coconut,initiator,Corrode,4,76,99.6,59.0,0.026,0.333,25.0
12365,coconut,initiator,Fracture,4,89,116.1,80.9,0.034,0.273,50.0
12365,coconut,initiator,Haven,11,222,140.8,66.9,0.065,0.48,54.5
12365,coconut,initiator,Lotus,8,158,109.6,60.4,0.052,0.438,25.0
12365,coconut,initiator,Pearl,5,95,104.9,67.6,0.063,0.667,40.0
12365,coconut,initiator,Split,6,127,144.1,79.9,0.038,0.235,33.3
12365,coconut,initiator,Summit,2,35,174.6,77.0,0.086,0.6,100.0
12365,coconut,initiator,Sunset,5,104,124.7,68.3,0.048,0.556,60.0
12670,nekky,initiator,Abyss,1,21,131.0,62.0,0.095,0.667,100.0
12670,nekky,initiator,Ascent,6,120,138.7,73.4,0.05,0.333,33.3
12670,nekky,initiator,Bind,3,77,105.7,68.5,0.026,0.25,66.7
12670,nekky,initiator,Breeze,4,83,112.0,63.8,0.036,0.429,25.0
12670,nekky,initiator,Corrode,1,14,124.0,79.0,0.071,0.333,0.0
12670,nekky,initiator,Fracture,3,67,141.1,70.5,0.06,0.444,33.3
12670,nekky,initiator,Haven,2,33,115.7,60.4,0.03,0.25,0.0
12670,nekky,initiator,Lotus,12,263,126.0,70.2,0.038,0.435,50.0
12670,nekky,initiator,Pearl,4,84,120.4,65.2,0.024,0.286,75.0
12670,nekky,initiator,Split,11,232,136.2,70.2,0.069,0.571,63.6
12670,nekky,initiator,Summit,1,30,85.0,60.0,0.033,0.2,100.0
12670,nekky,initiator,Sunset,1,19,93.0,58.0,0.0,0.0,0.0
12793,xeus,duelist,Abyss,2,37,126.9,62.4,0.081,0.333,0.0
12793,xeus,duelist,Ascent,10,188,125.1,73.2,0.069,0.406,60.0
12793,xeus,duelist,Bind,3,64,125.3,75.0,0.063,0.308,100.0
12793,xeus,duelist,Breeze,2,36,153.2,66.4,0.194,0.778,50.0
12793,xeus,duelist,Corrode,1,34,173.0,79.0,0.206,0.583,100.0
12793,xeus,duelist,Fracture,5,103,138.7,69.0,0.155,0.552,40.0
12793,xeus,duelist,Haven,14,319,143.4,70.5,0.116,0.493,78.6
12793,xeus,duelist,Lotus,12,271,134.3,62.1,0.14,0.514,25.0
12793,xeus,duelist,Pearl,6,143,128.0,65.9,0.154,0.524,0.0
12793,xeus,duelist,Split,13,272,133.3,66.9,0.11,0.536,46.2
12793,xeus,duelist,Summit,2,45,100.8,55.5,0.156,0.538,50.0
12793,xeus,duelist,Sunset,3,69,152.7,69.8,0.13,0.45,100.0
12795,Crewen,sentinel,Abyss,6,136,106.6,61.0,0.044,0.333,66.7
12795,Crewen,sentinel,Ascent,5,104,127.3,71.1,0.048,0.357,60.0
12795,Crewen,sentinel,Breeze,7,147,142.5,73.6,0.082,0.545,57.1
12795,Crewen,sentinel,Corrode,1,19,96.0,63.0,0.158,0.5,100.0
12795,Crewen,sentinel,Fracture,1,18,100.0,50.0,0.111,0.5,0.0
12795,Crewen,sentinel,Haven,11,231,132.4,63.9,0.065,0.417,45.5
12795,Crewen,sentinel,Lotus,5,106,93.3,56.7,0.066,0.389,40.0
12795,Crewen,sentinel,Pearl,4,85,122.0,65.9,0.094,0.571,50.0
12795,Crewen,sentinel,Split,7,162,126.1,63.8,0.111,0.581,28.6
12795,Crewen,sentinel,Summit,2,45,97.1,67.0,0.067,0.333,50.0
12795,Crewen,sentinel,Sunset,4,83,146.7,83.2,0.084,0.5,75.0
12872,david,sentinel,Ascent,1,18,140.0,61.0,0.056,0.333,0.0
12872,david,sentinel,Breeze,3,60,138.1,83.5,0.083,0.714,66.7
12872,david,sentinel,Lotus,1,21,145.0,76.0,0.0,0.0,100.0
12872,david,sentinel,Summit,1,19,138.0,58.0,0.053,1.0,0.0
12872,david,sentinel,Sunset,1,14,105.0,64.0,0.071,0.333,0.0
12928,Veqaj,controller,Abyss,4,91,149.9,82.6,0.055,0.417,75.0
12928,Veqaj,controller,Bind,5,134,142.4,67.1,0.104,0.519,40.0
12928,Veqaj,controller,Breeze,4,92,113.8,61.8,0.13,0.5,50.0
12928,Veqaj,controller,Corrode,4,101,138.5,72.3,0.069,0.438,50.0
12928,Veqaj,controller,Haven,2,43,158.4,83.8,0.116,0.714,0.0
12928,Veqaj,controller,Lotus,2,32,207.8,84.0,0.219,1.0,100.0
12928,Veqaj,controller,Split,6,142,144.0,70.5,0.113,0.571,83.3
12990,SyouTa,Flex,Abyss,2,46,118.7,65.6,0.043,0.5,50.0
12990,SyouTa,Flex,Ascent,2,37,111.5,70.4,0.081,0.333,0.0
12990,SyouTa,Flex,Bind,4,83,121.1,71.0,0.145,0.632,50.0
12990,SyouTa,Flex,Breeze,4,90,153.7,71.2,0.156,0.778,50.0
12990,SyouTa,Flex,Corrode,1,17,96.0,65.0,0.176,0.75,0.0
12990,SyouTa,Flex,Fracture,3,60,107.7,68.4,0.083,0.263,33.3
12990,SyouTa,Flex,Haven,9,189,106.2,63.7,0.074,0.4,33.3
12990,SyouTa,Flex,Lotus,3,64,135.1,75.0,0.063,0.571,0.0
12990,SyouTa,Flex,Pearl,1,18,113.0,67.0,0.111,0.5,0.0
12990,SyouTa,Flex,Split,9,184,123.6,69.7,0.071,0.481,22.2
12990,SyouTa,Flex,Sunset,5,122,164.9,74.7,0.098,0.6,80.0
13002,Akame,initiator,Abyss,1,21,129.0,76.0,0.0,0.0,100.0
13002,Akame,initiator,Ascent,8,173,140.8,74.7,0.069,0.5,50.0
13002,Akame,initiator,Bind,3,65,169.3,75.6,0.123,0.421,33.3
13002,Akame,initiator,Breeze,5,102,116.3,64.9,0.108,0.458,40.0
13002,Akame,initiator,Corrode,1,18,61.0,67.0,0.111,1.0,0.0
13002,Akame,initiator,Fracture,2,43,145.9,69.4,0.07,0.429,50.0
13002,Akame,initiator,Haven,8,188,109.5,65.0,0.053,0.37,37.5
13002,Akame,initiator,Lotus,7,160,145.4,69.3,0.119,0.463,42.9
13002,Akame,initiator,Pearl,7,150,141.5,75.2,0.067,0.476,42.9
13002,Akame,initiator,Split,8,160,134.9,74.4,0.063,0.556,75.0
13002,Akame,initiator,Summit,2,43,220.0,77.0,0.116,0.5,0.0
13002,Akame,initiator,Sunset,3,59,133.2,67.9,0.085,0.556,66.7
13039,Meteor,Flex,Abyss,2,56,161.7,73.4,0.268,0.652,100.0
13039,Meteor,Flex,Ascent,7,139,128.4,65.6,0.122,0.436,42.9
13039,Meteor,Flex,Bind,6,120,145.4,76.7,0.117,0.609,83.3
13039,Meteor,Flex,Breeze,11,222,137.1,66.7,0.117,0.5,63.6
13039,Meteor,Flex,Corrode,1,22,114.0,73.0,0.227,0.625,0.0
13039,Meteor,Flex,Haven,14,308,134.9,73.5,0.133,0.612,64.3
13039,Meteor,Flex,Lotus,10,212,145.5,69.8,0.165,0.603,80.0
13039,Meteor,Flex,Pearl,8,169,139.6,72.1,0.112,0.514,75.0
13039,Meteor,Flex,Split,8,184,126.0,67.5,0.103,0.452,50.0
13039,Meteor,Flex,Sunset,2,44,182.2,75.0,0.227,0.588,50.0
13093,jzz,sentinel,Ascent,1,24,64.0,67.0,0.042,0.333,0.0
13093,jzz,sentinel,Breeze,1,17,64.0,47.0,0.0,,0.0
13093,jzz,sentinel,Lotus,2,41,127.2,75.8,0.049,0.5,50.0
13093,jzz,sentinel,Split,1,17,104.0,71.0,0.059,0.333,0.0
13258,CyvOph,Flex,Ascent,5,124,101.5,66.4,0.048,0.3,40.0
13258,CyvOph,Flex,Breeze,3,57,96.5,72.0,0.07,0.4,0.0
13258,CyvOph,Flex,Fracture,2,41,154.7,75.7,0.122,0.556,100.0
13258,CyvOph,Flex,Haven,4,88,149.8,71.7,0.08,0.5,50.0
13258,CyvOph,Flex,Lotus,1,15,151.0,53.0,0.067,0.5,0.0
13258,CyvOph,Flex,Split,3,61,129.0,74.0,0.049,0.6,66.7
13258,CyvOph,Flex,Summit,1,26,107.0,69.0,0.0,0.0,100.0
13258,CyvOph,Flex,Sunset,3,61,89.1,72.3,0.049,0.3,33.3
13744,PatMen,controller,Abyss,6,130,129.7,74.0,0.1,0.5,83.3
13744,PatMen,controller,Ascent,6,128,122.2,71.1,0.094,0.522,66.7
13744,PatMen,controller,Bind,3,68,149.3,75.3,0.147,0.625,33.3
13744,PatMen,controller,Breeze,13,278,157.4,71.6,0.133,0.536,61.5
13744,PatMen,controller,Corrode,1,23,145.0,70.0,0.043,0.25,0.0
13744,PatMen,controller,Fracture,2,45,114.9,53.7,0.111,0.556,0.0
13744,PatMen,controller,Haven,9,204,132.2,70.7,0.118,0.558,66.7
13744,PatMen,controller,Lotus,7,145,131.6,73.8,0.048,0.368,42.9
13744,PatMen,controller,Pearl,6,122,149.7,75.3,0.09,0.5,66.7
13744,PatMen,controller,Split,14,290,154.5,72.7,0.131,0.559,50.0
13744,PatMen,controller,Summit,4,88,154.5,76.1,0.159,0.778,75.0
13744,PatMen,controller,Sunset,4,92,137.4,71.7,0.076,0.583,25.0
13784,Killua,initiator,Abyss,1,22,145.0,68.0,0.045,0.25,0.0
13784,Killua,initiator,Ascent,3,58,101.7,69.0,0.034,1.0,66.7
13784,Killua,initiator,Bind,3,56,132.2,80.2,0.089,0.5,66.7
13784,Killua,initiator,Breeze,5,101,112.9,69.2,0.089,0.563,20.0
13784,Killua,initiator,Corrode,2,33,175.3,81.8,0.0,0.0,50.0
13784,Killua,initiator,Fracture,5,94,121.0,69.2,0.043,0.5,40.0
13784,Killua,initiator,Haven,8,164,123.2,71.6,0.079,0.565,12.5
13784,Killua,initiator,Lotus,7,153,112.5,78.4,0.039,0.353,57.1
13784,Killua,initiator,Pearl,8,166,125.3,77.0,0.06,0.476,62.5
13784,Killua,initiator,Split,11,244,130.4,76.7,0.074,0.581,72.7
13784,Killua,initiator,Summit,4,72,145.2,75.1,0.069,0.556,25.0
13784,Killua,initiator,Sunset,5,110,155.0,77.1,0.045,0.556,40.0
13788,JitBoyS,duelist,Abyss,1,22,109.0,82.0,0.091,0.5,0.0
13788,JitBoyS,duelist,Ascent,3,58,159.5,72.1,0.19,0.786,66.7
13788,JitBoyS,duelist,Bind,3,56,98.4,71.2,0.125,0.35,66.7
13788,JitBoyS,duelist,Breeze,5,101,122.6,65.4,0.069,0.28,20.0
13788,JitBoyS,duelist,Corrode,2,33,88.1,75.7,0.091,0.375,50.0
13788,JitBoyS,duelist,Fracture,5,94,115.9,62.8,0.106,0.357,40.0
13788,JitBoyS,duelist,Haven,8,164,115.9,54.9,0.098,0.32,12.5
13788,JitBoyS,duelist,Lotus,7,153,143.6,64.2,0.131,0.435,57.1
13788,JitBoyS,duelist,Pearl,8,166,136.4,73.7,0.127,0.525,62.5
13788,JitBoyS,duelist,Split,11,244,150.2,80.4,0.193,0.746,72.7
13788,JitBoyS,duelist,Summit,4,72,93.5,62.4,0.125,0.346,25.0
13788,JitBoyS,duelist,Sunset,5,110,138.7,75.5,0.218,0.615,40.0
13823,PxS,controller,Bind,1,22,137.0,59.0,0.136,0.75,0.0
13823,PxS,controller,Pearl,2,39,106.0,74.3,0.154,0.75,50.0
13823,PxS,controller,Split,2,43,115.7,65.2,0.0,0.0,0.0
14048,zerona,Flex,Ascent,2,32,161.2,68.5,0.125,0.308,50.0
14048,zerona,Flex,Bind,1,19,157.0,79.0,0.158,0.75,0.0
14048,zerona,Flex,Breeze,5,97,134.8,74.3,0.103,0.588,40.0
14048,zerona,Flex,Haven,5,112,150.2,74.1,0.089,0.556,40.0
14048,zerona,Flex,Lotus,4,94,145.1,60.8,0.16,0.625,25.0
14048,zerona,Flex,Split,1,18,132.0,56.0,0.0,0.0,0.0
14048,zerona,Flex,Summit,2,40,110.2,70.0,0.125,0.625,100.0
14048,zerona,Flex,Sunset,5,107,139.6,68.3,0.084,0.5,60.0
14125,Spring,controller,Abyss,4,83,83.4,63.4,0.079,0.333,25.0
14125,Spring,controller,Ascent,3,62,133.9,66.3,0.032,0.5,66.7
14125,Spring,controller,Bind,5,103,113.8,65.7,0.082,0.538,40.0
14125,Spring,controller,Breeze,3,55,112.3,61.2,0.055,0.333,0.0
14125,Spring,controller,Fracture,3,66,151.8,72.4,0.106,0.5,33.3
14125,Spring,controller,Haven,8,171,147.2,72.8,0.112,0.483,37.5
14125,Spring,controller,Lotus,11,237,162.0,71.9,0.102,0.537,27.3
14125,Spring,controller,Pearl,2,43,111.3,74.5,0.093,0.444,100.0
14125,Spring,controller,Split,3,52,164.6,67.2,0.058,0.3,33.3
14125,Spring,controller,Summit,4,101,126.8,76.1,0.04,0.364,25.0
14125,Spring,controller,Sunset,4,86,147.8,70.6,0.125,0.571,50.0
14431,monk,controller,Ascent,1,21,160.0,86.0,0.0,0.0,0.0
14431,monk,controller,Haven,1,24,89.0,79.0,0.083,0.5,100.0
14431,monk,controller,Lotus,1,19,74.0,74.0,0.053,0.5,0.0
14431,monk,controller,Summit,1,30,131.0,77.0,0.1,1.0,0.0
14431,monk,controller,Sunset,1,24,471.0,71.0,0.125,0.429,0.0
14441,aluba,initiator,Ascent,3,62,117.3,71.0,0.065,0.571,66.7
14441,aluba,initiator,Haven,5,110,104.8,75.0,0.045,0.667,20.0
14441,aluba,initiator,Lotus,6,127,117.6,74.7,0.019,0.4,50.0
14441,aluba,initiator,Split,2,33,95.0,66.3,0.0,0.0,50.0
14441,aluba,initiator,Summit,4,101,101.7,69.6,0.03,0.429,25.0
14441,aluba,initiator,Sunset,4,86,137.6,73.7,0.078,0.417,50.0
14444,Eren,Flex,Ascent,1,21,167.0,76.0,0.095,0.667,0.0
14444,Eren,Flex,Haven,1,24,140.0,75.0,0.167,0.5,100.0
14444,Eren,Flex,Lotus,1,19,123.0,74.0,0.211,0.571,0.0
14444,Eren,Flex,Summit,1,30,136.0,70.0,0.033,0.333,0.0
14444,Eren,Flex,Sunset,1,24,154.0,83.0,0.125,0.6,0.0
14681,kamo,duelist,Abyss,5,116,140.2,70.7,0.086,0.417,60.0
14681,kamo,duelist,Ascent,6,124,185.6,72.7,0.169,0.7,66.7
14681,kamo,duelist,Bind,7,144,121.1,75.9,0.139,0.476,85.7
14681,kamo,duelist,Breeze,10,216,141.0,75.0,0.176,0.667,70.0
14681,kamo,duelist,Corrode,4,80,110.6,65.1,0.038,0.167,25.0
14681,kamo,duelist,Fracture,1,15,82.0,40.0,0.133,0.222,0.0
14681,kamo,duelist,Haven,5,122,154.6,74.5,0.098,0.571,40.0
14681,kamo,duelist,Lotus,11,224,173.4,73.7,0.121,0.5,63.6
14681,kamo,duelist,Pearl,7,154,150.0,73.5,0.084,0.542,57.1
14681,kamo,duelist,Split,11,223,153.3,75.2,0.135,0.6,63.6
14681,kamo,duelist,Summit,4,90,132.3,75.6,0.122,0.44,50.0
14681,kamo,duelist,Sunset,1,20,92.0,65.0,0.05,0.25,0.0
14950,gobera,duelist,Ascent,1,24,161.0,75.0,0.208,0.714,100.0
14950,gobera,duelist,Haven,1,21,96.0,52.0,0.143,0.5,0.0
14950,gobera,duelist,Split,2,43,110.2,72.2,0.163,0.5,0.0
14950,gobera,duelist,Sunset,1,23,153.0,61.0,0.217,0.714,0.0
15500,trent,initiator,Abyss,7,134,157.8,76.7,0.06,0.571,71.4
15500,trent,initiator,Ascent,7,145,141.8,73.8,0.055,0.727,28.6
15500,trent,initiator,Bind,4,91,129.3,71.4,0.033,0.375,75.0
15500,trent,initiator,Breeze,14,284,161.1,76.3,0.053,0.484,64.3
15500,trent,initiator,Corrode,6,115,123.6,69.6,0.061,0.538,33.3
15500,trent,initiator,Fracture,1,26,169.0,77.0,0.077,0.667,100.0
15500,trent,initiator,Haven,13,279,134.6,76.4,0.054,0.625,61.5
15500,trent,initiator,Lotus,12,251,138.2,77.6,0.072,0.692,75.0
15500,trent,initiator,Pearl,6,121,122.7,80.2,0.025,0.6,100.0
15500,trent,initiator,Split,15,335,114.5,76.2,0.057,0.442,46.7
15500,trent,initiator,Summit,2,40,102.8,62.5,0.05,0.4,50.0
15500,trent,initiator,Sunset,5,120,107.0,79.0,0.042,0.556,80.0
15559,CHICHOO,Flex,Abyss,4,80,124.5,68.9,0.098,0.667,75.0
15559,CHICHOO,Flex,Ascent,4,92,170.0,69.2,0.088,0.5,50.0
15559,CHICHOO,Flex,Bind,4,82,135.0,68.2,0.085,0.438,50.0
15559,CHICHOO,Flex,Breeze,13,262,153.8,72.2,0.081,0.486,69.2
15559,CHICHOO,Flex,Corrode,3,57,142.1,81.8,0.077,0.6,100.0
15559,CHICHOO,Flex,Fracture,7,142,134.2,73.5,0.077,0.524,57.1
15559,CHICHOO,Flex,Haven,15,319,129.7,73.7,0.057,0.421,53.3
15559,CHICHOO,Flex,Lotus,9,181,128.4,76.4,0.088,0.593,55.6
15559,CHICHOO,Flex,Pearl,7,141,131.2,73.7,0.071,0.5,42.9
15559,CHICHOO,Flex,Split,13,272,140.4,69.9,0.085,0.561,53.8
15559,CHICHOO,Flex,Summit,1,22,120.0,68.0,0.0,0.0,0.0
15559,CHICHOO,Flex,Sunset,5,113,157.4,70.8,0.097,0.579,60.0
15639,chloric,initiator,Ascent,4,96,120.9,71.9,0.083,0.667,50.0
15639,chloric,initiator,Bind,3,66,111.7,75.7,0.076,0.556,33.3
15639,chloric,initiator,Breeze,3,62,106.6,64.6,0.048,0.273,33.3
15639,chloric,initiator,Fracture,1,22,120.0,77.0,0.0,0.0,100.0
15639,chloric,initiator,Haven,3,68,109.4,69.1,0.0,0.0,66.7
15639,chloric,initiator,Lotus,4,85,122.7,75.5,0.059,0.357,50.0
15639,chloric,initiator,Pearl,2,45,130.1,64.5,0.044,0.333,0.0
15639,chloric,initiator,Split,5,102,89.6,63.9,0.049,0.385,60.0
15639,chloric,initiator,Summit,2,46,161.2,74.0,0.087,0.571,50.0
15639,chloric,initiator,Sunset,4,89,138.2,70.9,0.067,0.667,25.0
15681,Palla,duelist,Ascent,1,24,185.0,63.0,0.208,0.5,0.0
15681,Palla,duelist,Breeze,1,17,135.0,71.0,0.118,0.222,0.0
15681,Palla,duelist,Lotus,2,41,149.0,65.9,0.146,0.5,50.0
15681,Palla,duelist,Split,1,17,148.0,76.0,0.118,0.4,0.0
15735,KROSTALY,initiator,Abyss,2,37,96.4,56.6,0.054,0.333,0.0
15735,KROSTALY,initiator,Ascent,10,188,125.6,73.4,0.074,0.667,60.0
15735,KROSTALY,initiator,Bind,3,64,100.9,73.7,0.031,0.25,100.0
15735,KROSTALY,initiator,Breeze,2,36,101.5,61.3,0.0,0.0,50.0
15735,KROSTALY,initiator,Corrode,1,34,111.0,74.0,0.059,0.4,100.0
15735,KROSTALY,initiator,Fracture,5,103,93.1,72.0,0.019,0.286,40.0
15735,KROSTALY,initiator,Haven,14,319,134.3,76.1,0.056,0.581,78.6
15735,KROSTALY,initiator,Lotus,12,271,120.2,69.7,0.081,0.595,25.0
15735,KROSTALY,initiator,Pearl,6,143,102.3,70.8,0.049,0.35,0.0
15735,KROSTALY,initiator,Split,13,272,114.2,72.1,0.066,0.529,46.2
15735,KROSTALY,initiator,Summit,2,45,117.9,66.8,0.044,0.667,50.0
15735,KROSTALY,initiator,Sunset,3,69,103.8,77.0,0.029,0.286,100.0
15897,Apinya,Flex,Ascent,3,71,152.7,76.2,0.141,0.476,100.0
15897,Apinya,Flex,Breeze,3,68,144.3,77.8,0.147,0.588,66.7
15897,Apinya,Flex,Haven,3,56,129.3,62.2,0.125,0.583,33.3
15897,Apinya,Flex,Sunset,3,58,104.8,62.3,0.155,0.563,0.0
16215,dos9,controller,Abyss,3,52,123.5,78.9,0.058,0.429,66.7
16215,dos9,controller,Ascent,3,55,130.1,81.7,0.073,0.571,100.0
16215,dos9,controller,Bind,1,21,139.0,62.0,0.095,0.667,0.0
16215,dos9,controller,Breeze,2,45,101.7,75.8,0.044,0.25,0.0
16215,dos9,controller,Corrode,1,24,99.0,75.0,0.0,0.0,0.0
16215,dos9,controller,Fracture,2,42,120.6,81.0,0.048,0.667,0.0
16215,dos9,controller,Haven,11,242,131.2,78.2,0.095,0.511,72.7
16215,dos9,controller,Lotus,9,185,107.3,68.7,0.086,0.485,55.6
16215,dos9,controller,Pearl,3,62,103.6,69.5,0.081,0.625,33.3
16215,dos9,controller,Split,4,98,112.5,73.2,0.051,0.333,0.0
16215,dos9,controller,Summit,3,77,139.8,75.3,0.078,0.6,33.3
16215,dos9,controller,Sunset,3,56,148.2,80.3,0.161,0.9,100.0
16447,d3mur,duelist,Abyss,1,21,132.0,76.0,0.143,0.5,100.0
16447,d3mur,duelist,Bind,1,21,99.0,67.0,0.048,0.167,0.0
16447,d3mur,duelist,Breeze,2,34,85.9,56.2,0.059,0.2,0.0
16447,d3mur,duelist,Corrode,1,14,108.0,36.0,0.143,0.222,0.0
16447,d3mur,duelist,Haven,1,20,135.0,60.0,0.15,0.429,0.0
16447,d3mur,duelist,Pearl,1,26,132.0,62.0,0.115,0.5,0.0
16447,d3mur,duelist,Split,2,39,119.2,74.2,0.154,0.429,100.0
16924,stew,duelist,Abyss,3,66,105.0,71.0,0.083,0.5,66.7
16924,stew,duelist,Bind,4,92,156.4,78.2,0.087,0.727,50.0
16924,stew,duelist,Breeze,1,21,156.0,81.0,0.238,0.833,0.0
16924,stew,duelist,Corrode,4,76,117.1,64.1,0.077,0.273,25.0
16924,stew,duelist,Fracture,4,89,134.8,81.0,0.101,0.563,50.0
16924,stew,duelist,Haven,11,222,121.8,74.0,0.082,0.417,54.5
16924,stew,duelist,Lotus,4,69,127.7,65.3,0.116,0.5,25.0
16924,stew,duelist,Pearl,5,95,133.1,68.5,0.126,0.6,40.0
16924,stew,duelist,Split,3,65,151.0,69.3,0.185,0.6,66.7
17049,Hermes,Flex,Abyss,2,46,99.1,71.8,0.087,0.444,50.0
17049,Hermes,Flex,Ascent,3,57,108.6,70.3,0.088,0.5,33.3
17049,Hermes,Flex,Bind,3,59,118.0,74.8,0.169,0.556,33.3
17049,Hermes,Flex,Breeze,3,72,133.2,62.4,0.167,0.6,66.7
17049,Hermes,Flex,Corrode,3,60,110.2,71.8,0.067,0.444,66.7
17049,Hermes,Flex,Fracture,1,20,111.0,60.0,0.05,1.0,0.0
17049,Hermes,Flex,Haven,4,85,120.6,79.0,0.047,0.267,75.0
17049,Hermes,Flex,Lotus,2,45,101.2,57.9,0.044,0.4,0.0
17049,Hermes,Flex,Pearl,1,21,101.0,62.0,0.0,0.0,0.0
17049,Hermes,Flex,Split,5,110,96.4,66.5,0.118,0.448,60.0
17049,Hermes,Flex,Sunset,2,40,118.8,72.4,0.125,0.417,50.0
17086,something,duelist,Abyss,3,60,125.0,63.3,0.15,0.643,33.3
17086,something,duelist,Ascent,9,200,156.2,70.1,0.165,0.541,77.8
17086,something,duelist,Bind,4,87,116.1,64.2,0.092,0.348,25.0
17086,something,duelist,Breeze,18,386,141.1,72.8,0.153,0.602,66.7
17086,something,duelist,Corrode,8,168,139.9,73.3,0.179,0.566,50.0
17086,something,duelist,Fracture,6,127,131.0,77.2,0.094,0.545,83.3
17086,something,duelist,Haven,8,190,128.7,68.0,0.105,0.408,62.5
17086,something,duelist,Lotus,9,171,147.8,73.0,0.205,0.625,66.7
17086,something,duelist,Pearl,10,216,135.2,71.2,0.134,0.569,50.0
17086,something,duelist,Split,20,417,132.7,70.5,0.125,0.51,70.0
17086,something,duelist,Summit,3,60,195.4,81.6,0.183,0.733,100.0
17086,something,duelist,Sunset,3,73,111.8,65.8,0.041,0.231,0.0
17433,v1c,controller,Abyss,2,39,116.7,81.8,0.154,0.75,50.0
17433,v1c,controller,Bind,2,40,173.2,84.7,0.15,0.75,50.0
17433,v1c,controller,Breeze,11,230,120.4,76.9,0.078,0.486,54.5
17433,v1c,controller,Corrode,1,24,98.0,67.0,0.083,0.667,0.0
17433,v1c,controller,Haven,6,124,116.9,70.8,0.097,0.444,50.0
17433,v1c,controller,Lotus,4,85,112.8,68.3,0.082,0.538,0.0
17433,v1c,controller,Pearl,6,132,107.1,71.4,0.045,0.429,33.3
17433,v1c,controller,Split,9,203,132.6,82.4,0.069,0.412,100.0
17433,v1c,controller,Summit,2,38,91.0,63.4,0.026,0.2,0.0
17433,v1c,controller,Sunset,3,64,139.3,79.6,0.094,0.6,0.0
17770,alvinboy,sentinel,Ascent,1,18,110.0,61.0,0.0,0.0,0.0
17770,alvinboy,sentinel,Breeze,1,26,143.0,54.0,0.077,0.5,0.0
17770,alvinboy,sentinel,Split,1,24,104.0,67.0,0.042,0.333,0.0
17770,alvinboy,sentinel,Sunset,1,20,151.0,75.0,0.15,0.5,0.0
18350,MiniBoo,duelist,Abyss,4,90,140.5,66.7,0.133,0.4,50.0
18350,MiniBoo,duelist,Ascent,2,47,122.8,57.6,0.149,0.467,50.0
18350,MiniBoo,duelist,Bind,7,144,165.4,78.6,0.181,0.605,85.7
18350,MiniBoo,duelist,Breeze,8,171,141.9,72.4,0.158,0.482,62.5
18350,MiniBoo,duelist,Corrode,4,80,146.6,71.3,0.225,0.545,25.0
18350,MiniBoo,duelist,Fracture,1,15,100.0,33.0,0.133,0.5,0.0
18350,MiniBoo,duelist,Haven,2,51,136.6,59.2,0.118,0.353,50.0
18350,MiniBoo,duelist,Lotus,3,65,119.6,69.1,0.123,0.471,66.7
18350,MiniBoo,duelist,Pearl,7,154,130.1,75.5,0.24,0.578,57.1
18350,MiniBoo,duelist,Split,7,152,147.7,71.7,0.204,0.564,57.1
18400,bipo,duelist,Abyss,4,92,147.7,70.7,0.13,0.667,50.0
18400,bipo,duelist,Ascent,5,98,116.4,63.4,0.092,0.429,40.0
18400,bipo,duelist,Bind,6,129,117.4,65.4,0.109,0.341,66.7
18400,bipo,duelist,Corrode,3,72,109.4,61.4,0.083,0.4,0.0
18400,bipo,duelist,Fracture,3,54,106.5,70.3,0.185,0.556,66.7
18400,bipo,duelist,Haven,9,214,117.8,68.3,0.079,0.472,55.6
18400,bipo,duelist,Lotus,5,111,106.5,72.2,0.108,0.48,40.0
18400,bipo,duelist,Pearl,8,183,117.7,74.9,0.148,0.415,87.5
18400,bipo,duelist,Split,8,148,120.8,59.3,0.135,0.408,37.5
18400,bipo,duelist,Sunset,4,86,81.7,67.7,0.023,0.286,50.0
18615,batujnax,initiator,Abyss,2,48,120.5,71.0,0.063,0.429,50.0
18615,batujnax,initiator,Ascent,2,46,129.7,71.8,0.109,0.556,100.0
18615,batujnax,initiator,Haven,1,23,153.0,83.0,0.087,1.0,0.0
18615,batujnax,initiator,Lotus,3,72,104.3,66.4,0.042,0.25,33.3
18615,batujnax,initiator,Split,4,84,121.0,72.8,0.095,0.471,75.0
18615,batujnax,initiator,Summit,3,64,160.3,71.8,0.094,0.667,66.7
18615,batujnax,initiator,Sunset,1,15,149.0,93.0,0.133,1.0,100.0
18677,Ruxic,controller,Abyss,1,20,76.0,65.0,0.0,0.0,0.0
18677,Ruxic,controller,Ascent,4,96,120.4,73.2,0.042,0.267,50.0
18677,Ruxic,controller,Bind,6,143,156.7,72.7,0.133,0.559,33.3
18677,Ruxic,controller,Breeze,5,98,156.4,69.4,0.061,0.333,40.0
18677,Ruxic,controller,Fracture,1,22,131.0,86.0,0.136,0.75,100.0
18677,Ruxic,controller,Haven,6,130,140.8,67.7,0.062,0.32,50.0
18677,Ruxic,controller,Lotus,4,85,117.9,69.3,0.059,0.5,50.0
18677,Ruxic,controller,Pearl,2,45,143.3,77.9,0.089,0.571,0.0
18677,Ruxic,controller,Split,8,168,150.1,75.0,0.149,0.781,62.5
18677,Ruxic,controller,Summit,2,46,150.0,76.2,0.065,0.75,50.0
18677,Ruxic,controller,Sunset,4,89,139.0,76.6,0.067,0.6,25.0
18796,OXY,duelist,Abyss,2,39,132.8,64.5,0.205,0.5,50.0
18796,OXY,duelist,Bind,2,40,134.2,62.7,0.2,0.571,50.0
18796,OXY,duelist,Breeze,10,209,186.4,71.8,0.239,0.581,60.0
18796,OXY,duelist,Corrode,1,24,135.0,67.0,0.167,0.571,0.0
18796,OXY,duelist,Haven,6,124,172.0,70.2,0.185,0.605,50.0
18796,OXY,duelist,Lotus,5,104,137.0,68.1,0.221,0.5,0.0
18796,OXY,duelist,Pearl,4,78,130.5,62.7,0.167,0.419,0.0
18796,OXY,duelist,Split,8,180,143.8,77.3,0.217,0.549,87.5
18796,OXY,duelist,Summit,2,38,126.4,63.3,0.132,0.278,0.0
18796,OXY,duelist,Sunset,3,64,144.3,67.2,0.141,0.375,0.0
19292,jowa,controller,Abyss,4,83,117.7,73.2,0.159,0.769,25.0
19292,jowa,controller,Bind,5,103,153.1,76.5,0.106,0.409,40.0
19292,jowa,controller,Breeze,3,55,100.3,56.0,0.055,0.273,0.0
19292,jowa,controller,Fracture,3,66,103.3,72.6,0.061,0.571,33.3
19292,jowa,controller,Haven,3,61,141.8,83.8,0.054,0.4,66.7
19292,jowa,controller,Lotus,5,110,100.5,77.3,0.064,0.412,0.0
19292,jowa,controller,Pearl,2,43,118.3,74.1,0.093,0.571,100.0
19292,jowa,controller,Split,1,19,83.0,42.0,0.053,0.2,0.0
19530,AAAAY,Flex,Ascent,4,82,125.6,74.8,0.016,0.25,50.0
19530,AAAAY,Flex,Bind,3,66,159.5,65.3,0.061,1.0,0.0
19530,AAAAY,Flex,Breeze,3,66,166.8,75.4,0.091,0.545,100.0
19530,AAAAY,Flex,Fracture,2,37,122.5,75.6,0.108,0.667,50.0
19530,AAAAY,Flex,Haven,2,37,138.0,65.0,0.05,0.333,0.0
19530,AAAAY,Flex,Lotus,6,131,129.2,72.0,0.065,0.583,16.7
19530,AAAAY,Flex,Pearl,7,134,167.5,71.2,0.11,0.722,57.1
19530,AAAAY,Flex,Split,7,149,121.6,71.9,0.06,0.545,28.6
19530,AAAAY,Flex,Summit,2,35,153.3,74.2,0.143,0.833,100.0
19530,AAAAY,Flex,Sunset,5,104,129.7,66.3,0.038,0.5,60.0
19677,lucas,initiator,Abyss,1,23,,,,,0.0
19677,lucas,initiator,Ascent,5,97,131.8,71.9,0.052,0.714,60.0
19677,lucas,initiator,Bind,3,59,116.2,72.7,0.102,0.75,66.7
19677,lucas,initiator,Breeze,9,220,162.3,73.1,0.05,0.478,33.3
19677,lucas,initiator,Corrode,2,42,117.0,70.0,0.043,0.167,50.0
19677,lucas,initiator,Fracture,6,125,146.7,70.3,0.04,0.5,50.0
19677,lucas,initiator,Haven,9,191,127.5,72.1,0.078,0.545,44.4
19677,lucas,initiator,Lotus,2,40,108.5,65.0,0.1,0.4,0.0
19677,lucas,initiator,Pearl,1,21,176.0,76.0,0.048,0.5,100.0
19677,lucas,initiator,Split,9,209,116.5,69.6,0.03,0.278,33.3
19677,lucas,initiator,Summit,7,165,115.5,74.2,0.048,0.5,57.1
19677,lucas,initiator,Sunset,8,166,124.6,67.4,0.066,0.407,0.0
20140,vora,initiator,Abyss,3,52,139.4,82.6,0.058,0.6,66.7
20140,vora,initiator,Ascent,3,70,118.0,74.5,0.086,0.462,100.0
20140,vora,initiator,Bind,5,110,107.4,74.6,0.036,0.444,80.0
20140,vora,initiator,Breeze,10,196,130.1,71.5,0.092,0.783,60.0
20140,vora,initiator,Corrode,3,64,126.6,81.3,0.094,0.429,66.7
20140,vora,initiator,Fracture,2,46,98.3,69.7,0.0,0.0,50.0
20140,vora,initiator,Haven,9,206,127.6,74.9,0.053,0.407,66.7
20140,vora,initiator,Lotus,3,58,109.4,70.6,0.017,0.167,33.3
20140,vora,initiator,Pearl,7,141,109.2,69.0,0.064,0.474,42.9
20140,vora,initiator,Split,10,230,121.0,76.5,0.07,0.5,50.0
20140,vora,initiator,Summit,3,55,141.7,70.8,0.109,0.667,66.7
20140,vora,initiator,Sunset,4,101,122.1,68.4,0.02,0.133,50.0
20144,LewN,duelist,Abyss,3,52,204.6,75.3,0.308,0.667,66.7
20144,LewN,duelist,Ascent,3,55,145.8,76.0,0.291,0.64,100.0
20144,LewN,duelist,Bind,1,21,166.0,62.0,0.238,0.714,0.0
20144,LewN,duelist,Breeze,2,45,155.0,68.9,0.2,0.5,0.0
20144,LewN,duelist,Corrode,1,24,105.0,75.0,0.125,0.429,0.0
20144,LewN,duelist,Fracture,2,42,113.4,71.5,0.19,0.571,0.0
20144,LewN,duelist,Haven,11,242,140.4,70.7,0.124,0.508,72.7
20144,LewN,duelist,Lotus,9,185,155.4,67.6,0.103,0.432,55.6
20144,LewN,duelist,Pearl,3,62,123.2,70.9,0.161,0.588,33.3
20144,LewN,duelist,Split,4,98,139.2,73.4,0.163,0.432,0.0
20144,LewN,duelist,Summit,3,77,134.2,66.3,0.195,0.536,33.3
20144,LewN,duelist,Sunset,3,56,141.6,75.0,0.196,0.688,100.0
20240,xenom,controller,Ascent,1,24,141.0,88.0,0.083,0.5,100.0
20240,xenom,controller,Haven,1,21,140.0,86.0,0.143,1.0,0.0
20240,xenom,controller,Split,2,43,172.2,60.3,0.14,0.857,0.0
20240,xenom,controller,Sunset,1,23,99.0,70.0,0.13,0.75,0.0
21216,f4ngeer,duelist,Abyss,4,75,137.0,69.5,0.107,0.381,50.0
21216,f4ngeer,duelist,Ascent,3,65,141.0,71.0,0.262,0.607,66.7
21216,f4ngeer,duelist,Bind,7,146,146.5,69.8,0.199,0.592,42.9
21216,f4ngeer,duelist,Breeze,2,47,126.2,64.0,0.128,0.6,50.0
21216,f4ngeer,duelist,Corrode,2,43,161.0,69.7,0.302,0.722,50.0
21216,f4ngeer,duelist,Fracture,2,37,162.1,72.9,0.108,0.571,50.0
21216,f4ngeer,duelist,Haven,9,197,154.3,74.2,0.195,0.586,55.6
21216,f4ngeer,duelist,Lotus,11,234,152.6,72.9,0.177,0.567,72.7
21216,f4ngeer,duelist,Pearl,6,121,138.6,67.0,0.187,0.607,33.3
21216,f4ngeer,duelist,Split,17,351,141.2,66.8,0.159,0.495,58.8
21216,f4ngeer,duelist,Summit,6,125,138.2,63.8,0.157,0.5,50.0
21216,f4ngeer,duelist,Sunset,7,155,147.0,68.5,0.232,0.571,28.6
21251,blowz,initiator,Abyss,2,42,119.9,78.7,0.024,0.333,50.0
21251,blowz,initiator,Ascent,7,138,132.1,80.6,0.058,0.727,85.7
21251,blowz,initiator,Bind,7,142,115.5,71.8,0.07,0.667,71.4
21251,blowz,initiator,Breeze,6,133,115.1,61.1,0.038,0.455,0.0
21251,blowz,initiator,Corrode,1,23,101.0,61.0,0.0,0.0,100.0
21251,blowz,initiator,Fracture,5,99,125.6,73.8,0.051,0.455,40.0
21251,blowz,initiator,Haven,9,193,134.2,83.6,0.073,0.824,66.7
21251,blowz,initiator,Lotus,7,131,129.9,80.8,0.046,0.375,42.9
21251,blowz,initiator,Pearl,9,177,121.9,74.6,0.017,0.375,55.6
21251,blowz,initiator,Split,18,373,115.4,81.2,0.054,0.625,83.3
21251,blowz,initiator,Summit,4,85,99.3,69.5,0.035,0.273,25.0
21251,blowz,initiator,Sunset,4,72,112.8,74.9,0.056,0.571,75.0
21328,Wo0t,duelist,Abyss,3,62,107.3,68.0,0.081,0.455,0.0
21328,Wo0t,duelist,Ascent,9,196,129.6,68.4,0.128,0.472,66.7
21328,Wo0t,duelist,Bind,5,103,114.4,67.0,0.107,0.44,20.0
21328,Wo0t,duelist,Breeze,6,116,139.6,73.9,0.181,0.512,50.0
21328,Wo0t,duelist,Corrode,1,24,174.0,88.0,0.25,0.857,100.0
21328,Wo0t,duelist,Fracture,5,103,136.9,79.6,0.223,0.561,80.0
21328,Wo0t,duelist,Haven,12,254,147.3,78.4,0.157,0.606,58.3
21328,Wo0t,duelist,Lotus,14,292,167.1,76.4,0.127,0.507,57.1
21328,Wo0t,duelist,Pearl,4,86,128.7,68.9,0.186,0.571,25.0
21328,Wo0t,duelist,Split,4,74,120.4,63.5,0.189,0.583,50.0
21328,Wo0t,duelist,Summit,3,66,157.5,75.8,0.167,0.579,100.0
21328,Wo0t,duelist,Sunset,3,60,105.7,51.7,0.1,0.667,33.3
21438,SSeeS,controller,Abyss,1,21,150.0,86.0,0.0,,100.0
21438,SSeeS,controller,Ascent,8,173,102.5,75.1,0.017,0.25,50.0
21438,SSeeS,controller,Bind,3,65,124.0,76.9,0.046,0.333,33.3
21438,SSeeS,controller,Breeze,5,102,107.6,69.7,0.088,0.529,40.0
21438,SSeeS,controller,Corrode,1,18,75.0,67.0,0.0,,0.0
21438,SSeeS,controller,Fracture,2,43,94.5,72.0,0.07,0.429,50.0
21438,SSeeS,controller,Haven,8,188,107.7,71.8,0.064,0.522,37.5
21438,SSeeS,controller,Lotus,7,160,103.3,65.5,0.031,0.227,42.9
21438,SSeeS,controller,Pearl,7,150,100.3,77.8,0.027,0.308,42.9
21438,SSeeS,controller,Split,8,160,101.4,70.0,0.056,0.429,75.0
21438,SSeeS,controller,Summit,2,43,67.0,67.3,0.047,0.286,0.0
21438,SSeeS,controller,Sunset,3,59,116.5,81.6,0.068,0.8,66.7
21610,runneR,duelist,Ascent,3,69,165.6,81.4,0.101,0.7,33.3
21610,runneR,duelist,Breeze,2,42,139.0,69.0,0.071,0.375,100.0
21610,runneR,duelist,Lotus,4,87,130.2,64.5,0.069,0.333,75.0
21610,runneR,duelist,Split,4,91,157.5,68.1,0.165,0.6,25.0
21659,Sato,duelist,Abyss,2,42,177.1,81.0,0.143,0.6,50.0
21659,Sato,duelist,Ascent,7,138,159.8,77.4,0.145,0.606,85.7
21659,Sato,duelist,Bind,7,142,135.7,69.0,0.113,0.41,71.4
21659,Sato,duelist,Breeze,6,133,107.4,66.2,0.075,0.5,0.0
21659,Sato,duelist,Corrode,1,23,166.0,65.0,0.174,0.5,100.0
21659,Sato,duelist,Fracture,5,99,151.7,69.6,0.222,0.611,40.0
21659,Sato,duelist,Haven,9,193,158.4,78.6,0.098,0.514,66.7
21659,Sato,duelist,Lotus,7,131,127.7,65.7,0.122,0.471,42.9
21659,Sato,duelist,Pearl,9,177,144.8,74.1,0.107,0.413,55.6
21659,Sato,duelist,Split,18,373,161.4,77.2,0.15,0.571,83.3
21659,Sato,duelist,Summit,4,85,96.4,65.8,0.059,0.5,25.0
21659,Sato,duelist,Sunset,4,72,158.1,72.2,0.111,0.421,75.0
21661,spike,duelist,Abyss,2,42,134.6,71.3,0.19,0.615,50.0
21661,spike,duelist,Ascent,7,138,152.2,72.5,0.203,0.571,85.7
21661,spike,duelist,Bind,7,142,136.5,76.1,0.162,0.605,71.4
21661,spike,duelist,Breeze,6,133,137.2,68.4,0.158,0.457,0.0
21661,spike,duelist,Corrode,1,23,159.0,78.0,0.087,0.4,100.0
21661,spike,duelist,Fracture,5,99,111.2,67.8,0.141,0.4,40.0
21661,spike,duelist,Haven,9,193,151.5,71.0,0.181,0.522,66.7
21661,spike,duelist,Lotus,7,131,146.1,76.9,0.115,0.714,42.9
21661,spike,duelist,Pearl,9,177,146.8,76.8,0.181,0.681,55.6
21661,spike,duelist,Split,18,373,138.8,71.4,0.164,0.508,83.3
21661,spike,duelist,Summit,4,85,132.6,66.0,0.176,0.5,25.0
21661,spike,duelist,Sunset,4,72,138.7,73.3,0.167,0.462,75.0
21668,Verno,initiator,Abyss,5,97,144.9,71.1,0.062,0.6,20.0
21668,Verno,initiator,Ascent,3,57,140.1,78.7,0.053,0.333,66.7
21668,Verno,initiator,Bind,3,59,120.6,79.7,0.119,0.778,66.7
21668,Verno,initiator,Breeze,9,189,141.2,77.6,0.058,0.5,55.6
21668,Verno,initiator,Corrode,3,62,142.7,82.3,0.113,0.778,66.7
21668,Verno,initiator,Fracture,2,41,127.5,73.2,0.024,1.0,50.0
21668,Verno,initiator,Haven,11,226,131.0,77.0,0.049,0.44,54.5
21668,Verno,initiator,Lotus,3,78,104.9,70.7,0.051,0.4,33.3
21668,Verno,initiator,Split,9,205,121.3,73.2,0.068,0.538,44.4
21668,Verno,initiator,Summit,1,17,134.0,76.0,0.059,0.333,0.0
21668,Verno,initiator,Sunset,7,142,147.8,77.5,0.049,0.412,57.1
21778,P0PPIN,initiator,Abyss,3,64,107.5,59.3,0.094,0.5,0.0
21778,P0PPIN,initiator,Bind,3,55,122.4,78.5,0.073,0.444,66.7
21778,P0PPIN,initiator,Breeze,3,64,113.6,76.5,0.063,0.4,66.7
21778,P0PPIN,initiator,Corrode,3,65,97.9,65.9,0.077,0.385,33.3
21778,P0PPIN,initiator,Fracture,1,17,113.0,47.0,0.0,0.0,0.0
21778,P0PPIN,initiator,Haven,3,53,112.0,67.9,0.057,0.3,66.7
21778,P0PPIN,initiator,Lotus,2,41,90.1,63.1,0.024,0.2,50.0
21778,P0PPIN,initiator,Pearl,5,128,144.6,73.3,0.125,0.593,40.0
21778,P0PPIN,initiator,Split,2,48,95.5,60.5,0.063,0.5,0.0
22047,Rarga,duelist,Abyss,5,112,154.8,71.3,0.188,0.636,40.0
22047,Rarga,duelist,Ascent,3,61,175.1,73.1,0.243,0.643,66.7
22047,Rarga,duelist,Bind,7,149,153.5,72.3,0.208,0.608,100.0
22047,Rarga,duelist,Breeze,12,251,152.0,69.9,0.199,0.575,50.0
22047,Rarga,duelist,Fracture,3,64,163.4,76.5,0.266,0.773,66.7
22047,Rarga,duelist,Haven,13,265,122.3,67.1,0.132,0.4,38.5
22047,Rarga,duelist,Lotus,20,389,127.2,72.5,0.139,0.495,50.0
22047,Rarga,duelist,Pearl,6,115,140.9,75.5,0.165,0.514,50.0
22047,Rarga,duelist,Split,15,306,119.5,68.7,0.134,0.456,66.7
22047,Rarga,duelist,Summit,4,99,154.0,72.3,0.204,0.786,75.0
22047,Rarga,duelist,Sunset,1,23,146.0,70.0,0.217,0.625,100.0
23062,Surf,sentinel,Haven,1,24,115.0,67.0,0.125,0.75,0.0
23062,Surf,sentinel,Split,1,22,142.0,77.0,0.182,0.8,100.0
23062,Surf,sentinel,Summit,1,21,122.0,52.0,0.048,0.25,0.0
23062,Surf,sentinel,Sunset,2,46,94.4,69.6,0.022,0.167,0.0
23169,Minny,Flex,Abyss,4,92,133.9,75.1,0.054,0.385,50.0
23169,Minny,Flex,Ascent,5,98,151.9,75.5,0.153,0.517,40.0
23169,Minny,Flex,Bind,6,129,138.5,72.3,0.085,0.458,66.7
23169,Minny,Flex,Corrode,3,72,121.3,71.1,0.125,0.563,0.0
23169,Minny,Flex,Fracture,3,54,134.1,79.7,0.074,0.8,66.7
23169,Minny,Flex,Haven,10,236,135.7,71.4,0.144,0.479,50.0
23169,Minny,Flex,Lotus,6,130,110.8,60.8,0.1,0.419,33.3
23169,Minny,Flex,Pearl,8,183,127.8,77.6,0.12,0.512,87.5
23169,Minny,Flex,Split,9,172,113.5,62.8,0.07,0.364,33.3
23169,Minny,Flex,Summit,1,22,104.0,59.0,0.227,0.625,0.0
23169,Minny,Flex,Sunset,4,86,158.2,75.7,0.151,0.52,50.0
23365,koshmaras,duelist,Ascent,9,196,156.4,74.5,0.209,0.612,66.7
23365,koshmaras,duelist,Bind,1,21,71.0,57.0,0.095,0.667,0.0
23365,koshmaras,duelist,Breeze,5,99,142.3,74.7,0.152,0.536,40.0
23365,koshmaras,duelist,Fracture,5,103,124.7,69.8,0.126,0.419,80.0
23365,koshmaras,duelist,Haven,7,151,154.2,76.6,0.166,0.568,42.9
23365,koshmaras,duelist,Lotus,13,270,130.8,73.0,0.148,0.476,61.5
23365,koshmaras,duelist,Pearl,3,64,112.0,62.5,0.078,0.238,0.0
23365,koshmaras,duelist,Split,3,55,108.9,69.3,0.145,0.471,66.7
23365,koshmaras,duelist,Summit,3,66,118.6,68.4,0.167,0.478,100.0
23365,koshmaras,duelist,Sunset,3,60,130.5,61.6,0.133,0.444,33.3
24007,Shyy,sentinel,Abyss,1,18,174.0,89.0,0.0,,0.0
24007,Shyy,sentinel,Ascent,2,43,123.7,74.6,0.023,0.25,0.0
24007,Shyy,sentinel,Breeze,5,106,105.9,68.0,0.075,0.471,40.0
24007,Shyy,sentinel,Haven,7,161,140.0,72.9,0.081,0.591,57.1
24007,Shyy,sentinel,Split,3,67,162.1,77.7,0.06,0.4,33.3
24007,Shyy,sentinel,Summit,3,66,113.0,66.8,0.061,0.5,0.0
24007,Shyy,sentinel,Sunset,5,102,138.5,74.6,0.088,0.643,40.0
24308,WsLeo,initiator,Abyss,5,112,112.9,78.6,0.098,0.733,40.0
24308,WsLeo,initiator,Ascent,3,61,153.3,78.2,0.135,0.833,66.7
24308,WsLeo,initiator,Bind,7,149,124.2,81.2,0.087,0.813,100.0
24308,WsLeo,initiator,Breeze,12,251,134.9,73.1,0.052,0.565,50.0
24308,WsLeo,initiator,Fracture,3,64,108.3,81.3,0.063,0.364,66.7
24308,WsLeo,initiator,Haven,13,265,128.7,69.5,0.07,0.415,38.5
24308,WsLeo,initiator,Lotus,20,389,126.3,70.9,0.064,0.462,50.0
24308,WsLeo,initiator,Pearl,6,115,112.6,72.1,0.061,0.412,50.0
24308,WsLeo,initiator,Split,15,306,120.6,73.0,0.092,0.636,66.7
24308,WsLeo,initiator,Summit,4,99,112.0,77.7,0.093,0.455,75.0
24308,WsLeo,initiator,Sunset,1,23,164.0,87.0,0.087,0.4,100.0
24344,Loita,controller,Abyss,6,136,128.9,71.2,0.066,0.375,66.7
24344,Loita,controller,Ascent,5,104,109.8,77.2,0.048,0.357,60.0
24344,Loita,controller,Breeze,7,147,115.9,71.4,0.061,0.391,57.1
24344,Loita,controller,Corrode,1,19,126.0,74.0,0.053,0.25,100.0
24344,Loita,controller,Fracture,1,18,110.0,67.0,0.0,0.0,0.0
24344,Loita,controller,Haven,11,231,114.7,71.0,0.048,0.407,45.5
24344,Loita,controller,Lotus,5,106,124.5,73.6,0.057,0.4,40.0
24344,Loita,controller,Pearl,4,85,124.9,63.5,0.047,0.235,50.0
24344,Loita,controller,Split,7,162,137.1,71.0,0.062,0.455,28.6
24344,Loita,controller,Summit,2,45,128.1,75.7,0.044,0.25,50.0
24344,Loita,controller,Sunset,4,83,120.0,74.8,0.108,0.818,75.0
24424,Pa1ze,duelist,Ascent,3,69,129.5,72.4,0.203,0.583,33.3
24424,Pa1ze,duelist,Breeze,2,42,182.0,76.0,0.357,0.682,100.0
24424,Pa1ze,duelist,Lotus,4,87,191.9,72.4,0.287,0.595,75.0
24424,Pa1ze,duelist,Split,4,91,114.2,63.9,0.187,0.472,25.0
24553,Boni,duelist,Ascent,1,18,160.0,72.0,0.167,0.375,0.0
24553,Boni,duelist,Breeze,1,26,181.0,65.0,0.231,0.667,0.0
24553,Boni,duelist,Split,1,24,113.0,50.0,0.125,0.333,0.0
24553,Boni,duelist,Sunset,1,20,213.0,80.0,0.15,1.0,0.0
24628,wayne,controller,Abyss,4,90,95.0,67.9,0.056,0.357,50.0
24628,wayne,controller,Ascent,2,47,95.9,65.8,0.043,0.333,50.0
24628,wayne,controller,Bind,7,144,125.7,79.9,0.076,0.647,85.7
24628,wayne,controller,Breeze,7,147,130.2,72.2,0.054,0.421,71.4
24628,wayne,controller,Corrode,3,58,94.7,72.6,0.034,0.333,33.3
24628,wayne,controller,Fracture,1,15,137.0,53.0,0.067,1.0,0.0
24628,wayne,controller,Haven,2,51,102.6,80.8,0.059,0.429,50.0
24628,wayne,controller,Lotus,3,65,120.3,72.1,0.046,0.3,66.7
24628,wayne,controller,Pearl,6,128,122.2,77.3,0.063,0.615,50.0
24628,wayne,controller,Split,7,152,127.1,79.1,0.079,0.571,57.1
24895,Jemkin,duelist,Abyss,2,60,145.2,84.8,0.2,0.706,50.0
24895,Jemkin,duelist,Ascent,2,39,123.5,66.7,0.154,0.5,0.0
24895,Jemkin,duelist,Bind,4,87,151.4,73.5,0.195,0.654,50.0
24895,Jemkin,duelist,Breeze,9,187,127.4,67.8,0.171,0.492,22.2
24895,Jemkin,duelist,Corrode,3,67,148.5,74.7,0.224,0.75,100.0
24895,Jemkin,duelist,Fracture,3,56,157.6,85.9,0.089,0.556,100.0
24895,Jemkin,duelist,Haven,10,222,131.5,65.4,0.144,0.451,40.0
24895,Jemkin,duelist,Lotus,4,90,137.3,73.6,0.178,0.516,75.0
24895,Jemkin,duelist,Pearl,6,127,144.1,74.0,0.173,0.667,16.7
24895,Jemkin,duelist,Split,2,50,174.6,63.8,0.06,0.429,50.0
24895,Jemkin,duelist,Summit,3,69,128.9,69.4,0.232,0.615,66.7
24895,Jemkin,duelist,Sunset,5,105,132.4,72.5,0.152,0.571,40.0
25017,Ash,duelist,Abyss,2,45,130.9,68.9,0.089,0.5,0.0
25017,Ash,duelist,Ascent,3,61,128.2,72.1,0.18,0.611,33.3
25017,Ash,duelist,Bind,1,21,112.0,71.0,0.048,0.25,0.0
25017,Ash,duelist,Breeze,6,128,113.9,69.6,0.125,0.516,50.0
25017,Ash,duelist,Fracture,1,16,112.0,81.0,0.0,0.0,0.0
25017,Ash,duelist,Haven,7,153,119.8,73.2,0.078,0.4,57.1
25017,Ash,duelist,Lotus,5,115,130.0,65.3,0.122,0.452,60.0
25017,Ash,duelist,Pearl,4,105,103.1,77.2,0.086,0.643,0.0
25017,Ash,duelist,Split,4,96,133.3,70.0,0.198,0.543,50.0
25017,Ash,duelist,Summit,3,70,152.5,66.0,0.186,0.565,100.0
25017,Ash,duelist,Sunset,5,121,133.3,69.4,0.091,0.306,60.0
25053,Wolverine,Flex,Abyss,1,24,108.0,71.0,0.125,0.6,0.0
25053,Wolverine,Flex,Ascent,3,57,132.0,59.8,0.07,0.4,33.3
25053,Wolverine,Flex,Breeze,1,26,131.0,81.0,0.0,0.0,100.0
25053,Wolverine,Flex,Haven,2,41,131.0,75.4,0.268,0.688,100.0
25053,Wolverine,Flex,Lotus,1,23,82.0,43.0,0.174,0.571,0.0
25053,Wolverine,Flex,Split,1,23,134.0,74.0,0.087,0.4,100.0
25053,Wolverine,Flex,Sunset,2,40,144.8,77.2,0.125,0.833,50.0
25221,Xdll,initiator,Abyss,2,46,139.1,71.7,0.065,0.6,50.0
25221,Xdll,initiator,Ascent,2,37,112.5,67.8,0.054,0.333,0.0
25221,Xdll,initiator,Bind,4,83,130.5,71.2,0.108,0.6,50.0
25221,Xdll,initiator,Breeze,4,90,115.4,63.4,0.056,0.385,50.0
25221,Xdll,initiator,Corrode,1,17,61.0,41.0,0.0,,0.0
25221,Xdll,initiator,Fracture,3,60,107.0,69.8,0.033,0.4,33.3
25221,Xdll,initiator,Haven,9,189,126.7,65.2,0.048,0.6,33.3
25221,Xdll,initiator,Lotus,3,64,88.8,61.0,0.047,0.429,0.0
25221,Xdll,initiator,Pearl,1,18,92.0,44.0,0.0,0.0,0.0
25221,Xdll,initiator,Split,9,184,112.8,69.5,0.076,0.538,22.2
25221,Xdll,initiator,Sunset,5,122,89.4,68.8,0.041,0.208,80.0
25255,primmie,duelist,Abyss,1,22,144.0,59.0,0.091,0.333,0.0
25255,primmie,duelist,Ascent,3,58,139.5,74.0,0.224,0.565,66.7
25255,primmie,duelist,Bind,3,56,159.9,69.6,0.107,0.6,66.7
25255,primmie,duelist,Breeze,5,101,173.1,75.2,0.139,0.56,20.0
25255,primmie,duelist,Corrode,2,33,155.6,81.7,0.182,0.545,50.0
25255,primmie,duelist,Fracture,5,94,146.2,69.0,0.213,0.69,40.0
25255,primmie,duelist,Haven,8,164,163.8,68.3,0.159,0.565,12.5
25255,primmie,duelist,Lotus,7,153,161.1,76.5,0.163,0.51,57.1
25255,primmie,duelist,Pearl,8,166,172.2,76.4,0.229,0.644,62.5
25255,primmie,duelist,Split,11,244,176.5,77.4,0.172,0.56,72.7
25255,primmie,duelist,Summit,4,72,142.5,66.7,0.097,0.467,25.0
25255,primmie,duelist,Sunset,5,110,140.3,70.9,0.1,0.5,40.0
25494,Shr1mp,initiator,Abyss,4,75,140.6,74.7,0.08,0.667,50.0
25494,Shr1mp,initiator,Ascent,3,65,138.7,81.5,0.108,0.7,66.7
25494,Shr1mp,initiator,Bind,7,146,95.0,64.4,0.048,0.389,42.9
25494,Shr1mp,initiator,Breeze,2,47,121.5,59.6,0.043,0.667,50.0
25494,Shr1mp,initiator,Corrode,2,43,149.7,76.6,0.047,0.4,50.0
25494,Shr1mp,initiator,Fracture,2,37,124.1,91.9,0.0,0.0,50.0
25494,Shr1mp,initiator,Haven,9,197,132.2,74.8,0.046,0.615,55.6
25494,Shr1mp,initiator,Lotus,11,234,122.6,77.5,0.07,0.536,72.7
25494,Shr1mp,initiator,Pearl,6,121,136.5,62.5,0.066,0.75,33.3
25494,Shr1mp,initiator,Split,17,351,102.4,70.9,0.073,0.677,58.8
25494,Shr1mp,initiator,Summit,6,125,118.4,71.1,0.108,0.563,50.0
25494,Shr1mp,initiator,Sunset,7,155,137.0,74.9,0.052,0.571,28.6
26171,Demon1,sentinel,Ascent,6,125,137.7,73.6,0.136,0.567,66.7
26171,Demon1,sentinel,Bind,2,33,111.6,51.4,0.061,0.154,50.0
26171,Demon1,sentinel,Breeze,4,83,129.6,68.6,0.108,0.391,0.0
26171,Demon1,sentinel,Corrode,1,18,105.0,67.0,0.0,0.0,0.0
26171,Demon1,sentinel,Fracture,1,17,90.0,47.0,0.176,0.6,0.0
26171,Demon1,sentinel,Haven,7,145,130.2,65.0,0.131,0.514,28.6
26171,Demon1,sentinel,Lotus,3,60,109.6,65.1,0.1,0.375,33.3
26171,Demon1,sentinel,Pearl,5,126,156.0,77.9,0.143,0.667,60.0
26171,Demon1,sentinel,Split,6,128,130.9,69.5,0.086,0.44,50.0
26171,Demon1,sentinel,Summit,2,37,150.1,73.2,0.189,0.467,50.0
26171,Demon1,sentinel,Sunset,3,56,117.5,73.4,0.125,1.0,66.7
27149,Brinks,controller,Ascent,1,24,101.0,63.0,0.083,0.667,100.0
27149,Brinks,controller,Haven,1,21,128.0,71.0,0.048,0.333,0.0
27149,Brinks,controller,Split,2,43,107.3,70.0,0.093,0.5,0.0
27149,Brinks,controller,Sunset,1,23,131.0,65.0,0.087,0.5,0.0
27244,seph1roth,sentinel,Ascent,3,58,131.5,68.8,0.138,0.615,66.7
27244,seph1roth,sentinel,Breeze,1,14,106.0,50.0,0.071,1.0,0.0
27244,seph1roth,sentinel,Haven,4,84,111.1,65.8,0.083,0.538,0.0
27244,seph1roth,sentinel,Lotus,3,62,112.3,74.2,0.016,0.2,33.3
27244,seph1roth,sentinel,Split,4,94,113.2,74.6,0.064,0.316,75.0
27244,seph1roth,sentinel,Summit,4,72,96.6,64.0,0.069,0.556,25.0
27244,seph1roth,sentinel,Sunset,5,110,106.9,72.0,0.136,0.6,40.0
27254,Leviathan,controller,Abyss,1,22,148.0,86.0,0.0,0.0,0.0
27254,Leviathan,controller,Bind,3,56,140.5,71.4,0.071,0.571,66.7
27254,Leviathan,controller,Breeze,4,87,104.7,66.7,0.057,0.385,25.0
27254,Leviathan,controller,Corrode,2,33,98.6,72.6,0.03,0.167,50.0
27254,Leviathan,controller,Fracture,5,94,102.0,57.6,0.053,0.294,40.0
27254,Leviathan,controller,Haven,4,80,150.2,70.1,0.038,0.231,25.0
27254,Leviathan,controller,Lotus,4,91,132.6,74.7,0.044,0.364,75.0
27254,Leviathan,controller,Pearl,8,166,114.1,72.8,0.054,0.529,62.5
27254,Leviathan,controller,Split,7,150,112.2,71.4,0.047,0.438,71.4
28400,HYUNMIN,duelist,Abyss,3,64,140.6,70.3,0.156,0.588,33.3
28400,HYUNMIN,duelist,Ascent,3,72,161.5,75.0,0.083,0.353,33.3
28400,HYUNMIN,duelist,Bind,3,59,161.8,74.5,0.119,0.538,33.3
28400,HYUNMIN,duelist,Breeze,6,119,140.2,64.9,0.084,0.385,33.3
28400,HYUNMIN,duelist,Corrode,3,60,150.1,75.3,0.15,0.529,66.7
28400,HYUNMIN,duelist,Fracture,4,97,158.8,72.2,0.082,0.364,50.0
28400,HYUNMIN,duelist,Haven,10,205,154.8,70.7,0.102,0.477,60.0
28400,HYUNMIN,duelist,Lotus,9,215,160.9,76.0,0.098,0.477,44.4
28400,HYUNMIN,duelist,Pearl,4,86,131.0,66.3,0.163,0.7,50.0
28400,HYUNMIN,duelist,Split,7,144,153.3,71.5,0.132,0.528,42.9
28400,HYUNMIN,duelist,Summit,3,53,144.9,75.6,0.094,0.385,66.7
28400,HYUNMIN,duelist,Sunset,6,124,134.6,71.6,0.161,0.556,50.0
28401,Pkm,duelist,Ascent,1,22,80.0,50.0,0.091,0.4,0.0
28401,Pkm,duelist,Breeze,1,20,158.0,70.0,0.2,0.667,0.0
28401,Pkm,duelist,Haven,1,21,138.0,76.0,0.095,0.5,100.0
28401,Pkm,duelist,Lotus,1,26,158.0,73.0,0.154,0.571,100.0
28401,Pkm,duelist,Split,1,20,126.0,40.0,0.1,0.333,0.0
28401,Pkm,duelist,Summit,1,17,111.0,47.0,0.294,0.625,0.0
28716,lukxo,sentinel,Abyss,5,113,170.5,72.6,0.142,0.444,60.0
28716,lukxo,sentinel,Ascent,2,46,132.4,58.9,0.109,0.357,0.0
28716,lukxo,sentinel,Bind,2,35,119.5,51.6,0.143,0.455,0.0
28716,lukxo,sentinel,Breeze,7,165,145.1,74.6,0.091,0.455,71.4
28716,lukxo,sentinel,Haven,10,211,140.4,65.5,0.128,0.474,20.0
28716,lukxo,sentinel,Lotus,8,148,168.1,73.2,0.216,0.681,50.0
28716,lukxo,sentinel,Pearl,3,62,152.1,62.9,0.21,0.591,33.3
28716,lukxo,sentinel,Split,4,75,112.3,58.7,0.12,0.5,25.0
28716,lukxo,sentinel,Summit,6,119,154.2,77.4,0.202,0.706,66.7
28716,lukxo,sentinel,Sunset,6,134,165.9,68.7,0.194,0.553,83.3
28948,NINJA,Flex,Abyss,3,62,143.5,79.0,0.032,0.333,33.3
28948,NINJA,Flex,Ascent,5,96,139.5,69.7,0.167,0.533,20.0
28948,NINJA,Flex,Bind,1,26,120.0,65.0,0.154,0.571,100.0
28948,NINJA,Flex,Breeze,2,44,99.3,65.8,0.045,0.4,0.0
28948,NINJA,Flex,Fracture,1,24,141.0,75.0,0.042,0.333,0.0
28948,NINJA,Flex,Haven,3,62,81.5,59.6,0.081,0.385,0.0
28948,NINJA,Flex,Lotus,5,108,142.6,69.5,0.12,0.52,40.0
28948,NINJA,Flex,Pearl,2,43,137.2,67.4,0.07,0.375,50.0
28948,NINJA,Flex,Split,11,230,119.1,68.4,0.052,0.375,18.2
28948,NINJA,Flex,Summit,2,44,92.4,47.6,0.091,0.364,0.0
28948,NINJA,Flex,Sunset,3,58,117.3,63.8,0.069,0.333,0.0
29242,erde,controller,Abyss,3,63,156.1,85.7,0.063,0.667,100.0
29242,erde,controller,Ascent,2,46,132.8,73.8,0.13,0.667,0.0
29242,erde,controller,Bind,1,16,112.0,69.0,0.063,0.25,0.0
29242,erde,controller,Breeze,5,120,122.6,65.2,0.092,0.407,60.0
29242,erde,controller,Haven,6,128,129.5,71.1,0.07,0.5,33.3
29242,erde,controller,Lotus,7,126,114.4,76.3,0.095,0.4,57.1
29242,erde,controller,Split,3,58,141.9,65.6,0.069,0.5,33.3
29242,erde,controller,Summit,6,119,141.0,77.2,0.101,0.706,66.7
29242,erde,controller,Sunset,6,134,141.6,69.2,0.082,0.55,83.3
29243,Neon,Flex,Abyss,2,42,120.6,71.6,0.095,0.5,50.0
29243,Neon,Flex,Ascent,7,138,143.8,72.5,0.138,0.633,85.7
29243,Neon,Flex,Bind,6,120,143.3,80.8,0.167,0.769,83.3
29243,Neon,Flex,Breeze,6,133,151.4,68.5,0.173,0.523,0.0
29243,Neon,Flex,Corrode,1,23,107.0,65.0,0.087,0.4,100.0
29243,Neon,Flex,Fracture,5,99,144.7,78.6,0.061,0.5,40.0
29243,Neon,Flex,Haven,9,193,141.0,75.1,0.161,0.689,66.7
29243,Neon,Flex,Lotus,7,131,173.2,74.1,0.229,0.638,42.9
29243,Neon,Flex,Pearl,7,138,145.6,71.0,0.196,0.519,57.1
29243,Neon,Flex,Split,16,330,129.0,82.4,0.112,0.649,93.8
29243,Neon,Flex,Summit,4,85,123.5,62.3,0.118,0.5,25.0
29243,Neon,Flex,Sunset,4,72,137.5,76.3,0.125,0.818,75.0
29833,iZu,Flex,Abyss,2,56,143.1,84.2,0.107,0.75,100.0
29833,iZu,Flex,Ascent,7,139,127.9,76.2,0.043,0.375,42.9
29833,iZu,Flex,Bind,6,120,149.4,75.1,0.183,0.688,83.3
29833,iZu,Flex,Breeze,11,222,155.2,73.3,0.104,0.479,63.6
29833,iZu,Flex,Corrode,1,22,130.0,73.0,0.0,,0.0
29833,iZu,Flex,Haven,14,308,136.5,74.5,0.107,0.516,64.3
29833,iZu,Flex,Lotus,10,212,119.6,75.4,0.075,0.471,80.0
29833,iZu,Flex,Pearl,8,169,137.6,71.5,0.136,0.59,75.0
29833,iZu,Flex,Split,8,184,154.3,70.1,0.136,0.658,50.0
29833,iZu,Flex,Sunset,2,44,118.9,61.6,0.114,0.357,50.0
29839,TenTen,duelist,Abyss,1,24,106.0,79.0,0.167,0.4,0.0
29839,TenTen,duelist,Bind,2,38,110.5,57.8,0.211,0.615,50.0
29839,TenTen,duelist,Haven,1,18,73.0,50.0,0.167,0.429,0.0
29839,TenTen,duelist,Split,3,53,121.2,65.9,0.057,0.214,0.0
29840,yuran,duelist,Ascent,1,22,121.0,55.0,0.045,0.333,0.0
29840,yuran,duelist,Breeze,1,20,109.0,55.0,0.05,0.125,0.0
29840,yuran,duelist,Haven,1,21,108.0,71.0,0.143,0.6,100.0
29840,yuran,duelist,Lotus,1,26,166.0,77.0,0.192,0.556,100.0
29840,yuran,duelist,Split,1,20,109.0,50.0,0.05,0.333,0.0
29840,yuran,duelist,Summit,1,17,71.0,29.0,0.0,0.0,0.0
29841,Caedye,Flex,Abyss,1,21,192.0,81.0,0.333,1.0,100.0
29841,Caedye,Flex,Ascent,8,173,102.1,69.3,0.064,0.524,50.0
29841,Caedye,Flex,Bind,3,65,116.0,64.7,0.077,0.357,33.3
29841,Caedye,Flex,Breeze,5,102,124.0,65.8,0.059,0.462,40.0
29841,Caedye,Flex,Corrode,1,18,113.0,67.0,0.167,0.429,0.0
29841,Caedye,Flex,Fracture,2,43,120.4,64.8,0.14,0.667,50.0
29841,Caedye,Flex,Haven,8,188,129.2,67.5,0.069,0.351,37.5
29841,Caedye,Flex,Lotus,7,160,118.0,70.6,0.063,0.385,42.9
29841,Caedye,Flex,Pearl,7,150,145.9,65.9,0.147,0.564,42.9
29841,Caedye,Flex,Split,8,160,115.6,67.6,0.094,0.517,75.0
29841,Caedye,Flex,Summit,2,43,97.0,62.7,0.093,0.5,0.0
29841,Caedye,Flex,Sunset,3,59,186.4,77.9,0.136,0.8,66.7
29843,yatsuka,Flex,Abyss,1,21,109.0,67.0,0.095,0.5,100.0
29843,yatsuka,Flex,Ascent,8,173,105.6,70.6,0.11,0.396,50.0
29843,yatsuka,Flex,Bind,3,65,105.0,61.4,0.077,0.455,33.3
29843,yatsuka,Flex,Breeze,5,102,122.0,68.7,0.108,0.611,40.0
29843,yatsuka,Flex,Corrode,1,18,105.0,56.0,0.167,0.429,0.0
29843,yatsuka,Flex,Fracture,2,43,94.0,70.1,0.023,0.333,50.0
29843,yatsuka,Flex,Haven,8,188,117.4,66.5,0.117,0.44,37.5
29843,yatsuka,Flex,Lotus,7,160,119.8,71.8,0.081,0.52,42.9
29843,yatsuka,Flex,Pearl,7,150,106.0,76.1,0.1,0.6,42.9
29843,yatsuka,Flex,Split,8,160,133.8,68.9,0.106,0.447,75.0
29843,yatsuka,Flex,Summit,2,43,110.0,67.7,0.07,0.6,0.0
29843,yatsuka,Flex,Sunset,3,59,137.2,68.1,0.085,0.333,66.7
29867,hiro,Flex,Abyss,1,20,166.0,65.0,0.0,0.0,0.0
29867,hiro,Flex,Ascent,4,96,171.6,76.1,0.083,0.5,50.0
29867,hiro,Flex,Bind,6,143,157.8,76.9,0.056,0.381,33.3
29867,hiro,Flex,Breeze,5,98,131.1,67.5,0.071,0.467,40.0
29867,hiro,Flex,Fracture,1,22,156.0,64.0,0.045,0.5,100.0
29867,hiro,Flex,Haven,6,130,136.7,67.0,0.169,0.647,50.0
29867,hiro,Flex,Lotus,4,85,135.8,65.8,0.047,0.364,50.0
29867,hiro,Flex,Pearl,2,45,160.0,70.9,0.022,0.333,0.0
29867,hiro,Flex,Split,8,168,162.0,72.6,0.107,0.545,62.5
29867,hiro,Flex,Summit,2,46,117.3,58.5,0.13,0.429,50.0
29867,hiro,Flex,Sunset,4,89,154.3,68.3,0.124,0.647,25.0
29873,benjyfishy,sentinel,Abyss,3,62,125.7,54.8,0.145,0.6,0.0
29873,benjyfishy,sentinel,Ascent,9,196,124.2,76.1,0.071,0.519,66.7
29873,benjyfishy,sentinel,Bind,5,103,127.8,72.0,0.126,0.542,20.0
29873,benjyfishy,sentinel,Breeze,6,116,121.3,70.7,0.043,0.313,50.0
29873,benjyfishy,sentinel,Corrode,1,24,173.0,79.0,0.167,1.0,100.0
29873,benjyfishy,sentinel,Fracture,5,103,144.7,78.6,0.029,0.5,80.0
29873,benjyfishy,sentinel,Haven,12,254,119.4,69.3,0.079,0.444,58.3
29873,benjyfishy,sentinel,Lotus,14,292,122.9,75.0,0.096,0.549,57.1
29873,benjyfishy,sentinel,Pearl,4,86,124.1,73.2,0.047,0.4,25.0
29873,benjyfishy,sentinel,Split,4,74,125.7,68.8,0.041,0.273,50.0
29873,benjyfishy,sentinel,Summit,3,66,129.1,78.8,0.091,0.667,100.0
29873,benjyfishy,sentinel,Sunset,3,60,117.8,68.2,0.117,0.7,33.3
29893,Timotino,duelist,Abyss,3,52,144.7,73.0,0.25,0.52,66.7
29893,Timotino,duelist,Ascent,3,70,156.5,71.8,0.3,0.656,100.0
29893,Timotino,duelist,Bind,5,110,141.6,70.2,0.136,0.469,80.0
29893,Timotino,duelist,Breeze,10,196,144.9,68.4,0.189,0.493,60.0
29893,Timotino,duelist,Corrode,3,64,145.8,68.6,0.156,0.455,66.7
29893,Timotino,duelist,Fracture,2,46,162.9,63.2,0.217,0.435,50.0
29893,Timotino,duelist,Haven,9,206,140.8,68.5,0.18,0.569,66.7
29893,Timotino,duelist,Lotus,3,58,126.3,72.4,0.138,0.444,33.3
29893,Timotino,duelist,Pearl,7,141,138.0,66.6,0.191,0.509,42.9
29893,Timotino,duelist,Split,10,230,158.4,70.8,0.27,0.633,50.0
29893,Timotino,duelist,Summit,3,55,109.1,65.5,0.145,0.32,66.7
29893,Timotino,duelist,Sunset,4,101,137.9,65.4,0.119,0.353,50.0
30470,Kyu,initiator,Abyss,1,21,76.0,76.0,0.048,1.0,100.0
30470,Kyu,initiator,Ascent,1,18,86.0,56.0,0.0,0.0,0.0
30470,Kyu,initiator,Bind,1,26,77.0,65.0,0.0,0.0,0.0
30470,Kyu,initiator,Breeze,2,50,149.5,68.2,0.08,0.667,0.0
30470,Kyu,initiator,Corrode,2,47,140.1,64.0,0.106,0.556,0.0
30470,Kyu,initiator,Pearl,1,24,147.0,88.0,0.083,0.4,100.0
30470,Kyu,initiator,Split,3,72,100.6,65.6,0.014,0.2,0.0
30470,Kyu,initiator,Sunset,1,20,60.0,70.0,0.05,0.25,0.0
31305,Lar0k,duelist,Abyss,6,136,143.7,67.8,0.14,0.487,66.7
31305,Lar0k,duelist,Ascent,5,104,121.5,72.1,0.144,0.625,60.0
31305,Lar0k,duelist,Breeze,7,147,164.1,70.7,0.177,0.553,57.1
31305,Lar0k,duelist,Corrode,1,19,125.0,63.0,0.158,0.6,100.0
31305,Lar0k,duelist,Fracture,1,18,167.0,61.0,0.056,0.333,0.0
31305,Lar0k,duelist,Haven,11,231,127.1,73.1,0.095,0.458,45.5
31305,Lar0k,duelist,Lotus,5,106,170.3,65.1,0.142,0.556,40.0
31305,Lar0k,duelist,Pearl,4,85,83.9,62.4,0.059,0.278,50.0
31305,Lar0k,duelist,Split,7,162,135.3,70.3,0.154,0.532,28.6
31305,Lar0k,duelist,Summit,2,45,112.9,66.7,0.089,0.5,50.0
31305,Lar0k,duelist,Sunset,4,83,128.4,80.7,0.084,0.636,75.0
31753,SpiritZ1,duelist,Abyss,3,62,128.1,54.6,0.194,0.462,0.0
31753,SpiritZ1,duelist,Ascent,4,75,144.6,73.5,0.173,0.591,75.0
31753,SpiritZ1,duelist,Bind,3,76,145.4,68.6,0.224,0.607,33.3
31753,SpiritZ1,duelist,Breeze,11,222,144.8,66.2,0.144,0.542,45.5
31753,SpiritZ1,duelist,Corrode,4,84,131.9,61.8,0.119,0.37,50.0
31753,SpiritZ1,duelist,Fracture,1,22,110.0,55.0,0.045,0.5,0.0
31753,SpiritZ1,duelist,Haven,13,283,148.5,70.1,0.157,0.539,61.5
31753,SpiritZ1,duelist,Lotus,15,297,150.8,72.8,0.167,0.495,46.7
31753,SpiritZ1,duelist,Pearl,3,53,140.8,68.0,0.113,0.462,33.3
31753,SpiritZ1,duelist,Split,10,218,129.8,67.0,0.156,0.567,40.0
31753,SpiritZ1,duelist,Summit,3,69,126.9,62.7,0.13,0.409,33.3
31753,SpiritZ1,duelist,Sunset,3,69,154.7,78.6,0.213,0.714,66.7
31827,Dambi,duelist,Abyss,7,146,137.7,66.5,0.123,0.45,57.1
31827,Dambi,duelist,Ascent,6,125,156.4,71.2,0.128,0.372,50.0
31827,Dambi,duelist,Bind,4,82,150.4,76.8,0.207,0.63,100.0
31827,Dambi,duelist,Breeze,8,167,122.4,62.9,0.132,0.458,75.0
31827,Dambi,duelist,Corrode,5,115,143.4,70.5,0.191,0.512,80.0
31827,Dambi,duelist,Fracture,3,77,120.1,63.7,0.182,0.467,66.7
31827,Dambi,duelist,Haven,14,283,147.4,76.7,0.152,0.589,57.1
31827,Dambi,duelist,Lotus,3,60,137.3,65.1,0.133,0.571,0.0
31827,Dambi,duelist,Pearl,3,63,152.8,68.3,0.095,0.6,100.0
31827,Dambi,duelist,Split,11,240,136.1,70.0,0.146,0.443,54.5
31827,Dambi,duelist,Summit,2,44,137.0,73.0,0.045,0.222,50.0
31827,Dambi,duelist,Sunset,5,115,145.6,69.8,0.122,0.519,80.0
31828,Francis,duelist,Abyss,7,146,149.3,71.2,0.205,0.577,57.1
31828,Francis,duelist,Ascent,6,125,142.3,72.8,0.104,0.542,50.0
31828,Francis,duelist,Bind,4,82,165.8,78.0,0.171,0.56,100.0
31828,Francis,duelist,Breeze,8,167,153.4,71.7,0.108,0.409,75.0
31828,Francis,duelist,Corrode,5,115,133.1,75.6,0.139,0.516,80.0
31828,Francis,duelist,Fracture,3,77,144.5,76.5,0.117,0.5,66.7
31828,Francis,duelist,Haven,14,283,143.5,73.8,0.148,0.545,57.1
31828,Francis,duelist,Lotus,3,60,119.4,68.5,0.133,0.5,0.0
31828,Francis,duelist,Pearl,3,63,145.1,65.1,0.159,0.526,100.0
31828,Francis,duelist,Split,11,240,133.5,69.2,0.133,0.485,54.5
31828,Francis,duelist,Summit,2,44,102.0,59.0,0.091,0.235,50.0
31828,Francis,duelist,Sunset,5,115,119.1,64.5,0.113,0.464,80.0
31829,Ivy,Flex,Abyss,7,146,114.3,66.4,0.089,0.52,57.1
31829,Ivy,Flex,Ascent,6,125,120.3,71.1,0.08,0.556,50.0
31829,Ivy,Flex,Bind,4,82,128.5,67.0,0.098,0.4,100.0
31829,Ivy,Flex,Breeze,8,167,144.0,74.8,0.144,0.632,75.0
31829,Ivy,Flex,Corrode,5,115,138.5,74.0,0.078,0.563,80.0
31829,Ivy,Flex,Fracture,3,77,133.3,67.4,0.091,0.438,66.7
31829,Ivy,Flex,Haven,14,283,119.0,67.5,0.081,0.451,57.1
31829,Ivy,Flex,Lotus,3,60,141.9,68.2,0.1,0.545,0.0
31829,Ivy,Flex,Pearl,3,63,122.4,68.4,0.127,0.4,100.0
31829,Ivy,Flex,Split,11,240,126.9,69.7,0.092,0.5,54.5
31829,Ivy,Flex,Summit,2,44,137.0,75.0,0.136,0.667,50.0
31829,Ivy,Flex,Sunset,5,115,140.0,69.7,0.139,0.64,80.0
33570,chubizin,Flex,Ascent,1,18,105.0,61.0,0.0,0.0,0.0
33570,chubizin,Flex,Breeze,3,60,108.3,74.8,0.067,0.667,66.7
33570,chubizin,Flex,Lotus,1,21,101.0,86.0,0.143,0.6,100.0
33570,chubizin,Flex,Summit,1,19,111.0,63.0,0.053,0.25,0.0
33570,chubizin,Flex,Sunset,1,14,54.0,43.0,0.0,0.0,0.0
33576,margaret,sentinel,Ascent,1,22,142.0,55.0,0.136,0.5,0.0
33576,margaret,sentinel,Breeze,1,20,134.0,85.0,0.1,1.0,0.0
33576,margaret,sentinel,Haven,1,21,172.0,81.0,0.19,0.571,100.0
33576,margaret,sentinel,Lotus,1,26,149.0,69.0,0.115,0.75,100.0
33576,margaret,sentinel,Split,1,20,117.0,65.0,0.1,0.333,0.0
33576,margaret,sentinel,Summit,1,17,118.0,59.0,0.0,,0.0
33902,Sayonara,Flex,Abyss,2,48,149.0,73.0,0.042,1.0,50.0
33902,Sayonara,Flex,Ascent,5,106,142.7,73.4,0.085,0.529,40.0
33902,Sayonara,Flex,Bind,1,24,167.0,71.0,0.083,0.333,0.0
33902,Sayonara,Flex,Breeze,8,151,131.4,69.0,0.04,0.545,62.5
33902,Sayonara,Flex,Fracture,2,42,104.2,61.8,0.143,0.462,50.0
33902,Sayonara,Flex,Haven,10,238,144.2,76.1,0.084,0.571,40.0
33902,Sayonara,Flex,Lotus,10,202,143.8,73.9,0.139,0.636,60.0
33902,Sayonara,Flex,Pearl,5,108,155.6,79.7,0.083,0.6,100.0
33902,Sayonara,Flex,Split,11,228,149.6,74.1,0.083,0.475,54.5
33902,Sayonara,Flex,Summit,1,19,82.0,79.0,0.0,0.0,100.0
33902,Sayonara,Flex,Sunset,2,42,106.2,61.7,0.048,0.4,50.0
34057,Jerrwin,duelist,Ascent,3,64,128.9,57.8,0.141,0.391,0.0
34057,Jerrwin,duelist,Bind,1,24,131.0,54.0,0.125,0.429,100.0
34057,Jerrwin,duelist,Breeze,6,126,136.7,68.2,0.254,0.64,66.7
34057,Jerrwin,duelist,Fracture,1,24,99.0,75.0,0.083,0.4,0.0
34057,Jerrwin,duelist,Haven,6,129,111.4,65.0,0.186,0.471,50.0
34057,Jerrwin,duelist,Lotus,4,95,133.2,68.4,0.179,0.447,50.0
34057,Jerrwin,duelist,Split,4,97,137.4,64.0,0.155,0.417,50.0
34057,Jerrwin,duelist,Summit,3,52,116.4,70.9,0.212,0.786,66.7
34057,Jerrwin,duelist,Sunset,2,47,131.2,66.1,0.277,0.65,50.0
34181,GREEN,Flex,Abyss,1,18,185.0,83.0,0.222,1.0,100.0
34181,GREEN,Flex,Bind,1,24,135.0,71.0,0.125,0.6,0.0
34181,GREEN,Flex,Breeze,2,34,109.6,67.6,0.059,0.5,0.0
34181,GREEN,Flex,Corrode,1,17,105.0,53.0,0.059,0.25,0.0
34181,GREEN,Flex,Fracture,2,36,77.4,69.8,0.083,0.429,50.0
34181,GREEN,Flex,Haven,3,57,105.9,63.3,0.07,0.444,0.0
34181,GREEN,Flex,Lotus,2,49,104.1,69.7,0.041,0.286,50.0
34181,GREEN,Flex,Pearl,2,54,130.0,54.0,0.042,1.0,0.0
34181,GREEN,Flex,Split,3,66,133.0,65.0,0.109,0.5,0.0
34400,bao,sentinel,Abyss,3,69,142.8,70.8,0.13,0.5,66.7
34400,bao,sentinel,Ascent,2,32,144.5,81.0,0.0,0.0,50.0
34400,bao,sentinel,Bind,4,93,133.9,71.0,0.065,0.333,0.0
34400,bao,sentinel,Breeze,6,114,118.0,71.0,0.07,0.533,33.3
34400,bao,sentinel,Corrode,2,41,55.9,68.1,0.0,0.0,50.0
34400,bao,sentinel,Fracture,1,21,112.0,76.0,0.0,0.0,0.0
34400,bao,sentinel,Haven,10,221,113.8,67.4,0.095,0.538,40.0
34400,bao,sentinel,Lotus,5,117,121.9,63.2,0.051,0.375,20.0
34400,bao,sentinel,Pearl,4,94,170.3,73.5,0.096,0.6,25.0
34400,bao,sentinel,Split,1,18,54.0,61.0,0.0,0.0,0.0
34400,bao,sentinel,Summit,2,40,117.6,70.0,0.125,0.714,100.0
34400,bao,sentinel,Sunset,5,107,104.7,71.2,0.075,0.444,60.0
34684,westside,Flex,Abyss,3,57,132.1,59.8,0.14,0.5,66.7
34684,westside,Flex,Ascent,5,110,119.7,67.4,0.091,0.5,20.0
34684,westside,Flex,Bind,4,99,145.6,72.5,0.162,0.615,0.0
34684,westside,Flex,Breeze,5,105,115.5,64.9,0.076,0.444,0.0
34684,westside,Flex,Haven,7,142,132.7,70.4,0.106,0.484,57.1
34684,westside,Flex,Lotus,2,38,119.9,60.4,0.184,0.467,50.0
34684,westside,Flex,Pearl,4,84,136.9,75.1,0.143,0.6,25.0
34684,westside,Flex,Split,8,168,127.1,73.3,0.119,0.5,50.0
34684,westside,Flex,Summit,1,22,93.0,64.0,0.091,1.0,100.0
34684,westside,Flex,Sunset,3,64,144.8,62.5,0.125,0.381,0.0
34776,Absol,duelist,Abyss,2,46,91.8,71.8,0.152,0.5,50.0
34776,Absol,duelist,Ascent,2,37,101.2,56.8,0.108,0.5,0.0
34776,Absol,duelist,Bind,4,83,152.0,70.2,0.133,0.458,50.0
34776,Absol,duelist,Breeze,4,90,137.4,68.1,0.144,0.464,50.0
34776,Absol,duelist,Corrode,1,17,119.0,71.0,0.118,1.0,0.0
34776,Absol,duelist,Fracture,3,60,148.9,63.3,0.117,0.438,33.3
34776,Absol,duelist,Haven,9,189,124.5,63.4,0.106,0.357,33.3
34776,Absol,duelist,Lotus,3,64,151.9,68.8,0.219,0.609,0.0
34776,Absol,duelist,Pearl,1,18,119.0,67.0,0.056,0.2,0.0
34776,Absol,duelist,Split,9,184,130.4,63.0,0.136,0.417,22.2
34776,Absol,duelist,Sunset,5,122,170.8,74.7,0.205,0.581,80.0
34926,oonzmlp,Flex,Abyss,1,20,82.0,60.0,0.0,0.0,0.0
34926,oonzmlp,Flex,Ascent,1,16,136.0,94.0,0.125,1.0,100.0
34926,oonzmlp,Flex,Bind,3,65,164.3,78.5,0.077,0.5,33.3
34926,oonzmlp,Flex,Breeze,2,45,103.5,56.0,0.044,0.222,0.0
34926,oonzmlp,Flex,Corrode,1,23,111.0,74.0,0.087,0.5,100.0
34926,oonzmlp,Flex,Fracture,2,44,138.0,75.0,0.114,0.625,0.0
34926,oonzmlp,Flex,Haven,9,205,129.6,71.2,0.098,0.476,33.3
34926,oonzmlp,Flex,Lotus,5,115,145.4,70.5,0.122,0.583,20.0
34926,oonzmlp,Flex,Pearl,2,55,97.2,65.7,0.109,0.375,50.0
34926,oonzmlp,Flex,Split,8,191,118.2,66.0,0.058,0.407,37.5
34926,oonzmlp,Flex,Summit,3,61,147.3,72.2,0.098,0.857,33.3
34926,oonzmlp,Flex,Sunset,3,68,125.8,82.6,0.103,0.7,100.0
34974,Karon,controller,Abyss,2,45,147.6,71.1,0.133,0.667,0.0
34974,Karon,controller,Ascent,3,61,121.0,82.1,0.033,1.0,33.3
34974,Karon,controller,Bind,2,42,143.5,62.0,0.071,0.5,0.0
34974,Karon,controller,Breeze,6,128,127.4,72.5,0.063,0.5,50.0
34974,Karon,controller,Fracture,1,16,132.0,69.0,0.188,1.0,0.0
34974,Karon,controller,Haven,7,153,139.2,73.2,0.078,0.5,57.1
34974,Karon,controller,Lotus,5,115,127.3,74.9,0.078,0.6,60.0
34974,Karon,controller,Pearl,4,105,164.4,79.9,0.048,0.417,0.0
34974,Karon,controller,Split,5,113,95.9,70.0,0.053,0.5,40.0
34974,Karon,controller,Summit,3,70,115.6,78.4,0.057,0.444,100.0
34974,Karon,controller,Sunset,5,121,142.8,73.6,0.099,0.522,60.0
35302,Eggsterr,duelist,Abyss,3,64,89.3,59.5,0.078,0.238,0.0
35302,Eggsterr,duelist,Bind,3,55,141.1,78.3,0.127,0.636,66.7
35302,Eggsterr,duelist,Breeze,3,64,81.5,63.7,0.078,0.417,66.7
35302,Eggsterr,duelist,Corrode,3,65,124.0,74.0,0.185,0.667,33.3
35302,Eggsterr,duelist,Fracture,1,17,112.0,65.0,0.118,0.333,0.0
35302,Eggsterr,duelist,Haven,3,53,116.5,58.5,0.132,0.583,66.7
35302,Eggsterr,duelist,Lotus,2,41,109.9,73.0,0.146,0.667,50.0
35302,Eggsterr,duelist,Pearl,5,128,117.8,71.1,0.109,0.412,40.0
35302,Eggsterr,duelist,Split,2,48,116.0,65.0,0.083,0.571,0.0
36169,mta,duelist,Abyss,2,40,126.6,80.2,0.125,0.714,50.0
36169,mta,duelist,Bind,1,17,45.0,47.0,0.0,0.0,0.0
36169,mta,duelist,Breeze,2,43,111.9,65.5,0.07,0.5,0.0
36169,mta,duelist,Pearl,2,41,127.2,68.3,0.122,0.5,50.0
36169,mta,duelist,Split,1,23,129.0,78.0,0.217,0.714,0.0
36245,N4RRATE,Flex,Abyss,2,43,172.1,84.0,0.279,0.8,50.0
36245,N4RRATE,Flex,Ascent,3,55,157.9,78.2,0.127,0.583,100.0
36245,N4RRATE,Flex,Bind,2,47,123.2,74.3,0.213,0.625,0.0
36245,N4RRATE,Flex,Breeze,2,46,139.7,58.8,0.109,0.357,0.0
36245,N4RRATE,Flex,Corrode,2,47,124.4,68.5,0.128,0.667,0.0
36245,N4RRATE,Flex,Fracture,2,42,122.8,78.4,0.071,0.6,0.0
36245,N4RRATE,Flex,Haven,8,175,156.4,74.9,0.086,0.405,87.5
36245,N4RRATE,Flex,Lotus,9,185,144.6,77.3,0.189,0.714,55.6
36245,N4RRATE,Flex,Pearl,3,66,94.2,71.5,0.061,0.4,33.3
36245,N4RRATE,Flex,Split,3,80,105.1,68.9,0.075,0.333,0.0
36245,N4RRATE,Flex,Summit,3,77,145.1,76.9,0.169,0.765,33.3
36245,N4RRATE,Flex,Sunset,3,56,142.0,73.1,0.143,0.667,100.0
36415,Viva,initiator,Abyss,4,95,134.2,68.8,0.067,0.714,25.0
36415,Viva,initiator,Ascent,1,20,112.0,50.0,0.15,0.75,0.0
36415,Viva,initiator,Bind,5,107,93.1,76.5,0.034,0.273,40.0
36415,Viva,initiator,Breeze,4,90,122.5,65.9,0.067,0.462,50.0
36415,Viva,initiator,Corrode,1,17,144.0,71.0,0.176,0.6,100.0
36415,Viva,initiator,Fracture,1,21,118.0,76.0,0.143,0.5,0.0
36415,Viva,initiator,Haven,3,70,120.7,67.2,0.043,0.4,0.0
36415,Viva,initiator,Lotus,7,141,122.6,75.6,0.066,0.381,42.9
36415,Viva,initiator,Pearl,1,16,129.0,63.0,0.0,0.0,0.0
36415,Viva,initiator,Split,5,107,91.2,78.3,0.045,0.5,80.0
36670,OBONE,controller,Abyss,1,18,93.0,61.0,0.056,0.5,100.0
36670,OBONE,controller,Corrode,1,17,109.0,71.0,0.059,0.5,0.0
36670,OBONE,controller,Haven,1,16,105.0,56.0,0.0,0.0,0.0
36670,OBONE,controller,Pearl,2,54,177.0,75.0,0.167,0.667,0.0
36670,OBONE,controller,Split,2,43,134.0,65.0,0.0,0.0,0.0
36685,splash,duelist,Abyss,2,44,176.4,74.7,0.205,0.563,50.0
36685,splash,duelist,Ascent,3,62,151.8,81.1,0.214,0.692,33.3
36685,splash,duelist,Bind,6,130,174.9,78.5,0.254,0.635,66.7
36685,splash,duelist,Breeze,9,182,163.6,69.3,0.198,0.522,66.7
36685,splash,duelist,Corrode,4,83,155.1,68.7,0.169,0.56,50.0
36685,splash,duelist,Fracture,4,79,152.4,70.9,0.19,0.652,75.0
36685,splash,duelist,Haven,9,182,127.7,62.4,0.139,0.39,55.6
36685,splash,duelist,Lotus,4,85,215.9,72.3,0.18,0.55,50.0
36685,splash,duelist,Pearl,6,119,159.1,72.2,0.175,0.474,16.7
36685,splash,duelist,Split,13,313,154.7,74.3,0.133,0.5,69.2
36685,splash,duelist,Summit,5,104,171.7,72.9,0.183,0.576,80.0
36685,splash,duelist,Sunset,6,125,151.4,75.8,0.112,0.452,100.0
37105,Loss,duelist,Ascent,1,18,114.0,44.0,0.056,0.5,0.0
37105,Loss,duelist,Breeze,3,60,151.9,78.2,0.233,0.56,66.7
37105,Loss,duelist,Lotus,1,21,152.0,76.0,0.143,1.0,100.0
37105,Loss,duelist,Summit,1,19,67.0,47.0,0.053,1.0,0.0
37105,Loss,duelist,Sunset,1,14,75.0,36.0,0.0,0.0,0.0
37354,basic,Flex,Abyss,1,18,127.0,61.0,0.167,0.75,0.0
37354,basic,Flex,Ascent,2,43,173.0,69.7,0.093,0.571,0.0
37354,basic,Flex,Breeze,5,106,124.1,76.3,0.066,0.35,40.0
37354,basic,Flex,Haven,7,161,152.3,83.3,0.112,0.643,57.1
37354,basic,Flex,Split,3,67,121.6,72.9,0.06,0.333,33.3
37354,basic,Flex,Summit,3,66,140.7,75.8,0.076,0.625,0.0
37354,basic,Flex,Sunset,5,102,149.0,76.6,0.069,0.412,40.0
37489,Lysoar,controller,Abyss,5,112,132.6,82.8,0.08,0.692,40.0
37489,Lysoar,controller,Ascent,3,61,110.5,75.5,0.054,0.667,66.7
37489,Lysoar,controller,Bind,7,149,126.3,73.9,0.067,0.769,100.0
37489,Lysoar,controller,Breeze,12,251,124.7,71.5,0.052,0.5,50.0
37489,Lysoar,controller,Fracture,3,64,144.2,76.7,0.063,0.667,66.7
37489,Lysoar,controller,Haven,13,265,123.5,71.5,0.021,0.263,38.5
37489,Lysoar,controller,Lotus,20,389,134.5,74.8,0.078,0.558,50.0
37489,Lysoar,controller,Pearl,6,115,125.5,74.7,0.009,0.167,50.0
37489,Lysoar,controller,Split,15,306,127.4,80.8,0.029,0.5,66.7
37489,Lysoar,controller,Summit,4,99,110.0,72.0,0.019,0.25,75.0
37489,Lysoar,controller,Sunset,1,23,42.0,74.0,0.043,0.333,100.0
37494,Kai,duelist,Abyss,4,95,123.9,67.4,0.107,0.471,25.0
37494,Kai,duelist,Ascent,7,142,150.2,70.5,0.204,0.541,28.6
37494,Kai,duelist,Bind,5,107,142.2,76.7,0.135,0.444,40.0
37494,Kai,duelist,Breeze,8,172,137.4,68.0,0.148,0.514,37.5
37494,Kai,duelist,Corrode,1,17,141.0,76.0,0.059,1.0,100.0
37494,Kai,duelist,Fracture,1,21,155.0,67.0,0.286,0.6,0.0
37494,Kai,duelist,Haven,3,70,148.6,69.8,0.152,0.412,0.0
37494,Kai,duelist,Lotus,12,252,148.5,72.0,0.163,0.551,50.0
37494,Kai,duelist,Pearl,1,16,79.0,56.0,0.063,0.333,0.0
37494,Kai,duelist,Split,9,201,142.5,70.3,0.181,0.6,66.7
37494,Kai,duelist,Summit,3,63,106.4,57.0,0.143,0.6,33.3
37494,Kai,duelist,Sunset,9,203,130.1,66.3,0.175,0.5,55.6
37532,Zexy,duelist,Abyss,1,20,224.0,75.0,0.3,0.857,0.0
37532,Zexy,duelist,Ascent,1,16,145.0,88.0,0.5,0.889,100.0
37532,Zexy,duelist,Bind,3,65,136.3,66.6,0.169,0.524,33.3
37532,Zexy,duelist,Breeze,2,45,149.2,62.7,0.133,0.545,0.0
37532,Zexy,duelist,Corrode,1,23,144.0,70.0,0.304,0.636,100.0
37532,Zexy,duelist,Fracture,2,44,140.5,59.0,0.136,0.5,0.0
37532,Zexy,duelist,Haven,9,205,102.3,61.5,0.156,0.561,33.3
37532,Zexy,duelist,Lotus,5,115,154.2,68.0,0.174,0.513,20.0
37532,Zexy,duelist,Pearl,2,55,122.1,59.9,0.145,0.364,50.0
37532,Zexy,duelist,Split,8,191,128.5,67.7,0.136,0.413,37.5
37532,Zexy,duelist,Summit,3,61,101.1,62.3,0.18,0.44,33.3
37532,Zexy,duelist,Sunset,3,68,121.5,73.6,0.074,0.263,100.0
37925,Kolosha,duelist,Bind,2,44,101.0,59.5,0.114,0.556,50.0
37925,Kolosha,duelist,Fracture,1,22,140.0,59.0,0.182,0.333,100.0
37925,Kolosha,duelist,Haven,1,24,138.0,67.0,0.042,1.0,100.0
37925,Kolosha,duelist,Lotus,1,22,116.0,68.0,0.091,0.222,100.0
37925,Kolosha,duelist,Pearl,1,22,97.0,73.0,0.091,0.222,0.0
37925,Kolosha,duelist,Split,1,19,91.0,53.0,0.105,0.667,0.0
37925,Kolosha,duelist,Summit,1,20,119.0,65.0,0.2,0.571,0.0
37925,Kolosha,duelist,Sunset,1,28,111.0,61.0,0.143,0.333,0.0
37927,happywei,controller,Abyss,5,112,147.7,78.4,0.054,0.429,40.0
37927,happywei,controller,Ascent,3,61,153.8,78.2,0.027,0.333,66.7
37927,happywei,controller,Bind,7,149,154.6,78.7,0.087,0.5,100.0
37927,happywei,controller,Breeze,12,251,146.4,66.9,0.08,0.455,50.0
37927,happywei,controller,Fracture,3,64,135.8,65.7,0.141,0.6,66.7
37927,happywei,controller,Haven,13,265,147.5,73.1,0.12,0.617,38.5
37927,happywei,controller,Lotus,20,389,146.5,72.7,0.128,0.658,50.0
37927,happywei,controller,Pearl,6,115,157.8,74.6,0.148,0.654,50.0
37927,happywei,controller,Split,15,306,157.4,72.5,0.137,0.636,66.7
37927,happywei,controller,Summit,4,99,99.0,85.1,0.093,0.625,75.0
37927,happywei,controller,Sunset,1,23,168.0,74.0,0.043,1.0,100.0
38857,benG,controller,Abyss,2,40,93.1,67.6,0.175,0.7,50.0
38857,benG,controller,Bind,1,17,69.0,53.0,0.059,0.5,0.0
38857,benG,controller,Breeze,2,43,105.0,62.7,0.047,0.4,0.0
38857,benG,controller,Pearl,2,41,121.6,76.0,0.049,1.0,50.0
38857,benG,controller,Split,1,23,112.0,61.0,0.0,0.0,0.0
39021,Notexxd,controller,Lotus,1,19,111.0,74.0,0.105,0.5,0.0
39021,Notexxd,controller,Split,1,22,133.0,86.0,0.0,,0.0
39357,s0pp,duelist,Ascent,10,188,162.0,72.7,0.25,0.588,60.0
39357,s0pp,duelist,Bind,3,64,136.9,70.3,0.125,0.471,100.0
39357,s0pp,duelist,Breeze,2,36,150.2,66.8,0.25,0.692,50.0
39357,s0pp,duelist,Fracture,5,103,139.8,68.3,0.165,0.515,40.0
39357,s0pp,duelist,Haven,13,293,154.3,73.9,0.225,0.653,84.6
39357,s0pp,duelist,Lotus,12,271,123.9,67.9,0.173,0.528,25.0
39357,s0pp,duelist,Pearl,5,123,162.4,77.1,0.236,0.644,0.0
39357,s0pp,duelist,Split,10,202,132.7,68.8,0.188,0.514,50.0
39357,s0pp,duelist,Summit,2,45,162.3,66.8,0.267,0.545,50.0
39357,s0pp,duelist,Sunset,3,69,155.9,78.2,0.087,0.4,100.0
39485,Scales,Flex,Abyss,2,44,118.0,58.3,0.023,0.2,50.0
39485,Scales,Flex,Ascent,3,62,96.1,62.1,0.024,0.25,33.3
39485,Scales,Flex,Bind,6,130,146.4,77.0,0.123,0.727,66.7
39485,Scales,Flex,Breeze,9,182,139.3,73.6,0.121,0.537,66.7
39485,Scales,Flex,Corrode,4,83,134.2,71.2,0.084,0.438,50.0
39485,Scales,Flex,Fracture,4,79,129.9,73.5,0.152,0.571,75.0
39485,Scales,Flex,Haven,9,182,128.0,72.2,0.127,0.656,55.6
39485,Scales,Flex,Lotus,4,85,96.1,69.0,0.131,0.571,50.0
39485,Scales,Flex,Pearl,6,119,112.1,64.9,0.097,0.526,16.7
39485,Scales,Flex,Split,13,313,144.7,72.6,0.091,0.571,69.2
39485,Scales,Flex,Summit,5,104,117.7,68.5,0.096,0.667,80.0
39485,Scales,Flex,Sunset,6,125,141.3,76.7,0.096,0.75,100.0
39697,cb,duelist,Abyss,4,80,130.0,69.1,0.049,0.273,75.0
39697,cb,duelist,Ascent,3,60,143.0,75.0,0.05,0.182,66.7
39697,cb,duelist,Bind,3,56,121.6,58.8,0.071,0.286,33.3
39697,cb,duelist,Breeze,5,105,83.6,63.5,0.109,0.429,80.0
39697,cb,duelist,Corrode,3,57,145.7,76.8,0.231,0.643,100.0
39697,cb,duelist,Haven,6,133,115.5,67.5,0.123,0.519,50.0
39697,cb,duelist,Lotus,4,83,138.0,78.3,0.084,0.7,75.0
39697,cb,duelist,Pearl,4,76,139.7,63.3,0.066,0.333,25.0
39697,cb,duelist,Split,7,143,130.7,68.4,0.119,0.459,42.9
39697,cb,duelist,Summit,4,93,116.1,68.0,0.108,0.476,50.0
39697,cb,duelist,Sunset,4,89,156.0,75.2,0.13,0.643,75.0
40511,NIZ,initiator,Ascent,3,71,132.4,76.2,0.028,0.5,100.0
40511,NIZ,initiator,Breeze,3,68,141.3,80.7,0.074,0.5,66.7
40511,NIZ,initiator,Haven,3,56,100.9,64.2,0.018,0.5,33.3
40511,NIZ,initiator,Sunset,3,58,137.6,75.8,0.052,0.6,0.0
40591,ComeBack,duelist,Abyss,3,62,129.4,67.8,0.145,0.6,0.0
40591,ComeBack,duelist,Bind,5,104,119.9,65.3,0.163,0.515,20.0
40591,ComeBack,duelist,Breeze,2,39,159.0,71.5,0.205,0.571,100.0
40591,ComeBack,duelist,Corrode,1,24,105.0,63.0,0.167,0.571,100.0
40591,ComeBack,duelist,Haven,5,103,160.1,72.8,0.194,0.588,80.0
40591,ComeBack,duelist,Lotus,4,85,142.1,64.9,0.224,0.679,25.0
40591,ComeBack,duelist,Pearl,2,45,109.7,66.5,0.111,0.556,50.0
40591,ComeBack,duelist,Split,2,41,112.5,56.4,0.171,0.412,50.0
40843,audaz,controller,Abyss,1,21,162.0,90.0,0.143,0.75,100.0
40843,audaz,controller,Ascent,6,120,104.9,68.4,0.05,0.545,33.3
40843,audaz,controller,Bind,3,77,134.0,78.3,0.039,0.5,66.7
40843,audaz,controller,Breeze,4,83,92.9,59.4,0.048,0.571,25.0
40843,audaz,controller,Corrode,1,14,90.0,86.0,0.0,,0.0
40843,audaz,controller,Fracture,3,67,129.9,74.5,0.06,0.5,33.3
40843,audaz,controller,Haven,2,33,117.1,60.8,0.03,0.2,0.0
40843,audaz,controller,Lotus,12,263,115.0,74.9,0.061,0.471,50.0
40843,audaz,controller,Pearl,4,84,117.9,78.4,0.036,0.5,75.0
40843,audaz,controller,Split,11,232,103.5,73.7,0.091,0.636,63.6
40843,audaz,controller,Summit,1,30,101.0,70.0,0.033,0.333,100.0
40843,audaz,controller,Sunset,1,19,69.0,68.0,0.0,,0.0
40935,lovers rock,duelist,Abyss,6,136,140.6,75.8,0.206,0.636,66.7
40935,lovers rock,duelist,Ascent,5,104,165.8,75.1,0.279,0.744,60.0
40935,lovers rock,duelist,Breeze,7,147,121.1,64.6,0.136,0.513,57.1
40935,lovers rock,duelist,Corrode,1,19,201.0,89.0,0.105,0.5,100.0
40935,lovers rock,duelist,Fracture,1,18,92.0,50.0,0.167,0.429,0.0
40935,lovers rock,duelist,Haven,11,231,139.5,70.1,0.195,0.563,45.5
40935,lovers rock,duelist,Lotus,5,106,125.3,71.6,0.132,0.56,40.0
40935,lovers rock,duelist,Pearl,4,85,167.6,70.4,0.153,0.65,50.0
40935,lovers rock,duelist,Split,7,162,123.5,64.8,0.099,0.485,28.6
40935,lovers rock,duelist,Summit,2,45,175.0,77.7,0.178,0.571,50.0
40935,lovers rock,duelist,Sunset,4,83,146.3,79.4,0.253,0.778,75.0
41054,GuanG,Flex,Abyss,1,18,125.0,72.0,0.111,0.333,100.0
41054,GuanG,Flex,Ascent,3,60,138.0,67.5,0.05,1.0,66.7
41054,GuanG,Flex,Bind,1,24,141.0,75.0,0.167,1.0,0.0
41054,GuanG,Flex,Breeze,6,121,132.7,62.0,0.141,0.526,66.7
41054,GuanG,Flex,Corrode,1,17,97.0,53.0,0.118,0.333,0.0
41054,GuanG,Flex,Fracture,2,36,118.4,63.9,0.083,0.6,50.0
41054,GuanG,Flex,Haven,3,57,118.4,52.6,0.088,0.556,0.0
41054,GuanG,Flex,Lotus,6,132,114.8,75.6,0.068,0.429,66.7
41054,GuanG,Flex,Pearl,2,54,130.0,67.0,0.125,0.333,0.0
41054,GuanG,Flex,Split,7,148,135.6,70.3,0.055,0.412,28.6
41054,GuanG,Flex,Summit,4,93,136.1,68.9,0.075,0.5,50.0
41054,GuanG,Flex,Sunset,4,89,150.7,72.4,0.159,0.917,75.0
41135,Dantedeu5,duelist,Ascent,3,67,130.9,76.1,0.09,0.333,66.7
41135,Dantedeu5,duelist,Bind,2,36,123.3,75.2,0.056,0.333,50.0
41135,Dantedeu5,duelist,Breeze,9,191,124.4,65.4,0.12,0.365,22.2
41135,Dantedeu5,duelist,Haven,5,108,111.8,72.3,0.148,0.432,60.0
41135,Dantedeu5,duelist,Lotus,9,197,119.8,70.6,0.157,0.5,77.8
41135,Dantedeu5,duelist,Split,4,71,99.7,57.7,0.183,0.433,25.0
41135,Dantedeu5,duelist,Summit,3,54,112.5,66.6,0.111,0.462,33.3
41135,Dantedeu5,duelist,Sunset,5,90,107.2,66.8,0.144,0.464,40.0
41224,tkzin,duelist,Abyss,3,63,134.0,73.0,0.127,0.4,100.0
41224,tkzin,duelist,Ascent,2,46,134.3,61.0,0.152,0.538,0.0
41224,tkzin,duelist,Breeze,2,52,143.6,65.6,0.154,0.4,50.0
41224,tkzin,duelist,Haven,5,105,143.8,64.8,0.143,0.469,20.0
41224,tkzin,duelist,Lotus,6,112,136.2,70.8,0.152,0.607,50.0
41224,tkzin,duelist,Split,1,20,97.0,75.0,0.1,0.4,100.0
41224,tkzin,duelist,Summit,6,119,133.5,72.0,0.126,0.349,66.7
41224,tkzin,duelist,Sunset,6,134,152.1,71.6,0.157,0.429,83.3
41694,endoist,duelist,Haven,1,24,118.0,67.0,0.0,0.0,0.0
41694,endoist,duelist,Split,1,22,234.0,95.0,0.182,0.667,100.0
41694,endoist,duelist,Summit,1,21,113.0,57.0,0.143,0.375,0.0
41694,endoist,duelist,Sunset,2,46,185.8,73.9,0.239,0.733,0.0
41702,canady,initiator,Haven,1,24,149.0,71.0,0.125,0.75,0.0
41702,canady,initiator,Split,1,22,67.0,77.0,0.091,0.667,100.0
41702,canady,initiator,Summit,1,21,126.0,62.0,0.095,0.667,0.0
41702,canady,initiator,Sunset,2,46,122.3,78.4,0.196,0.9,0.0
41718,Spear,duelist,Ascent,3,62,125.0,61.2,0.194,0.48,33.3
41718,Spear,duelist,Haven,1,13,53.0,31.0,0.0,0.0,0.0
41718,Spear,duelist,Lotus,4,98,152.3,70.7,0.133,0.542,0.0
41718,Spear,duelist,Split,4,81,135.6,69.2,0.099,0.444,50.0
41718,Spear,duelist,Summit,1,30,134.0,63.0,0.1,1.0,100.0
41720,Favian,duelist,Abyss,1,21,155.0,86.0,0.238,0.833,100.0
41720,Favian,duelist,Ascent,6,120,137.1,68.4,0.058,0.292,33.3
41720,Favian,duelist,Bind,3,77,144.9,70.0,0.13,0.526,66.7
41720,Favian,duelist,Breeze,4,83,130.6,67.6,0.108,0.563,25.0
41720,Favian,duelist,Corrode,1,14,97.0,64.0,0.071,1.0,0.0
41720,Favian,duelist,Fracture,3,67,118.9,61.2,0.06,0.5,33.3
41720,Favian,duelist,Haven,2,33,149.7,63.5,0.061,0.333,0.0
41720,Favian,duelist,Lotus,12,263,150.4,69.3,0.106,0.438,50.0
41720,Favian,duelist,Pearl,4,84,155.7,74.8,0.119,0.476,75.0
41720,Favian,duelist,Split,11,232,142.5,65.5,0.142,0.541,63.6
41720,Favian,duelist,Summit,1,30,160.0,70.0,0.3,0.643,100.0
41720,Favian,duelist,Sunset,1,19,149.0,68.0,0.211,0.571,0.0
41739,slowly,Flex,Abyss,2,44,129.2,67.6,0.136,0.462,50.0
41739,slowly,Flex,Ascent,3,62,199.1,76.1,0.286,0.667,33.3
41739,slowly,Flex,Bind,6,130,160.1,76.7,0.1,0.619,66.7
41739,slowly,Flex,Breeze,9,182,145.3,71.4,0.11,0.606,66.7
41739,slowly,Flex,Corrode,4,83,151.9,72.2,0.169,0.56,50.0
41739,slowly,Flex,Fracture,4,79,157.9,78.3,0.051,0.444,75.0
41739,slowly,Flex,Haven,9,182,135.5,68.5,0.073,0.444,55.6
41739,slowly,Flex,Lotus,4,85,142.2,82.4,0.082,0.5,50.0
41739,slowly,Flex,Pearl,6,119,130.1,70.2,0.058,0.4,16.7
41739,slowly,Flex,Split,13,313,138.7,74.3,0.163,0.5,69.2
41739,slowly,Flex,Summit,5,104,153.8,73.0,0.26,0.643,80.0
41739,slowly,Flex,Sunset,6,125,184.9,75.1,0.304,0.731,100.0
41798,nightz,duelist,Ascent,6,125,158.1,76.0,0.136,0.739,66.7
41798,nightz,duelist,Breeze,2,41,119.2,68.2,0.049,0.25,0.0
41798,nightz,duelist,Haven,4,92,128.0,63.3,0.054,0.313,0.0
41798,nightz,duelist,Lotus,1,19,81.0,68.0,0.0,0.0,0.0
41798,nightz,duelist,Split,3,59,112.0,64.6,0.085,0.556,33.3
41798,nightz,duelist,Summit,2,37,172.9,78.4,0.108,0.571,50.0
41798,nightz,duelist,Sunset,3,56,160.3,71.5,0.214,0.706,66.7
42235,Dynamite,duelist,Abyss,1,23,,,,,0.0
42235,Dynamite,duelist,Ascent,5,97,143.3,65.9,0.103,0.333,60.0
42235,Dynamite,duelist,Bind,3,59,131.3,67.9,0.085,0.333,66.7
42235,Dynamite,duelist,Breeze,9,220,132.3,70.2,0.109,0.375,33.3
42235,Dynamite,duelist,Corrode,2,42,123.0,70.0,0.304,0.778,50.0
42235,Dynamite,duelist,Fracture,6,125,138.9,69.8,0.12,0.469,50.0
42235,Dynamite,duelist,Haven,9,191,126.6,70.1,0.118,0.439,44.4
42235,Dynamite,duelist,Lotus,2,40,119.0,65.0,0.075,0.25,0.0
42235,Dynamite,duelist,Pearl,1,21,230.0,86.0,0.238,0.714,100.0
42235,Dynamite,duelist,Split,9,209,139.5,72.6,0.146,0.48,33.3
42235,Dynamite,duelist,Summit,7,165,141.5,71.9,0.234,0.644,57.1
42235,Dynamite,duelist,Sunset,8,166,128.7,65.5,0.09,0.417,0.0
42513,Dingwei,initiator,Ascent,1,21,50.0,48.0,0.0,0.0,0.0
42513,Dingwei,initiator,Haven,1,24,99.0,67.0,0.083,0.5,100.0
42513,Dingwei,initiator,Lotus,1,19,103.0,63.0,0.0,0.0,0.0
42513,Dingwei,initiator,Summit,1,30,151.0,77.0,0.0,0.0,0.0
42513,Dingwei,initiator,Sunset,1,24,91.0,67.0,0.083,1.0,0.0
42733,XuNa,initiator,Abyss,1,20,114.0,60.0,0.1,1.0,0.0
42733,XuNa,initiator,Ascent,1,16,149.0,94.0,0.063,1.0,100.0
42733,XuNa,initiator,Bind,3,65,100.4,68.0,0.077,0.625,33.3
42733,XuNa,initiator,Breeze,2,45,148.2,75.9,0.044,0.5,0.0
42733,XuNa,initiator,Corrode,1,23,146.0,74.0,0.0,0.0,100.0
42733,XuNa,initiator,Fracture,2,44,135.5,66.0,0.045,0.4,0.0
42733,XuNa,initiator,Haven,9,205,138.1,69.8,0.049,0.526,33.3
42733,XuNa,initiator,Lotus,5,115,139.5,75.7,0.087,0.667,20.0
42733,XuNa,initiator,Pearl,2,55,166.0,71.0,0.055,0.75,50.0
42733,XuNa,initiator,Split,8,191,139.6,72.3,0.089,0.708,37.5
42733,XuNa,initiator,Summit,3,61,133.3,72.0,0.049,0.3,33.3
42733,XuNa,initiator,Sunset,3,68,141.6,87.0,0.044,0.6,100.0
42772,Xross,initiator,Abyss,7,146,136.4,78.8,0.055,0.8,57.1
42772,Xross,initiator,Ascent,6,125,143.7,74.3,0.096,0.571,50.0
42772,Xross,initiator,Bind,4,82,111.7,77.0,0.037,0.6,100.0
42772,Xross,initiator,Breeze,8,167,130.1,74.7,0.072,0.667,75.0
42772,Xross,initiator,Corrode,5,115,129.6,70.6,0.035,0.5,80.0
42772,Xross,initiator,Fracture,3,77,147.7,76.7,0.013,0.25,66.7
42772,Xross,initiator,Haven,14,283,134.3,73.6,0.092,0.667,57.1
42772,Xross,initiator,Lotus,3,60,112.2,66.9,0.033,0.25,0.0
42772,Xross,initiator,Pearl,3,63,138.2,77.8,0.048,0.429,100.0
42772,Xross,initiator,Split,11,240,129.3,75.9,0.054,0.481,54.5
42772,Xross,initiator,Summit,2,44,151.0,79.5,0.068,0.75,50.0
42772,Xross,initiator,Sunset,5,115,125.4,72.2,0.043,0.455,80.0
42901,thyy,duelist,Abyss,1,22,71.0,59.0,0.045,0.2,0.0
42901,thyy,duelist,Bind,1,15,106.0,33.0,0.067,0.25,0.0
42901,thyy,duelist,Breeze,1,23,75.0,61.0,0.087,0.333,0.0
42901,thyy,duelist,Corrode,2,33,114.0,81.9,0.061,0.4,50.0
42901,thyy,duelist,Haven,1,19,83.0,63.0,0.053,0.333,0.0
42901,thyy,duelist,Pearl,2,41,142.8,73.2,0.073,0.375,100.0
42901,thyy,duelist,Split,4,84,132.8,77.3,0.107,0.6,50.0
43007,qiutiaN,Flex,Abyss,4,83,114.7,68.3,0.079,0.294,25.0
43007,qiutiaN,Flex,Ascent,3,60,91.0,60.0,0.05,0.286,66.7
43007,qiutiaN,Flex,Bind,4,83,138.6,74.1,0.185,0.706,50.0
43007,qiutiaN,Flex,Breeze,8,162,118.2,67.1,0.071,0.571,50.0
43007,qiutiaN,Flex,Fracture,2,36,118.2,69.3,0.083,0.6,50.0
43007,qiutiaN,Flex,Haven,5,102,126.1,76.8,0.128,0.476,40.0
43007,qiutiaN,Flex,Lotus,6,132,123.6,74.4,0.076,0.556,66.7
43007,qiutiaN,Flex,Pearl,1,24,181.0,83.0,0.25,0.75,100.0
43007,qiutiaN,Flex,Split,6,124,119.2,64.5,0.056,0.412,33.3
43007,qiutiaN,Flex,Summit,4,93,96.0,68.1,0.065,0.3,50.0
43007,qiutiaN,Flex,Sunset,4,89,121.1,84.2,0.029,0.667,75.0
43057,DH,controller,Ascent,3,60,101.9,76.7,0.067,0.364,33.3
43057,DH,controller,Breeze,1,32,95.0,69.0,0.0,0.0,100.0
43057,DH,controller,Haven,3,65,134.6,75.2,0.154,0.625,66.7
43057,DH,controller,Split,1,26,109.0,69.0,0.077,0.5,0.0
43057,DH,controller,Sunset,2,44,96.6,70.2,0.068,0.75,50.0
44842,Jackk,initiator,Breeze,7,141,126.1,75.2,0.035,0.417,57.1
44842,Jackk,initiator,Haven,3,64,115.1,78.0,0.031,0.5,66.7
44842,Jackk,initiator,Lotus,5,104,111.1,69.1,0.038,0.5,0.0
44842,Jackk,initiator,Split,5,106,111.5,78.1,0.047,0.625,80.0
44842,Jackk,initiator,Summit,2,38,111.8,60.6,0.079,1.0,0.0
44842,Jackk,initiator,Sunset,3,64,110.1,72.1,0.047,0.333,0.0
45492,swagzor,duelist,Ascent,3,60,173.0,67.5,0.175,0.538,66.7
45492,swagzor,duelist,Bind,1,24,126.0,71.0,0.083,0.222,0.0
45492,swagzor,duelist,Breeze,6,121,139.8,70.4,0.099,0.28,66.7
45492,swagzor,duelist,Fracture,2,36,141.6,66.4,0.222,0.444,50.0
45492,swagzor,duelist,Haven,2,41,132.5,68.5,0.244,0.556,0.0
45492,swagzor,duelist,Lotus,6,132,169.8,69.2,0.258,0.63,66.7
45492,swagzor,duelist,Split,5,105,168.5,77.9,0.276,0.659,40.0
45492,swagzor,duelist,Summit,4,93,158.6,74.2,0.194,0.581,50.0
45492,swagzor,duelist,Sunset,4,89,128.9,66.5,0.203,0.438,75.0
45494,Proxh,controller,Ascent,3,57,102.8,77.0,0.035,0.5,33.3
45494,Proxh,controller,Haven,4,98,129.6,77.5,0.071,0.538,50.0
45494,Proxh,controller,Lotus,2,42,91.1,66.4,0.095,0.444,50.0
45494,Proxh,controller,Split,3,62,94.3,63.0,0.0,0.0,0.0
45494,Proxh,controller,Summit,1,22,124.0,50.0,0.0,0.0,0.0
45494,Proxh,controller,Sunset,4,86,116.7,78.1,0.058,0.455,50.0
46040,Youze,duelist,Bind,3,56,110.4,55.5,0.125,0.368,33.3
46040,Youze,duelist,Breeze,1,19,87.0,53.0,0.158,0.333,0.0
46040,Youze,duelist,Fracture,1,20,78.0,50.0,0.1,0.5,0.0
46040,Youze,duelist,Haven,2,45,109.7,71.5,0.178,0.667,100.0
46040,Youze,duelist,Lotus,5,97,111.7,65.4,0.09,0.318,80.0
46040,Youze,duelist,Pearl,1,16,155.0,63.0,0.063,0.333,0.0
46040,Youze,duelist,Split,2,40,116.0,71.0,0.095,0.333,50.0
46135,Zeus,duelist,Ascent,3,63,112.9,62.1,0.175,0.458,0.0
46135,Zeus,duelist,Breeze,4,78,158.0,75.6,0.192,0.484,25.0
46135,Zeus,duelist,Fracture,1,21,146.0,67.0,0.19,0.364,100.0
46135,Zeus,duelist,Haven,3,60,122.8,68.4,0.167,0.435,66.7
46135,Zeus,duelist,Lotus,1,24,192.0,83.0,0.208,0.556,0.0
46135,Zeus,duelist,Pearl,1,18,126.0,67.0,0.222,0.667,0.0
46135,Zeus,duelist,Split,4,90,139.5,81.2,0.156,0.438,25.0
46135,Zeus,duelist,Summit,4,90,168.1,76.7,0.244,0.564,25.0
46135,Zeus,duelist,Sunset,2,41,173.3,75.9,0.171,0.438,100.0
46460,Ezeir,controller,Abyss,1,18,144.0,67.0,0.167,0.75,100.0
46460,Ezeir,controller,Ascent,3,60,87.0,75.0,0.125,0.714,66.7
46460,Ezeir,controller,Bind,1,24,112.0,67.0,0.042,0.333,0.0
46460,Ezeir,controller,Breeze,6,121,141.7,67.6,0.07,0.556,66.7
46460,Ezeir,controller,Corrode,1,17,71.0,41.0,0.059,0.5,0.0
46460,Ezeir,controller,Fracture,2,36,157.1,74.8,0.028,1.0,50.0
46460,Ezeir,controller,Haven,3,57,142.2,75.4,0.088,0.556,0.0
46460,Ezeir,controller,Lotus,6,132,139.0,78.8,0.091,0.545,66.7
46460,Ezeir,controller,Pearl,2,54,103.0,63.0,0.042,0.25,0.0
46460,Ezeir,controller,Split,7,148,106.3,70.3,0.047,0.5,28.6
46460,Ezeir,controller,Summit,4,93,151.8,78.6,0.054,0.714,50.0
46460,Ezeir,controller,Sunset,4,89,136.0,74.1,0.043,0.375,75.0
46748,K1ra,Flex,Abyss,4,75,111.7,74.8,0.093,0.438,50.0
46748,K1ra,Flex,Ascent,3,65,131.9,81.6,0.123,0.667,66.7
46748,K1ra,Flex,Bind,7,146,140.0,67.1,0.096,0.368,42.9
46748,K1ra,Flex,Breeze,2,47,141.7,72.3,0.085,0.333,50.0
46748,K1ra,Flex,Corrode,2,43,108.6,81.6,0.07,0.6,50.0
46748,K1ra,Flex,Fracture,2,37,160.3,75.5,0.243,0.818,50.0
46748,K1ra,Flex,Haven,9,197,134.9,71.7,0.115,0.556,55.6
46748,K1ra,Flex,Lotus,11,234,147.1,73.3,0.112,0.522,72.7
46748,K1ra,Flex,Pearl,6,121,109.4,56.2,0.033,0.25,33.3
46748,K1ra,Flex,Split,17,351,146.3,69.9,0.135,0.481,58.8
46748,K1ra,Flex,Summit,6,125,121.5,79.5,0.133,0.55,50.0
46748,K1ra,Flex,Sunset,7,155,138.9,70.5,0.084,0.382,28.6
47629,Coco,controller,Abyss,1,23,,,,,0.0
47629,Coco,controller,Ascent,5,97,129.3,74.2,0.041,0.4,60.0
47629,Coco,controller,Bind,3,59,141.9,69.7,0.085,0.625,66.7
47629,Coco,controller,Breeze,9,220,140.6,72.3,0.073,0.444,33.3
47629,Coco,controller,Corrode,2,42,192.0,70.0,0.043,0.25,50.0
47629,Coco,controller,Fracture,6,125,120.0,73.5,0.072,0.5,50.0
47629,Coco,controller,Haven,9,191,130.4,75.9,0.039,0.429,44.4
47629,Coco,controller,Lotus,2,40,130.0,67.5,0.05,0.25,0.0
47629,Coco,controller,Pearl,1,21,137.0,71.0,0.0,0.0,100.0
47629,Coco,controller,Split,9,209,129.2,70.2,0.073,0.387,33.3
47629,Coco,controller,Summit,7,165,135.2,80.6,0.073,0.75,57.1
47629,Coco,controller,Sunset,8,166,117.0,69.2,0.042,0.5,0.0
48025,alym,duelist,Abyss,4,83,138.4,77.2,0.193,0.667,75.0
48025,alym,duelist,Bind,2,40,78.8,54.9,0.125,0.333,0.0
48025,alym,duelist,Breeze,8,160,133.0,66.9,0.169,0.458,50.0
48025,alym,duelist,Haven,8,177,133.1,70.8,0.186,0.541,37.5
48025,alym,duelist,Lotus,3,57,108.3,56.1,0.158,0.346,33.3
48025,alym,duelist,Pearl,5,97,147.8,67.1,0.144,0.412,60.0
48025,alym,duelist,Split,7,133,113.2,69.2,0.165,0.489,71.4
48431,Kippei,controller,Ascent,1,22,171.0,82.0,0.227,0.833,0.0
48431,Kippei,controller,Breeze,1,20,105.0,65.0,0.05,1.0,0.0
48431,Kippei,controller,Haven,1,21,108.0,81.0,0.095,1.0,100.0
48431,Kippei,controller,Lotus,1,26,122.0,77.0,0.077,0.5,100.0
48431,Kippei,controller,Split,1,20,100.0,60.0,0.05,0.25,0.0
48431,Kippei,controller,Summit,1,17,59.0,47.0,0.118,0.667,0.0
48439,Rimuru,duelist,Breeze,1,17,43.0,35.0,0.059,0.077,0.0
48439,Rimuru,duelist,Fracture,1,28,111.0,71.0,0.214,0.6,0.0
48439,Rimuru,duelist,Lotus,1,22,110.0,55.0,0.091,0.222,0.0
48439,Rimuru,duelist,Pearl,1,18,111.0,50.0,0.333,0.429,0.0
48439,Rimuru,duelist,Split,2,56,132.4,64.5,0.214,0.462,0.0
48516,doffy,duelist,Haven,1,24,118.0,54.0,0.25,0.5,0.0
48516,doffy,duelist,Split,1,22,166.0,73.0,0.091,0.5,100.0
48516,doffy,duelist,Summit,1,21,162.0,67.0,0.143,0.75,0.0
48516,doffy,duelist,Sunset,2,46,121.9,69.7,0.109,0.455,0.0
48878,rushia,Flex,Abyss,6,127,120.7,71.9,0.118,0.517,66.7
48878,rushia,Flex,Ascent,2,44,,55.0,0.05,0.5,50.0
48878,rushia,Flex,Bind,4,89,138.1,74.3,0.112,0.556,25.0
48878,rushia,Flex,Breeze,6,138,145.4,79.6,0.101,0.538,50.0
48878,rushia,Flex,Fracture,3,64,134.2,64.1,0.109,0.467,33.3
48878,rushia,Flex,Haven,7,150,130.0,60.6,0.099,0.371,42.9
48878,rushia,Flex,Lotus,8,159,133.4,70.8,0.083,0.632,50.0
48878,rushia,Flex,Pearl,6,115,137.5,80.2,0.096,0.524,83.3
48878,rushia,Flex,Split,10,213,130.9,63.4,0.131,0.568,20.0
48878,rushia,Flex,Summit,5,107,110.1,66.7,0.095,0.25,60.0
48878,rushia,Flex,Sunset,3,78,135.5,65.6,0.103,0.571,66.7
48925,Raxcal,sentinel,Ascent,3,61,113.3,69.0,0.066,0.308,33.3
48925,Raxcal,sentinel,Breeze,1,21,102.0,52.0,0.048,0.25,0.0
48925,Raxcal,sentinel,Haven,2,37,165.9,81.0,0.108,0.571,50.0
48925,Raxcal,sentinel,Lotus,2,39,114.5,61.3,0.103,0.8,50.0
48925,Raxcal,sentinel,Split,3,72,149.3,76.3,0.083,0.6,66.7
48925,Raxcal,sentinel,Summit,3,70,133.3,84.4,0.043,0.429,100.0
48925,Raxcal,sentinel,Sunset,5,121,110.0,76.0,0.066,0.533,60.0
49346,echo,Flex,Ascent,6,120,133.2,70.8,0.075,0.474,33.3
49346,echo,Flex,Bind,2,56,151.6,66.4,0.089,0.385,100.0
49346,echo,Flex,Breeze,2,49,163.4,63.4,0.163,0.533,50.0
49346,echo,Flex,Fracture,3,67,114.5,64.5,0.149,0.5,33.3
49346,echo,Flex,Haven,1,13,105.0,54.0,0.231,0.75,0.0
49346,echo,Flex,Lotus,12,263,125.8,67.1,0.133,0.583,50.0
49346,echo,Flex,Pearl,3,58,156.2,73.9,0.155,0.643,100.0
49346,echo,Flex,Split,9,193,141.9,71.6,0.098,0.404,55.6
49346,echo,Flex,Summit,1,30,164.0,63.0,0.133,0.8,100.0
49346,echo,Flex,Sunset,1,19,103.0,63.0,0.053,0.333,0.0
49476,zhe,duelist,Abyss,3,66,112.0,75.0,0.042,0.333,66.7
49476,zhe,duelist,Ascent,4,89,151.9,70.5,0.101,0.409,50.0
49476,zhe,duelist,Bind,4,92,121.9,71.8,0.13,0.343,50.0
49476,zhe,duelist,Breeze,8,172,139.0,75.6,0.15,0.543,37.5
49476,zhe,duelist,Corrode,4,76,92.8,69.3,0.077,0.3,25.0
49476,zhe,duelist,Fracture,4,89,135.8,75.3,0.18,0.615,50.0
49476,zhe,duelist,Haven,12,242,156.4,73.5,0.136,0.543,50.0
49476,zhe,duelist,Lotus,8,152,151.1,71.7,0.158,0.533,62.5
49476,zhe,duelist,Pearl,5,95,145.7,73.8,0.189,0.5,40.0
49476,zhe,duelist,Split,11,238,134.1,74.7,0.181,0.614,45.5
49476,zhe,duelist,Summit,6,119,130.2,73.8,0.109,0.371,33.3
49476,zhe,duelist,Sunset,4,91,137.0,62.6,0.165,0.469,25.0
49973,glacier,duelist,Ascent,3,62,153.4,66.2,0.161,0.385,66.7
49973,glacier,duelist,Bind,2,44,103.0,70.7,0.045,0.182,0.0
49973,glacier,duelist,Breeze,1,14,119.0,57.0,0.143,0.25,0.0
49973,glacier,duelist,Fracture,3,66,140.6,71.2,0.197,0.481,33.3
49973,glacier,duelist,Haven,5,110,127.4,62.8,0.227,0.526,20.0
49973,glacier,duelist,Lotus,11,237,138.4,67.8,0.204,0.484,27.3
49973,glacier,duelist,Pearl,1,19,141.0,79.0,0.263,0.5,100.0
49973,glacier,duelist,Split,2,33,161.0,78.8,0.242,0.533,50.0
49973,glacier,duelist,Summit,4,101,154.2,64.5,0.178,0.45,25.0
49973,glacier,duelist,Sunset,4,86,120.4,69.0,0.188,0.545,50.0
50025,Setrod,duelist,Ascent,4,82,177.1,72.6,0.242,0.682,50.0
50025,Setrod,duelist,Bind,3,66,138.8,71.1,0.167,0.55,0.0
50025,Setrod,duelist,Breeze,3,66,112.2,70.0,0.152,0.5,100.0
50025,Setrod,duelist,Fracture,2,37,113.6,65.0,0.135,0.417,50.0
50025,Setrod,duelist,Haven,2,37,149.0,70.0,0.0,0.0,0.0
50025,Setrod,duelist,Lotus,6,131,126.8,60.6,0.112,0.4,16.7
50025,Setrod,duelist,Pearl,7,134,120.9,76.5,0.102,0.5,57.1
50025,Setrod,duelist,Split,7,149,107.4,68.0,0.12,0.4,28.6
50025,Setrod,duelist,Summit,2,35,156.3,79.9,0.229,0.667,100.0
50025,Setrod,duelist,Sunset,5,104,145.1,75.9,0.24,0.658,60.0
51099,ZynX,duelist,Abyss,2,45,101.1,62.1,0.089,0.5,0.0
51099,ZynX,duelist,Bind,2,42,91.5,59.5,0.048,0.222,0.0
51099,ZynX,duelist,Breeze,4,87,157.6,69.0,0.149,0.619,75.0
51099,ZynX,duelist,Fracture,1,16,95.0,69.0,0.0,0.0,0.0
51099,ZynX,duelist,Haven,4,100,134.7,65.9,0.1,0.37,50.0
51099,ZynX,duelist,Lotus,1,16,144.0,94.0,0.188,0.6,100.0
51099,ZynX,duelist,Pearl,3,82,139.6,65.8,0.159,0.565,0.0
51099,ZynX,duelist,Split,1,17,75.0,47.0,0.0,0.0,0.0
51100,Flicker,duelist,Breeze,1,19,129.0,63.0,0.053,0.25,0.0
51100,Flicker,duelist,Haven,2,43,88.5,60.3,0.116,0.333,0.0
51100,Flicker,duelist,Split,1,24,108.0,67.0,0.125,0.6,0.0
51100,Flicker,duelist,Summit,3,53,109.5,73.5,0.113,0.545,66.7
51100,Flicker,duelist,Sunset,3,57,101.1,59.9,0.088,0.357,33.3
51238,yong,sentinel,Abyss,2,42,184.2,69.2,0.119,0.556,0.0
51238,yong,sentinel,Ascent,3,72,141.5,63.8,0.125,0.692,33.3
51238,yong,sentinel,Breeze,3,54,107.3,63.3,0.037,0.286,33.3
51238,yong,sentinel,Fracture,3,77,115.4,71.4,0.091,0.467,66.7
51238,yong,sentinel,Haven,6,118,137.1,71.1,0.119,0.5,83.3
51238,yong,sentinel,Lotus,8,193,136.7,70.5,0.14,0.6,50.0
51238,yong,sentinel,Pearl,3,65,114.0,72.1,0.092,0.333,66.7
51238,yong,sentinel,Split,2,33,112.4,69.8,0.061,0.4,50.0
51238,yong,sentinel,Sunset,3,67,151.4,70.4,0.09,0.5,66.7
51244,Jieni7,Flex,Ascent,4,92,144.8,61.6,0.132,0.6,50.0
51244,Jieni7,Flex,Bind,1,26,54.0,73.0,0.077,0.667,100.0
51244,Jieni7,Flex,Breeze,12,244,137.7,67.0,0.078,0.593,75.0
51244,Jieni7,Flex,Fracture,7,142,128.3,71.9,0.07,0.357,57.1
51244,Jieni7,Flex,Haven,9,186,105.4,68.0,0.054,0.391,55.6
51244,Jieni7,Flex,Lotus,9,181,105.5,70.8,0.072,0.481,55.6
51244,Jieni7,Flex,Pearl,3,65,121.9,66.2,0.062,0.4,66.7
51244,Jieni7,Flex,Split,10,211,116.0,71.1,0.052,0.344,60.0
51244,Jieni7,Flex,Summit,1,22,114.0,82.0,0.0,0.0,0.0
51244,Jieni7,Flex,Sunset,5,113,113.4,73.5,0.053,0.429,60.0
51249,FKEY,initiator,Ascent,6,122,140.8,76.6,0.192,0.789,33.3
51249,FKEY,initiator,Breeze,4,82,96.7,65.6,0.053,0.333,25.0
51249,FKEY,initiator,Lotus,5,111,124.1,67.6,0.063,0.583,60.0
51249,FKEY,initiator,Split,4,94,89.3,56.5,0.021,0.154,50.0
51249,FKEY,initiator,Summit,3,63,149.9,65.4,0.19,0.5,33.3
51249,FKEY,initiator,Sunset,9,203,93.6,62.9,0.109,0.5,55.6
51250,Ying,Flex,Ascent,1,15,123.0,,0.133,0.667,0.0
51250,Ying,Flex,Breeze,1,23,191.0,70.0,0.217,0.714,0.0
51250,Ying,Flex,Summit,1,30,101.0,70.0,0.033,0.333,0.0
51250,Ying,Flex,Sunset,2,44,137.9,63.5,0.023,0.2,50.0
52101,Bai,Flex,Ascent,3,65,111.3,64.5,0.077,0.833,66.7
52101,Bai,Flex,Fracture,1,17,133.0,88.0,0.059,0.25,100.0
52101,Bai,Flex,Haven,6,129,126.7,79.2,0.085,0.391,33.3
52101,Bai,Flex,Lotus,5,117,100.0,67.4,0.06,0.389,60.0
52101,Bai,Flex,Split,8,173,129.8,67.4,0.067,0.526,62.5
52101,Bai,Flex,Summit,6,125,123.6,71.0,0.084,0.583,50.0
52101,Bai,Flex,Sunset,7,155,123.0,68.9,0.071,0.5,28.6
52904,Akeman,duelist,Abyss,3,62,88.9,49.8,0.081,0.238,0.0
52904,Akeman,duelist,Ascent,1,15,180.0,,0.267,0.8,0.0
52904,Akeman,duelist,Bind,1,28,136.0,64.0,0.179,0.556,0.0
52904,Akeman,duelist,Breeze,2,44,94.3,63.5,0.159,0.438,50.0
52904,Akeman,duelist,Corrode,4,84,121.0,63.2,0.202,0.548,50.0
52904,Akeman,duelist,Pearl,2,34,131.4,70.9,0.176,0.462,50.0
52904,Akeman,duelist,Split,3,62,153.1,79.0,0.21,0.565,66.7
52904,Akeman,duelist,Summit,1,30,163.0,80.0,0.167,0.455,0.0
52904,Akeman,duelist,Sunset,2,44,118.6,68.6,0.159,0.389,50.0
54487,Xlele,duelist,Ascent,5,102,120.5,55.2,0.159,0.565,40.0
54487,Xlele,duelist,Bind,3,68,122.2,73.6,0.147,0.526,33.3
54487,Xlele,duelist,Breeze,6,132,145.3,75.8,0.144,0.528,83.3
54487,Xlele,duelist,Fracture,1,21,115.0,76.0,0.0,0.0,0.0
54487,Xlele,duelist,Haven,1,26,117.0,69.0,0.115,0.5,0.0
54487,Xlele,duelist,Lotus,11,230,135.4,71.8,0.102,0.576,36.4
54487,Xlele,duelist,Split,6,126,132.7,68.9,0.131,0.458,33.3
54487,Xlele,duelist,Summit,2,35,136.5,74.5,0.086,0.5,100.0
54487,Xlele,duelist,Sunset,5,104,126.3,71.4,0.125,0.448,60.0
55038,Au1,controller,Abyss,4,75,109.3,68.0,0.107,0.533,50.0
55038,Au1,controller,Bind,3,69,137.6,74.0,0.014,1.0,66.7
55038,Au1,controller,Corrode,2,43,105.8,65.2,0.07,0.375,50.0
55038,Au1,controller,Haven,1,23,134.0,74.0,0.087,0.667,100.0
55038,Au1,controller,Pearl,4,86,136.9,58.9,0.054,0.5,50.0
55038,Au1,controller,Split,6,120,127.1,68.1,0.07,0.368,66.7
55085,Erv,controller,Abyss,2,44,136.7,72.0,0.045,0.4,50.0
55085,Erv,controller,Ascent,3,62,91.9,69.3,0.048,0.5,33.3
55085,Erv,controller,Bind,6,130,108.9,72.2,0.085,0.5,66.7
55085,Erv,controller,Breeze,9,182,142.9,78.0,0.049,0.5,66.7
55085,Erv,controller,Corrode,4,83,119.9,74.8,0.036,0.375,50.0
55085,Erv,controller,Fracture,4,79,152.3,79.6,0.165,0.65,75.0
55085,Erv,controller,Haven,9,182,150.1,71.6,0.067,0.379,55.6
55085,Erv,controller,Lotus,4,85,131.7,77.2,0.115,0.583,50.0
55085,Erv,controller,Pearl,6,119,147.3,72.6,0.117,0.571,16.7
55085,Erv,controller,Split,13,313,135.9,74.3,0.083,0.564,69.2
55085,Erv,controller,Summit,5,104,125.3,79.0,0.01,0.125,80.0
55085,Erv,controller,Sunset,6,125,111.3,79.8,0.064,0.615,100.0
55681,kozzy,duelist,Abyss,3,72,177.2,75.0,0.208,0.682,66.7
55681,kozzy,duelist,Haven,2,47,149.8,65.8,0.128,0.462,50.0
55681,kozzy,duelist,Lotus,6,116,147.3,67.3,0.121,0.483,50.0
55681,kozzy,duelist,Split,2,46,164.0,69.5,0.13,0.429,100.0
55681,kozzy,duelist,Summit,2,41,188.6,70.7,0.22,0.5,50.0
55694,hezacoil,controller,Abyss,2,48,78.0,75.0,0.042,0.333,50.0
55694,hezacoil,controller,Ascent,2,46,138.4,78.2,0.109,0.5,100.0
55694,hezacoil,controller,Haven,1,23,137.0,91.0,0.174,0.667,0.0
55694,hezacoil,controller,Lotus,3,72,135.8,68.3,0.083,0.5,33.3
55694,hezacoil,controller,Split,4,84,135.9,78.7,0.095,0.615,75.0
55694,hezacoil,controller,Summit,3,64,104.5,70.1,0.078,0.556,66.7
55694,hezacoil,controller,Sunset,1,15,158.0,80.0,0.133,0.5,100.0
55817,Verse,controller,Ascent,3,55,105.0,73.0,0.055,0.375,66.7
55817,Verse,controller,Breeze,2,53,133.0,71.8,0.075,0.4,50.0
55817,Verse,controller,Haven,7,159,89.6,70.9,0.044,0.462,42.9
55817,Verse,controller,Lotus,5,111,114.6,76.8,0.011,0.143,20.0
55817,Verse,controller,Split,2,45,,75.3,0.044,0.5,100.0
55817,Verse,controller,Summit,3,69,123.5,73.7,0.058,0.333,33.3
55817,Verse,controller,Sunset,3,69,127.9,81.0,0.064,1.0,66.7
55823,Ben1Ley,duelist,Bind,1,18,38.0,61.0,0.0,0.0,0.0
55823,Ben1Ley,duelist,Fracture,2,37,107.7,67.3,0.108,0.364,50.0
55823,Ben1Ley,duelist,Lotus,2,42,127.0,62.0,0.095,0.4,0.0
55823,Ben1Ley,duelist,Pearl,4,78,151.2,75.9,0.103,0.471,75.0
55823,Ben1Ley,duelist,Split,4,87,132.6,63.8,0.164,0.455,50.0
56260,bud,initiator,Abyss,6,127,117.2,67.1,0.016,0.154,66.7
56260,bud,initiator,Bind,2,49,84.2,71.5,0.02,0.167,50.0
56260,bud,initiator,Breeze,3,68,103.2,72.0,0.029,0.2,100.0
56260,bud,initiator,Haven,2,45,139.3,73.4,0.089,0.667,0.0
56260,bud,initiator,Pearl,3,68,104.6,66.1,0.059,0.4,66.7
56260,bud,initiator,Split,4,78,116.9,59.2,0.013,0.125,25.0
56305,Folykiki,duelist,Ascent,1,21,100.0,57.0,0.143,0.429,0.0
56305,Folykiki,duelist,Haven,1,24,180.0,75.0,0.125,0.6,100.0
56305,Folykiki,duelist,Lotus,1,19,109.0,58.0,0.211,0.8,0.0
56305,Folykiki,duelist,Summit,1,30,132.0,53.0,0.2,0.5,0.0
56305,Folykiki,duelist,Sunset,1,24,114.0,79.0,0.125,0.5,0.0
57336,Jamelinho213,duelist,Ascent,2,36,174.3,58.3,0.194,0.5,50.0
57336,Jamelinho213,duelist,Haven,2,42,132.0,74.0,0.214,0.5,100.0
57336,Jamelinho213,duelist,Lotus,4,85,162.3,79.9,0.224,0.576,75.0
57336,Jamelinho213,duelist,Split,3,58,146.1,65.6,0.207,0.571,66.7
57336,Jamelinho213,duelist,Summit,1,22,97.0,50.0,0.227,0.417,0.0
58008,Tonk,sentinel,Ascent,1,15,135.0,,0.133,0.667,0.0
58008,Tonk,sentinel,Breeze,1,23,197.0,65.0,0.174,0.8,0.0
58008,Tonk,sentinel,Summit,1,30,109.0,63.0,0.067,0.4,0.0
58008,Tonk,sentinel,Sunset,2,44,138.4,73.0,0.114,0.556,50.0
58009,Krst1Ng,controller,Ascent,1,15,51.0,,0.0,0.0,0.0
58009,Krst1Ng,controller,Breeze,1,23,79.0,65.0,0.043,1.0,0.0
58009,Krst1Ng,controller,Summit,1,30,123.0,77.0,0.067,0.333,0.0
58009,Krst1Ng,controller,Sunset,2,44,134.6,68.3,0.159,0.636,50.0
58496,Kachoww,duelist,Abyss,2,48,196.0,79.0,0.333,0.727,50.0
58496,Kachoww,duelist,Ascent,2,46,166.7,80.3,0.109,0.455,100.0
58496,Kachoww,duelist,Haven,1,23,137.0,57.0,0.087,0.286,0.0
58496,Kachoww,duelist,Lotus,3,72,141.6,72.3,0.208,0.833,33.3
58496,Kachoww,duelist,Split,4,84,158.4,75.1,0.155,0.591,75.0
58496,Kachoww,duelist,Summit,3,64,162.4,76.8,0.172,0.5,66.7
58496,Kachoww,duelist,Sunset,1,15,310.0,93.0,0.133,0.667,100.0
58959,iamgrq,controller,Abyss,4,75,134.9,73.5,0.08,0.462,50.0
58959,iamgrq,controller,Ascent,3,65,160.7,78.3,0.092,0.667,66.7
58959,iamgrq,controller,Bind,7,146,128.7,78.0,0.048,0.368,42.9
58959,iamgrq,controller,Breeze,2,47,141.7,69.8,0.128,0.667,50.0
58959,iamgrq,controller,Corrode,2,43,116.5,79.3,0.116,0.714,50.0
58959,iamgrq,controller,Fracture,2,37,125.6,78.3,0.081,0.375,50.0
58959,iamgrq,controller,Haven,9,197,118.9,75.2,0.092,0.552,55.6
58959,iamgrq,controller,Lotus,11,234,125.8,73.6,0.07,0.455,72.7
58959,iamgrq,controller,Pearl,6,121,108.0,66.0,0.132,0.429,33.3
58959,iamgrq,controller,Split,17,351,119.8,75.5,0.042,0.343,58.8
58959,iamgrq,controller,Summit,6,125,140.8,78.5,0.06,0.556,50.0
58959,iamgrq,controller,Sunset,7,155,114.5,70.8,0.045,0.318,28.6
60576,Ray,controller,Abyss,1,24,174.0,75.0,0.083,0.667,0.0
60576,Ray,controller,Ascent,3,57,122.1,56.3,0.07,0.4,33.3
60576,Ray,controller,Breeze,1,26,162.0,85.0,0.154,0.8,100.0
60576,Ray,controller,Haven,2,41,211.3,80.5,0.122,0.556,100.0
60576,Ray,controller,Lotus,1,23,148.0,74.0,0.174,1.0,0.0
60576,Ray,controller,Split,1,23,85.0,78.0,0.174,0.444,100.0
60576,Ray,controller,Sunset,2,40,131.2,77.2,0.1,0.667,50.0
62291,Xiesta,duelist,Abyss,1,24,143.0,71.0,0.125,0.375,0.0
62291,Xiesta,duelist,Ascent,3,57,139.1,65.2,0.158,0.474,33.3
62291,Xiesta,duelist,Breeze,1,26,139.0,65.0,0.269,0.5,100.0
62291,Xiesta,duelist,Haven,2,41,162.3,95.0,0.073,0.6,100.0
62291,Xiesta,duelist,Lotus,1,23,165.0,57.0,0.043,0.2,0.0
62291,Xiesta,duelist,Split,1,23,226.0,87.0,0.261,0.857,100.0
62291,Xiesta,duelist,Sunset,2,40,124.3,62.2,0.175,0.583,50.0
62402,KiTae,controller,Breeze,1,20,82.0,70.0,0.15,1.0,0.0
62402,KiTae,controller,Haven,1,16,174.0,88.0,0.063,0.333,100.0
62402,KiTae,controller,Lotus,2,60,98.0,63.4,0.1,0.375,50.0
62402,KiTae,controller,Pearl,1,23,65.0,78.0,0.0,0.0,0.0
62402,KiTae,controller,Split,1,24,113.0,67.0,0.042,0.5,0.0
62947,yilai,duelist,Bind,2,40,119.5,77.5,0.125,0.333,0.0
62947,yilai,duelist,Breeze,2,49,142.1,63.3,0.184,0.529,0.0
62947,yilai,duelist,Fracture,3,64,148.2,71.9,0.063,0.364,33.3
62947,yilai,duelist,Haven,1,17,113.0,71.0,0.118,0.333,100.0
62947,yilai,duelist,Lotus,2,41,129.3,63.2,0.098,0.571,50.0
62947,yilai,duelist,Pearl,3,47,148.3,72.7,0.191,0.5,100.0
63107,ra1ny,duelist,Ascent,4,77,132.3,67.6,0.143,0.306,75.0
63107,ra1ny,duelist,Breeze,1,22,102.0,59.0,0.136,0.375,0.0
63107,ra1ny,duelist,Haven,2,40,177.6,60.1,0.225,0.6,50.0
63107,ra1ny,duelist,Split,2,47,174.0,71.0,0.25,0.6,50.0
63107,ra1ny,duelist,Summit,5,116,148.3,66.3,0.133,0.448,60.0
63107,ra1ny,duelist,Sunset,6,131,159.0,66.3,0.183,0.453,0.0
64029,FT,duelist,Ascent,2,44,,60.0,0.1,0.667,50.0
64029,FT,duelist,Breeze,1,21,,67.0,0.095,0.667,0.0
64029,FT,duelist,Haven,4,88,121.8,72.3,0.029,0.2,50.0
64029,FT,duelist,Lotus,6,118,136.7,67.0,0.146,0.484,50.0
64029,FT,duelist,Split,6,135,102.2,56.8,0.088,0.526,16.7
64029,FT,duelist,Summit,5,107,108.2,76.3,0.032,0.5,60.0
64029,FT,duelist,Sunset,3,78,98.2,61.7,0.077,0.353,66.7
64849,Sharks,duelist,Breeze,1,21,,71.0,0.381,0.667,100.0
64849,Sharks,duelist,Lotus,1,26,,69.0,0.077,0.25,100.0
64969,crownfisher,controller,Ascent,4,89,95.9,63.0,0.056,0.333,50.0
64969,crownfisher,controller,Breeze,7,151,123.0,70.7,0.094,0.526,42.9
64969,crownfisher,controller,Haven,1,20,,,,,0.0
64969,crownfisher,controller,Lotus,4,83,133.4,69.9,0.06,0.455,100.0
64969,crownfisher,controller,Split,8,173,126.1,70.6,0.029,0.25,37.5
64969,crownfisher,controller,Summit,6,119,107.3,72.3,0.042,0.455,33.3
64969,crownfisher,controller,Sunset,4,91,127.8,69.4,0.077,0.467,25.0
